bill_id,roll_call_id,date,chamber,description,yea,nay,nv,absent,total
2044042,1613154,2026-01-12,Senate,"Senate Judiciary",9,1,0,1,11
2044042,1614522,2026-01-20,Senate,"Senate Community Affairs",8,0,0,0,8
2044043,1609433,2025-11-18,Senate,"Senate Criminal Justice",8,0,0,0,8
2044043,1615336,2026-01-21,Senate,"Senate Appropriations Committee on Criminal and Civil Justice",8,0,0,0,8
2044044,1609114,2025-11-04,Senate,"Senate Community Affairs",7,0,0,0,7
2044045,1609939,2025-12-03,House,"House Natural Resources & Disasters Subcommittee",14,1,0,3,18
2044045,1617423,2026-01-27,House,"House State Affairs Committee",25,0,0,1,26
2044047,1613223,2026-01-12,Senate,"Senate Judiciary",9,1,0,1,11
2044047,1614891,2026-01-20,Senate,"Senate Community Affairs",8,0,0,0,8
2044049,1613173,2026-01-12,Senate,"Senate Children, Families, and Elder Affairs",6,0,0,0,6
2044051,1609440,2025-11-18,Senate,"Senate Health Policy",8,0,0,2,10
2044057,1613224,2026-01-12,Senate,"Senate Judiciary",9,1,0,1,11
2044057,1614407,2026-01-20,Senate,"Senate Community Affairs",8,0,0,0,8
2044095,1609018,2025-11-04,Senate,"Senate Community Affairs",7,0,0,0,7
2044095,1613857,2026-01-14,Senate,"Senate Appropriations Committee on Transportation, Tourism, and Economic Development",13,0,0,1,14
2044095,1617472,2026-01-27,Senate,"Senate Rules",22,0,0,2,24
2044098,1610231,2025-12-09,House,"House Health Professions & Programs Subcommittee",15,0,0,2,17
2044114,1613891,2026-01-14,House,"House Criminal Justice Subcommittee",17,0,0,0,17
2044116,1610239,2025-12-09,House,"House Health Professions & Programs Subcommittee",15,0,0,2,17
2044116,1613862,2026-01-14,House,"House Health Care Budget Subcommittee",13,0,0,2,15
2044116,1615041,2026-01-21,House,"House Health & Human Services Committee",25,0,0,1,26
2044118,1613150,2026-01-12,Senate,"Senate Criminal Justice",8,0,0,0,8
2044121,1609075,2025-11-05,House,"House Criminal Justice Subcommittee",16,0,0,1,17
2044121,1615897,2026-01-22,House,"House Judiciary Committee",20,1,0,0,21
2044230,1614774,2026-01-20,House,"House Economic Infrastructure Subcommittee",16,0,0,1,17
2044243,1609548,2025-11-18,House,"House Intergovernmental Affairs Subcommittee",15,0,0,2,17
2044243,1609883,2025-12-02,House,"House Criminal Justice Subcommittee",13,0,0,5,18
2044243,1615827,2026-01-22,House,"House State Affairs Committee",23,0,0,3,26
2044253,1613133,2026-01-12,Senate,"Senate Criminal Justice",8,0,0,0,8
2044253,1614463,2026-01-20,Senate,"Senate Judiciary",9,0,0,2,11
2044390,1610211,2025-12-09,Senate,"Senate Criminal Justice",5,1,0,2,8
2044390,1614213,2026-01-14,Senate,"Senate Appropriations Committee on Criminal and Civil Justice",6,1,0,1,8
2044632,1609556,2025-11-18,Senate,"Senate Agriculture",5,0,0,0,5
2044634,1610307,2025-12-09,Senate,"Senate Governmental Oversight and Accountability",8,0,0,1,9
2044637,1609644,2025-11-19,Senate,"Senate Ethics and Elections",7,0,0,1,8
2044637,1609884,2025-12-02,Senate,"Senate Judiciary",10,0,0,1,11
2044637,1617470,2026-01-27,Senate,"Senate Rules",21,0,0,3,24
2044896,1609454,2025-11-18,Senate,"Senate Health Policy",8,0,0,2,10
2044907,1615363,2026-01-21,House,"House Government Operations Subcommittee",16,1,0,1,18
2044907,1617430,2026-01-27,House,"House State Affairs Committee",20,4,0,2,26
2044915,1609528,2025-11-18,House,"House Criminal Justice Subcommittee",16,0,0,3,19
2044980,1609482,2025-11-18,Senate,"Senate Community Affairs",5,0,0,2,7
2044992,1603967,2025-10-15,House,"House Civil Justice & Claims Subcommittee",16,2,0,0,18
2044992,1609643,2025-11-19,House,"House Judiciary Committee",17,1,0,4,22
2044992,1614049,2025-10-15,House,"House Civil Justice & Claims Subcommittee",16,2,0,0,18
2044992,1614050,2025-11-19,House,"House Judiciary Committee",17,1,0,4,22
2044992,1614089,2026-01-15,House,"House: Third Reading RCS#450",88,17,12,0,117
2045011,1609526,2025-11-18,House,"House Intergovernmental Affairs Subcommittee",12,3,0,2,17
2045011,1609935,2025-12-02,House,"House Industries & Professional Activities Subcommittee",15,1,0,1,17
2045013,1610306,2025-12-10,House,"House Ways & Means Committee",17,0,0,3,20
2045013,1613868,2026-01-14,House,"House Intergovernmental Affairs Subcommittee",14,0,0,3,17
2045013,1615951,2026-01-22,House,"House State Affairs Committee",23,0,0,3,26
2045029,1619315,2026-01-27,Senate,"Senate Transportation",6,3,0,0,9
2045032,1609062,2025-11-05,House,"House Criminal Justice Subcommittee",11,5,0,1,17
2045076,1618744,2026-01-28,House,"House Human Services Subcommittee",14,0,0,3,17
2045243,1610208,2025-12-09,Senate,"Senate Governmental Oversight and Accountability",8,0,0,1,9
2045243,1613586,2026-01-13,Senate,"Senate Ethics and Elections",8,0,0,0,8
2045548,1608999,2025-11-04,Senate,"Senate Military and Veterans Affairs, Space, and Domestic Security",4,1,0,0,5
2045558,1613925,2026-01-14,House,"House Civil Justice & Claims Subcommittee",17,0,0,0,17
2045754,1609565,2025-11-18,House,"House Industries & Professional Activities Subcommittee",11,0,0,8,19
2045754,1610365,2025-12-11,House,"House Commerce Committee",20,0,0,7,27
2045758,1608996,2025-11-04,Senate,"Senate Judiciary",8,1,0,2,11
2045760,1610314,2025-12-10,House,"House Government Operations Subcommittee",14,0,0,5,19
2045763,1610366,2025-12-09,House,"House Health Professions & Programs Subcommittee",16,0,0,1,17
2045763,1613869,2026-01-14,House,"House Health Care Budget Subcommittee",13,0,0,2,15
2045763,1614969,2026-01-21,House,"House Health & Human Services Committee",25,0,0,1,26
2045839,1618753,2026-01-28,Senate,"Senate Finance and Tax",8,0,0,0,8
2045845,1618262,2026-01-28,House,"House Criminal Justice Subcommittee",17,0,0,0,17
2045859,1609733,2025-11-18,House,"House Housing, Agriculture & Tourism Subcommittee",16,0,0,1,17
2045859,1610439,2025-12-11,House,"House Intergovernmental Affairs Subcommittee",14,0,0,3,17
2045867,1609924,2025-12-02,House,"House Health Care Facilities & Systems Subcommittee",15,0,0,3,18
2045879,1609536,2025-11-18,Senate,"Senate Community Affairs",5,0,0,2,7
2045881,1610242,2025-12-09,Senate,"Senate Community Affairs",5,1,0,1,7
2045890,1615138,2026-01-21,House,"House Civil Justice & Claims Subcommittee",16,0,0,1,17
2045890,1617992,2026-01-28,House,"House Intergovernmental Affairs Subcommittee",12,0,0,5,17
2045893,1610291,2025-12-10,House,"House Ways & Means Committee",11,6,0,3,20
2045893,1614739,2026-01-20,House,"House Intergovernmental Affairs Subcommittee",10,6,0,1,17
2045897,1613707,2026-01-13,House,"House Government Operations Subcommittee",15,0,0,3,18
2045899,1610374,2025-12-09,Senate,"Senate Regulated Industries",9,0,0,0,9
2045909,1610243,2025-12-09,Senate,"Senate Education Pre-K - 12",6,0,0,2,8
2045909,1619011,2026-01-28,Senate,"Senate Appropriations Committee on Pre-K - 12 Education",10,0,0,0,10
2045920,1617048,2026-01-26,Senate,"Senate Criminal Justice",7,0,0,1,8
2045926,1609049,2025-11-05,House,"House Education & Employment Committee",19,0,0,2,21
2045926,1609969,2025-12-04,House,"House Health & Human Services Committee",20,0,0,6,26
2045926,1614186,2026-01-15,House,"House: Third Reading RCS#453",107,1,9,0,117
2045933,1615179,2026-01-21,House,"House Government Operations Subcommittee",13,5,0,0,18
2045968,1609956,2025-12-02,House,"House Education Administration Subcommittee",14,2,0,1,17
2045968,1613662,2026-01-13,House,"House PreK-12 Budget Subcommittee",13,0,0,2,15
2045984,1609549,2025-11-18,House,"House Student Academic Success Subcommittee",14,0,0,4,18
2045984,1615874,2026-01-22,House,"House Education & Employment Committee",17,0,0,4,21
2045999,1617549,2026-01-27,Senate,"Senate Judiciary",9,1,0,1,11
2046000,1615510,2026-01-21,House,"House Civil Justice & Claims Subcommittee",16,0,0,1,17
2046000,1617444,2026-01-27,House,"House Judiciary Committee",20,0,0,1,21
2046001,1609522,2025-11-18,House,"House Criminal Justice Subcommittee",11,5,0,3,19
2046001,1609872,2025-12-02,House,"House Judiciary Committee",13,7,0,1,21
2046001,1614182,2026-01-15,House,"House: Third Reading RCS#451",74,37,6,0,117
2046016,1615168,2026-01-21,House,"House Civil Justice & Claims Subcommittee",16,0,0,1,17
2046058,1609432,2025-11-18,Senate,"Senate Health Policy",8,0,0,2,10
2046073,1609121,2025-11-04,Senate,"Senate Environment and Natural Resources",6,0,0,2,8
2046123,1610217,2025-12-09,Senate,"Senate Criminal Justice",5,1,0,2,8
2046123,1614200,2026-01-14,Senate,"Senate Appropriations Committee on Criminal and Civil Justice",6,1,0,1,8
2046123,1617448,2026-01-27,Senate,"Senate Rules",19,3,0,2,24
2046123,1619022,2026-01-29,Senate,"Senate: Third Reading RCS#2",31,4,0,4,39
2046180,1609059,2025-11-05,House,"House Civil Justice & Claims Subcommittee",16,1,0,1,18
2046180,1609952,2025-12-03,House,"House Budget Committee",22,2,0,6,30
2046180,1610356,2025-12-11,House,"House Judiciary Committee",12,2,0,7,21
2046180,1614121,2026-01-15,House,"House: Third Reading RCS#447",104,7,6,0,117
2046195,1609899,2025-12-02,House,"House Health Care Facilities & Systems Subcommittee",12,3,0,3,18
2046199,1614781,2026-01-20,Senate,"Senate Health Policy",10,1,0,0,11
2046203,1609006,2025-11-04,Senate,"Senate Judiciary",5,4,0,2,11
2046203,1619162,2026-01-28,Senate,"Senate Appropriations Committee on Criminal and Civil Justice",5,3,0,0,8
2046251,1619475,2026-01-29,House,"House Education Administration Subcommittee",18,0,0,0,18
2046262,1610220,2025-12-09,Senate,"Senate Criminal Justice",6,0,0,2,8
2046262,1614738,2026-01-20,Senate,"Senate Community Affairs",8,0,0,0,8
2046262,1617624,2026-01-27,Senate,"Senate Rules",22,0,0,2,24
2046262,1619348,2026-01-29,Senate,"Senate: Third Reading RCS#3",35,0,0,4,39
2046283,1615027,2026-01-20,Senate,"Senate Education Pre-K - 12",8,0,0,0,8
2046311,1609042,2025-11-05,House,"House Judiciary Committee",21,0,0,0,21
2046311,1609641,2025-11-19,House,"House State Affairs Committee",18,7,0,1,26
2046311,1614081,2026-01-15,House,"House: Third Reading RCS#446",87,24,6,0,117
2046311,1617585,2026-01-27,Senate,"Senate Rules",22,0,0,2,24
2046338,1613204,2026-01-12,Senate,"Senate Transportation",6,3,0,0,9
2046396,1619435,2026-01-29,House,"House Civil Justice & Claims Subcommittee",16,0,0,1,17
2046410,1613702,2026-01-13,Senate,"Senate Education Postsecondary",6,0,0,0,6
2046410,1619176,2026-01-28,Senate,"Senate Appropriations Committee on Higher Education",5,0,0,2,7
2046457,1614609,2026-01-20,Senate,"Senate Health Policy",10,0,0,1,11
2046457,1617495,2026-01-27,Senate,"Senate Judiciary",10,0,0,1,11
2046458,1610210,2025-12-09,Senate,"Senate Governmental Oversight and Accountability",5,2,0,2,9
2046458,1614950,2026-01-21,Senate,"Senate Education Postsecondary",4,2,0,0,6
2046466,1613944,2026-01-14,House,"House Criminal Justice Subcommittee",17,0,0,0,17
2046466,1617810,2026-01-27,House,"House Budget Committee",29,0,0,1,30
2046484,1619056,2026-01-28,Senate,"Senate Banking and Insurance",10,0,0,0,10
2046495,1617855,2026-01-27,House,"House Health & Human Services Committee",19,7,0,0,26
2046535,1617724,2026-01-27,Senate,"Senate Regulated Industries",9,0,0,0,9
2046555,1610275,2025-12-09,Senate,"Senate Regulated Industries",9,0,0,0,9
2046578,1613836,2026-01-13,Senate,"Senate Education Pre-K - 12",6,0,0,2,8
2046578,1619062,2026-01-28,Senate,"Senate Appropriations Committee on Pre-K - 12 Education",10,0,0,0,10
2046598,1609542,2025-11-18,House,"House Industries & Professional Activities Subcommittee",13,0,0,6,19
2046598,1613895,2026-01-14,House,"House Criminal Justice Subcommittee",13,4,0,0,17
2046620,1609453,2025-11-18,House,"House Housing, Agriculture & Tourism Subcommittee",12,4,0,1,17
2046620,1610363,2025-12-11,House,"House Commerce Committee",15,5,0,7,27
2046620,1610441,2025-11-18,House,"House Housing, Agriculture & Tourism Subcommittee",12,4,0,1,17
2046620,1610442,2025-12-11,House,"House Commerce Committee",15,5,0,7,27
2046646,1614946,2026-01-21,Senate,"Senate Commerce and Tourism",10,0,0,0,10
2046664,1610303,2025-12-10,Senate,"Senate Commerce and Tourism",6,2,0,2,10
2046664,1615195,2026-01-21,Senate,"Senate Appropriations Committee on Transportation, Tourism, and Economic Development",9,5,0,0,14
2046668,1614671,2026-01-20,Senate,"Senate Criminal Justice",7,1,0,0,8
2046674,1609599,2025-11-18,Senate,"Senate Criminal Justice",8,0,0,0,8
2046674,1615107,2026-01-21,Senate,"Senate Appropriations Committee on Criminal and Civil Justice",8,0,0,0,8
2046684,1609093,2025-11-05,House,"House Criminal Justice Subcommittee",17,0,0,0,17
2046684,1610389,2025-12-11,House,"House Judiciary Committee",14,0,0,7,21
2046686,1617642,2026-01-27,Senate,"Senate Community Affairs",8,0,0,0,8
2046689,1609748,2025-11-20,House,"House Select Committee on Property Taxes",24,10,0,3,37
2046689,1616022,2026-01-22,House,"House State Affairs Committee",17,7,0,2,26
2046689,1617615,2026-01-27,House,"House Ways & Means Committee",11,4,0,4,19
2046691,1609747,2025-11-20,House,"House Select Committee on Property Taxes",24,10,0,3,37
2046695,1609064,2025-11-05,House,"House Industries & Professional Activities Subcommittee",12,4,0,2,18
2046695,1610368,2025-12-11,House,"House Commerce Committee",16,5,0,6,27
2046695,1614211,2026-01-15,House,"House: Third Reading RCS#452",80,30,7,0,117
2046697,1609754,2025-11-20,House,"House Select Committee on Property Taxes",24,10,0,3,37
2046697,1614090,2026-01-15,House,"House State Affairs Committee",16,6,0,4,26
2046697,1615716,2026-01-22,House,"House Ways & Means Committee",11,5,0,3,19
2046697,1616516,2026-01-22,House,"House Ways & Means Committee",11,5,0,3,19
2046698,1609537,2025-11-18,Senate,"Senate Community Affairs",5,0,0,2,7
2046698,1613139,2026-01-12,Senate,"Senate Judiciary",10,0,0,1,11
2046701,1609734,2025-11-20,House,"House Select Committee on Property Taxes",24,10,0,3,37
2046701,1609852,2025-12-02,House,"House State Affairs Committee",18,7,0,2,27
2046703,1609765,2025-11-20,House,"House Select Committee on Property Taxes",23,10,0,4,37
2046703,1609854,2025-12-02,House,"House State Affairs Committee",18,6,0,3,27
2046707,1609645,2025-11-18,House,"House Intergovernmental Affairs Subcommittee",15,0,0,2,17
2046707,1610396,2025-12-10,House,"House Government Operations Subcommittee",14,0,0,5,19
2046707,1616281,2026-01-22,House,"House State Affairs Committee",23,0,0,3,26
2046711,1609744,2025-11-20,House,"House Select Committee on Property Taxes",24,10,0,3,37
2046711,1609869,2025-12-02,House,"House State Affairs Committee",18,7,0,2,27
2046711,1610297,2025-12-10,House,"House Ways & Means Committee",10,5,0,5,20
2046712,1609742,2025-11-20,House,"House Select Committee on Property Taxes",23,10,0,4,37
2046712,1614294,2025-11-20,House,"House Select Committee on Property Taxes",23,10,0,4,37
2046713,1609776,2025-11-20,House,"House Select Committee on Property Taxes",24,9,0,4,37
2046713,1609870,2025-12-02,House,"House State Affairs Committee",18,7,0,2,27
2046750,1618447,2026-01-28,House,"House Industries & Professional Activities Subcommittee",11,6,0,0,17
2046762,1609520,2025-11-18,Senate,"Senate Environment and Natural Resources",8,0,0,0,8
2046903,1609881,2025-12-02,Senate,"Senate Transportation",5,1,0,2,8
2046903,1615079,2026-01-21,Senate,"Senate Appropriations Committee on Transportation, Tourism, and Economic Development",11,3,0,0,14
2046996,1609437,2025-11-18,Senate,"Senate Health Policy",7,1,0,2,10
2047012,1610304,2025-12-10,House,"House Ways & Means Committee",17,0,0,3,20
2047012,1613830,2026-01-14,House,"House Intergovernmental Affairs Subcommittee",15,0,0,2,17
2047019,1614063,2026-01-14,House,"House Health Professions & Programs Subcommittee",18,0,0,0,18
2047019,1617580,2026-01-27,House,"House Health & Human Services Committee",25,0,0,1,26
2047116,1609546,2025-11-18,House,"House Criminal Justice Subcommittee",16,0,0,3,19
2047116,1617848,2026-01-27,House,"House Health & Human Services Committee",25,0,0,1,26
2047132,1615346,2026-01-21,House,"House Government Operations Subcommittee",18,0,0,0,18
2047132,1619221,2026-01-29,House,"House Transportation & Economic Development Budget Subcommittee",11,0,0,4,15
2047141,1619452,2026-01-29,House,"House Government Operations Subcommittee",15,0,0,4,19
2047231,1613838,2026-01-13,Senate,"Senate Banking and Insurance",10,0,0,0,10
2047240,1613844,2026-01-14,House,"House Intergovernmental Affairs Subcommittee",16,0,0,1,17
2047240,1618098,2026-01-28,House,"House Health Care Budget Subcommittee",15,0,0,0,15
2047356,1610258,2025-12-09,Senate,"Senate Regulated Industries",9,0,0,0,9
2047356,1614578,2026-01-20,Senate,"Senate Community Affairs",8,0,0,0,8
2047356,1617478,2026-01-27,Senate,"Senate Rules",22,0,0,2,24
2047356,1619058,2026-01-29,Senate,"Senate: Third Reading RCS#4",35,0,0,4,39
2047395,1609923,2025-12-02,Senate,"Senate Agriculture",4,0,0,1,5
2047395,1613850,2026-01-14,Senate,"Senate Fiscal Policy",17,3,0,0,20
2047431,1609871,2025-12-02,Senate,"Senate Judiciary",9,1,0,1,11
2047431,1617483,2026-01-27,Senate,"Senate Rules",20,2,0,2,24
2047431,1619066,2026-01-29,Senate,"Senate: Third Reading RCS#5",34,1,0,4,39
2047473,1619313,2026-01-29,House,"House Health Professions & Programs Subcommittee",18,0,0,0,18
2047478,1614922,2026-01-20,House,"House Criminal Justice Subcommittee",16,1,0,0,17
2047496,1609003,2025-11-04,Senate,"Senate Military and Veterans Affairs, Space, and Domestic Security",5,0,0,0,5
2047496,1613289,2026-01-12,Senate,"Senate Governmental Oversight and Accountability",9,0,0,0,9
2047496,1617396,2026-01-27,Senate,"Senate Rules",21,1,0,2,24
2047496,1619069,2026-01-29,Senate,"Senate: Third Reading RCS#11",32,3,0,4,39
2047511,1609888,2025-12-02,House,"House Intergovernmental Affairs Subcommittee",15,0,0,2,17
2047511,1615414,2026-01-21,House,"House Government Operations Subcommittee",15,0,0,3,18
2047511,1617693,2026-01-27,House,"House State Affairs Committee",25,0,0,1,26
2047522,1609002,2025-11-04,Senate,"Senate Military and Veterans Affairs, Space, and Domestic Security",5,0,0,0,5
2047522,1613288,2026-01-12,Senate,"Senate Governmental Oversight and Accountability",9,0,0,0,9
2047522,1617398,2026-01-27,Senate,"Senate Rules",21,1,0,2,24
2047522,1619579,2026-01-29,Senate,"Senate: Third Reading RCS#10",33,2,0,4,39
2047542,1619200,2026-01-29,House,"House Insurance & Banking Subcommittee",17,0,0,1,18
2047544,1609580,2025-11-18,House,"House Housing, Agriculture & Tourism Subcommittee",16,0,0,1,17
2047544,1610355,2025-12-11,House,"House Intergovernmental Affairs Subcommittee",14,0,0,3,17
2047544,1617619,2026-01-27,House,"House Commerce Committee",23,0,0,3,26
2047550,1610212,2025-12-09,Senate,"Senate Criminal Justice",6,0,0,2,8
2047550,1614215,2026-01-14,Senate,"Senate Appropriations Committee on Criminal and Civil Justice",7,0,0,1,8
2047550,1617558,2026-01-27,Senate,"Senate Rules",22,0,0,2,24
2047550,1619121,2026-01-29,Senate,"Senate: Third Reading RCS#6",35,0,0,4,39
2047552,1609920,2025-12-02,Senate,"Senate Environment and Natural Resources",6,0,0,2,8
2047558,1613880,2026-01-14,House,"House Intergovernmental Affairs Subcommittee",15,0,0,2,17
2047558,1615455,2026-01-21,House,"House Housing, Agriculture & Tourism Subcommittee",15,0,0,2,17
2047561,1610218,2025-12-09,Senate,"Senate Criminal Justice",6,0,0,2,8
2047561,1614195,2026-01-14,Senate,"Senate Appropriations Committee on Criminal and Civil Justice",7,0,0,1,8
2047561,1617682,2026-01-27,Senate,"Senate Rules",22,0,0,2,24
2047561,1619402,2026-01-29,Senate,"Senate: Third Reading RCS#7",35,0,0,4,39
2047579,1609576,2025-11-18,House,"House Intergovernmental Affairs Subcommittee",15,0,0,2,17
2047579,1609890,2025-12-02,House,"House Health Care Facilities & Systems Subcommittee",14,0,0,4,18
2047579,1615873,2026-01-22,House,"House State Affairs Committee",23,0,0,3,26
2047628,1618128,2026-01-28,House,"House Criminal Justice Subcommittee",16,0,0,1,17
2047762,1614895,2026-01-20,House,"House Intergovernmental Affairs Subcommittee",12,2,0,3,17
2047810,1613904,2026-01-14,House,"House Economic Infrastructure Subcommittee",12,4,0,1,17
2051145,1614734,2026-01-20,House,"House Human Services Subcommittee",16,0,0,1,17
2051145,1619624,2026-01-29,House,"House Government Operations Subcommittee",15,0,0,4,19
2051195,1609955,2025-12-02,Senate,"Senate Community Affairs",5,0,0,2,7
2051195,1617227,2026-01-26,Senate,"Senate Governmental Oversight and Accountability",9,0,0,0,9
2051280,1610209,2025-12-09,Senate,"Senate Health Policy",7,0,0,3,10
2051312,1609551,2025-11-18,House,"House Civil Justice & Claims Subcommittee",13,3,0,2,18
2051312,1609851,2025-12-02,House,"House Judiciary Committee",14,6,0,1,21
2051312,1614143,2026-01-15,House,"House: Third Reading RCS#448",33,78,6,0,117
2051312,1614144,2026-01-15,House,"House: Third Reading RCS#449",76,34,7,0,117
2051457,1613573,2026-01-13,Senate,"Senate Community Affairs",8,0,0,0,8
2051466,1610326,2025-12-11,House,"House Intergovernmental Affairs Subcommittee",12,2,0,3,17
2051471,1617702,2026-01-27,Senate,"Senate Judiciary",10,0,0,1,11
2051477,1614141,2026-01-14,House,"House Health Professions & Programs Subcommittee",14,4,0,0,18
2051477,1615087,2026-01-21,House,"House Health & Human Services Committee",18,5,0,3,26
2051494,1614762,2026-01-20,House,"House Criminal Justice Subcommittee",16,1,0,0,17
2051496,1610289,2025-12-09,Senate,"Senate Transportation",3,2,0,3,8
2051499,1610290,2025-12-09,Senate,"Senate Criminal Justice",6,0,0,2,8
2051499,1617361,2026-01-26,Senate,"Senate Governmental Oversight and Accountability",9,0,0,0,9
2051506,1610259,2025-12-09,Senate,"Senate Regulated Industries",9,0,0,0,9
2051506,1617481,2026-01-27,Senate,"Senate Rules",22,0,0,2,24
2051506,1619055,2026-01-29,Senate,"Senate: Third Reading RCS#8",35,0,0,4,39
2051507,1613593,2026-01-13,Senate,"Senate Community Affairs",7,1,0,0,8
2051508,1615334,2026-01-21,House,"House Health Professions & Programs Subcommittee",17,0,0,1,18
2051516,1614715,2026-01-20,Senate,"Senate Health Policy",11,0,0,0,11
2051521,1609940,2025-12-02,Senate,"Senate Judiciary",10,0,0,1,11
2051521,1617871,2026-01-27,Senate,"Senate Community Affairs",8,0,0,0,8
2051525,1609902,2025-12-02,House,"House Intergovernmental Affairs Subcommittee",15,0,0,2,17
2051525,1617806,2026-01-27,House,"House Ways & Means Committee",16,0,0,3,19
2051527,1610327,2025-12-10,House,"House Housing, Agriculture & Tourism Subcommittee",13,3,0,1,17
2051543,1613774,2026-01-13,Senate,"Senate Education Postsecondary",6,0,0,0,6
2051544,1609885,2025-12-02,Senate,"Senate Agriculture",4,0,0,1,5
2051544,1613841,2026-01-13,Senate,"Senate Commerce and Tourism",10,0,0,0,10
2051544,1617412,2026-01-27,Senate,"Senate Rules",22,0,0,2,24
2051544,1618996,2026-01-29,Senate,"Senate: Third Reading RCS#9",35,0,0,4,39
2051553,1615228,2026-01-20,Senate,"Senate Transportation",8,0,0,1,9
2051553,1618282,2026-01-28,Senate,"Senate Appropriations Committee on Transportation, Tourism, and Economic Development",14,0,0,0,14
2051561,1613293,2026-01-12,Senate,"Senate Transportation",9,0,0,0,9
2051561,1615125,2026-01-21,Senate,"Senate Appropriations Committee on Transportation, Tourism, and Economic Development",14,0,0,0,14
2051563,1614146,2026-01-14,House,"House Health Professions & Programs Subcommittee",18,0,0,0,18
2051563,1614828,2026-01-20,House,"House Health Care Budget Subcommittee",12,0,0,3,15
2051563,1617552,2026-01-27,House,"House Health & Human Services Committee",26,0,0,0,26
2051567,1614730,2026-01-20,House,"House Economic Infrastructure Subcommittee",17,0,0,0,17
2051570,1614748,2026-01-20,House,"House Careers & Workforce Subcommittee",16,0,0,2,18
2051602,1610345,2025-12-11,House,"House Intergovernmental Affairs Subcommittee",14,0,0,3,17
2051602,1616282,2026-01-22,House,"House Ways & Means Committee",17,0,0,2,19
2051602,1616485,2026-01-22,House,"House Ways & Means Committee",17,0,0,2,19
2051607,1609936,2025-12-02,House,"House Industries & Professional Activities Subcommittee",16,0,0,1,17
2051607,1616192,2026-01-22,House,"House State Affairs Committee",23,0,0,3,26
2051612,1609938,2025-12-03,House,"House Natural Resources & Disasters Subcommittee",15,0,0,3,18
2051612,1616161,2026-01-22,House,"House State Affairs Committee",24,0,0,2,26
2051617,1613901,2026-01-13,Senate,"Senate Banking and Insurance",10,0,0,0,10
2051620,1613555,2026-01-13,House,"House Housing, Agriculture & Tourism Subcommittee",15,0,0,2,17
2051620,1613778,2026-01-13,House,"House Housing, Agriculture & Tourism Subcommittee",15,0,0,2,17
2051620,1615910,2026-01-22,House,"House State Affairs Committee",23,0,0,3,26
2051627,1609937,2025-12-02,House,"House Criminal Justice Subcommittee",13,0,0,5,18
2051627,1616026,2026-01-22,House,"House State Affairs Committee",23,0,0,3,26
2051641,1610219,2025-12-09,Senate,"Senate Criminal Justice",6,0,0,2,8
2051643,1614042,2026-01-14,House,"House Civil Justice & Claims Subcommittee",17,0,0,0,17
2051643,1616203,2026-01-22,House,"House Judiciary Committee",21,0,0,0,21
2051647,1614410,2026-01-20,Senate,"Senate Regulated Industries",5,3,0,1,9
2051662,1609887,2025-12-02,House,"House Health Care Facilities & Systems Subcommittee",15,0,0,3,18
2051662,1610351,2025-12-11,House,"House Health & Human Services Committee",15,0,0,10,25
2051662,1614207,2026-01-15,House,"House: Third Reading RCS#454",109,0,8,0,117
2051665,1610330,2025-12-11,House,"House Intergovernmental Affairs Subcommittee",14,0,0,3,17
2051665,1616035,2026-01-22,House,"House State Affairs Committee",22,0,0,4,26
2051669,1610292,2025-12-10,Senate,"Senate Commerce and Tourism",8,0,0,2,10
2051696,1610241,2025-12-09,House,"House Health Professions & Programs Subcommittee",13,3,0,1,17
2051696,1617527,2026-01-27,House,"House Health & Human Services Committee",19,6,0,1,26
2051706,1613993,2026-01-14,House,"House Economic Infrastructure Subcommittee",15,1,0,1,17
2051706,1617427,2026-01-27,House,"House State Affairs Committee",24,1,0,1,26
2051709,1609961,2025-12-02,House,"House Criminal Justice Subcommittee",13,0,0,5,18
2051734,1617037,2026-01-26,Senate,"Senate Criminal Justice",8,0,0,0,8
2051736,1614055,2026-01-14,House,"House Health Professions & Programs Subcommittee",13,5,0,0,18
2051736,1614963,2026-01-21,House,"House Health & Human Services Committee",16,8,0,2,26
2051746,1609880,2025-12-02,House,"House Criminal Justice Subcommittee",13,0,0,5,18
2051748,1619563,2026-01-27,Senate,"Senate Transportation",9,0,0,0,9
2051757,1613544,2026-01-13,Senate,"Senate Education Pre-K - 12",6,1,0,1,8
2051757,1619040,2026-01-28,Senate,"Senate Appropriations Committee on Pre-K - 12 Education",9,1,0,0,10
2051789,1613889,2026-01-14,House,"House Economic Infrastructure Subcommittee",16,0,0,1,17
2051821,1613829,2026-01-14,House,"House Economic Infrastructure Subcommittee",16,0,0,1,17
2051821,1617744,2026-01-27,House,"House Commerce Committee",24,0,0,2,26
2051831,1617927,2026-01-27,House,"House Ways & Means Committee",15,1,0,3,19
2051840,1615644,2026-01-21,House,"House Insurance & Banking Subcommittee",16,0,0,2,18
2051933,1613078,2026-01-12,Senate,"Senate Criminal Justice",8,0,0,0,8
2051933,1615160,2026-01-21,Senate,"Senate Appropriations Committee on Criminal and Civil Justice",8,0,0,0,8
2051951,1614910,2026-01-20,Senate,"Senate Health Policy",11,0,0,0,11
2051961,1613163,2026-01-12,Senate,"Senate Criminal Justice",8,0,0,0,8
2051977,1618445,2026-01-28,Senate,"Senate Finance and Tax",8,0,0,0,8
2051997,1617348,2026-01-26,Senate,"Senate Criminal Justice",8,0,0,0,8
2052116,1609461,2025-11-18,Senate,"Senate Regulated Industries",7,0,0,2,9
2052116,1613280,2026-01-12,Senate,"Senate Governmental Oversight and Accountability",9,0,0,0,9
2052116,1617485,2026-01-27,Senate,"Senate Rules",21,1,0,2,24
2052116,1619271,2026-01-29,Senate,"Senate: Third Reading RCS#14",32,3,0,4,39
2052134,1609462,2025-11-18,Senate,"Senate Criminal Justice",7,0,0,1,8
2052134,1613292,2026-01-12,Senate,"Senate Governmental Oversight and Accountability",9,0,0,0,9
2052134,1617567,2026-01-27,Senate,"Senate Rules",22,0,0,2,24
2052134,1619085,2026-01-29,Senate,"Senate: Third Reading RCS#12",35,0,0,4,39
2052154,1609459,2025-11-18,Senate,"Senate Regulated Industries",7,0,0,2,9
2052154,1613083,2026-01-12,Senate,"Senate Governmental Oversight and Accountability",9,0,0,0,9
2052154,1617550,2026-01-27,Senate,"Senate Rules",19,3,0,2,24
2052154,1619136,2026-01-29,Senate,"Senate: Third Reading RCS#13",32,3,0,4,39
2052236,1616017,2026-01-22,House,"House State Affairs Committee",21,0,0,5,26
2052237,1609942,2025-12-02,House,"House Industries & Professional Activities Subcommittee",14,2,0,1,17
2052237,1613926,2026-01-14,House,"House State Administration Budget Subcommittee",11,0,0,2,13
2052237,1617791,2026-01-27,House,"House Commerce Committee",22,0,0,4,26
2052241,1614529,2026-01-20,Senate,"Senate Education Pre-K - 12",8,0,0,0,8
2052243,1610436,2025-12-11,House,"House Intergovernmental Affairs Subcommittee",14,0,0,3,17
2052243,1615884,2026-01-22,House,"House State Affairs Committee",23,0,0,3,26
2052247,1618290,2026-01-28,House,"House Intergovernmental Affairs Subcommittee",10,3,0,4,17
2052249,1613995,2026-01-14,House,"House Criminal Justice Subcommittee",14,2,0,1,17
2052249,1615563,2026-01-21,House,"House Justice Budget Subcommittee",10,3,0,2,15
2052249,1617555,2026-01-27,House,"House Judiciary Committee",19,1,0,1,21
2052253,1614908,2026-01-20,House,"House Economic Infrastructure Subcommittee",17,0,0,0,17
2052254,1614037,2026-01-14,House,"House Education Administration Subcommittee",18,0,0,0,18
2052254,1615854,2026-01-22,House,"House Education & Employment Committee",18,0,0,3,21
2052313,1617241,2026-01-26,Senate,"Senate Governmental Oversight and Accountability",9,0,0,0,9
2052319,1613290,2026-01-12,Senate,"Senate Transportation",9,0,0,0,9
2052319,1615379,2026-01-21,Senate,"Senate Appropriations Committee on Transportation, Tourism, and Economic Development",14,0,0,0,14
2052372,1610329,2025-12-09,House,"House Civil Justice & Claims Subcommittee",13,0,0,4,17
2052372,1615735,2026-01-22,House,"House Judiciary Committee",21,0,0,0,21
2052452,1613160,2026-01-12,Senate,"Senate Transportation",8,0,0,1,9
2052452,1615111,2026-01-21,Senate,"Senate Appropriations Committee on Transportation, Tourism, and Economic Development",14,0,0,0,14
2052463,1613159,2026-01-12,Senate,"Senate Transportation",8,0,0,1,9
2052463,1615028,2026-01-21,Senate,"Senate Appropriations Committee on Transportation, Tourism, and Economic Development",14,0,0,0,14
2052593,1613767,2026-01-13,Senate,"Senate Ethics and Elections",6,2,0,0,8
2052647,1613985,2026-01-14,House,"House Criminal Justice Subcommittee",17,0,0,0,17
2052647,1616126,2026-01-22,House,"House Judiciary Committee",21,0,0,0,21
2052648,1614525,2026-01-20,Senate,"Senate Judiciary",9,0,0,2,11
2052650,1613533,2026-01-13,Senate,"Senate Community Affairs",8,0,0,0,8
2052650,1615301,2026-01-21,Senate,"Senate Appropriations Committee on Criminal and Civil Justice",8,0,0,0,8
2052652,1613634,2026-01-13,Senate,"Senate Community Affairs",8,0,0,0,8
2052652,1615217,2026-01-21,Senate,"Senate Appropriations Committee on Criminal and Civil Justice",8,0,0,0,8
2052653,1613979,2026-01-14,House,"House Industries & Professional Activities Subcommittee",13,2,0,3,18
2052654,1615698,2026-01-21,House,"House Insurance & Banking Subcommittee",17,0,0,1,18
2052755,1610348,2025-12-11,House,"House Intergovernmental Affairs Subcommittee",14,0,0,3,17
2052755,1610443,2025-12-11,House,"House Intergovernmental Affairs Subcommittee",14,0,0,3,17
2052755,1613928,2026-01-14,House,"House Criminal Justice Subcommittee",17,0,0,0,17
2052755,1617440,2026-01-27,House,"House State Affairs Committee",23,0,0,3,26
2052777,1615458,2026-01-21,House,"House Commerce Committee",18,0,0,8,26
2052790,1613596,2026-01-13,Senate,"Senate Community Affairs",8,0,0,0,8
2052807,1613077,2026-01-12,Senate,"Senate Criminal Justice",8,0,0,0,8
2052807,1615238,2026-01-21,Senate,"Senate Appropriations Committee on Criminal and Civil Justice",8,0,0,0,8
2052820,1615196,2026-01-21,House,"House Government Operations Subcommittee",18,0,0,0,18
2052825,1613575,2026-01-13,Senate,"Senate Agriculture",4,0,0,1,5
2052830,1613977,2026-01-13,Senate,"Senate Commerce and Tourism",9,0,0,1,10
2052830,1615162,2026-01-21,Senate,"Senate Appropriations Committee on Transportation, Tourism, and Economic Development",14,0,0,0,14
2052844,1617864,2026-01-27,Senate,"Senate Regulated Industries",9,0,0,0,9
2052893,1615493,2026-01-20,Senate,"Senate Education Pre-K - 12",8,0,0,0,8
2052936,1613211,2026-01-12,Senate,"Senate Criminal Justice",6,2,0,0,8
2052974,1614142,2026-01-13,Senate,"Senate Banking and Insurance",10,0,0,0,10
2052980,1614920,2026-01-20,House,"House Criminal Justice Subcommittee",16,1,0,0,17
2052980,1619462,2026-01-29,House,"House Justice Budget Subcommittee",10,3,0,2,15
2052991,1613567,2026-01-13,Senate,"Senate Environment and Natural Resources",7,0,0,1,8
2053007,1613570,2026-01-13,House,"House Human Services Subcommittee",17,0,0,0,17
2053007,1615759,2026-01-22,House,"House Judiciary Committee",21,0,0,0,21
2053019,1613537,2026-01-13,House,"House Natural Resources & Disasters Subcommittee",16,0,0,3,19
2053019,1618238,2026-01-28,House,"House Agriculture & Natural Resources Budget Subcommittee",14,0,0,1,15
2053024,1614672,2026-01-20,Senate,"Senate Community Affairs",8,0,0,0,8
2053027,1613538,2026-01-13,Senate,"Senate Environment and Natural Resources",6,1,0,1,8
2053035,1617939,2026-01-27,Senate,"Senate Environment and Natural Resources",7,1,0,0,8
2053046,1613831,2026-01-13,Senate,"Senate Education Pre-K - 12",6,0,0,2,8
2053054,1613772,2026-01-13,House,"House Student Academic Success Subcommittee",16,0,0,1,17
2053054,1615919,2026-01-22,House,"House Education & Employment Committee",19,0,0,2,21
2053063,1613578,2026-01-13,Senate,"Senate Ethics and Elections",8,0,0,0,8
2053063,1618981,2026-01-27,Senate,"Senate Education Pre-K - 12",6,0,0,2,8
2053066,1613600,2026-01-13,House,"House Government Operations Subcommittee",18,0,0,0,18
2053066,1615384,2026-01-21,House,"House Student Academic Success Subcommittee",17,0,0,0,17
2053066,1617507,2026-01-27,House,"House State Affairs Committee",24,0,0,2,26
2053068,1614381,2026-01-20,Senate,"Senate Children, Families, and Elder Affairs",6,0,0,0,6
2053076,1615106,2026-01-21,Senate,"Senate Commerce and Tourism",10,0,0,0,10
2053088,1619123,2026-01-28,Senate,"Senate Banking and Insurance",10,0,0,0,10
2053089,1613773,2026-01-13,Senate,"Senate Ethics and Elections",8,0,0,0,8
2053089,1617352,2026-01-26,Senate,"Senate Governmental Oversight and Accountability",9,0,0,0,9
2053183,1613103,2026-01-12,Senate,"Senate Transportation",9,0,0,0,9
2053183,1615245,2026-01-21,Senate,"Senate Appropriations Committee on Transportation, Tourism, and Economic Development",14,0,0,0,14
2053195,1613574,2026-01-13,House,"House Housing, Agriculture & Tourism Subcommittee",16,0,0,1,17
2053198,1613131,2026-01-12,Senate,"Senate Criminal Justice",8,0,0,0,8
2053198,1614511,2026-01-20,Senate,"Senate Children, Families, and Elder Affairs",6,0,0,0,6
2053217,1613564,2026-01-13,House,"House Natural Resources & Disasters Subcommittee",11,5,0,3,19
2053222,1619722,2026-01-29,House,"House Housing, Agriculture & Tourism Subcommittee",15,0,0,3,18
2053230,1613597,2026-01-12,Senate,"Senate Children, Families, and Elder Affairs",6,0,0,0,6
2053230,1618158,2026-01-28,Senate,"Senate Fiscal Policy",18,0,0,2,20
2053238,1610328,2025-12-11,House,"House Intergovernmental Affairs Subcommittee",14,0,0,3,17
2053238,1613620,2025-12-11,House,"House Intergovernmental Affairs Subcommittee",14,0,0,3,17
2053241,1610332,2025-12-11,House,"House Intergovernmental Affairs Subcommittee",14,0,0,3,17
2053241,1615052,2026-01-21,House,"House Civil Justice & Claims Subcommittee",16,0,0,1,17
2053241,1617393,2026-01-27,House,"House State Affairs Committee",25,0,0,1,26
2053270,1613598,2026-01-13,House,"House Human Services Subcommittee",17,0,0,0,17
2053270,1615907,2026-01-22,House,"House Judiciary Committee",21,0,0,0,21
2053272,1610388,2025-12-11,House,"House Industries & Professional Activities Subcommittee",15,0,0,2,17
2053272,1617544,2026-01-27,House,"House Commerce Committee",24,0,0,2,26
2053275,1619727,2026-01-29,House,"House Government Operations Subcommittee",15,0,0,4,19
2053277,1619420,2026-01-29,House,"House Housing, Agriculture & Tourism Subcommittee",15,0,0,3,18
2053284,1613569,2026-01-13,Senate,"Senate Community Affairs",8,0,0,0,8
2053284,1615013,2026-01-21,Senate,"Senate Appropriations Committee on Transportation, Tourism, and Economic Development",14,0,0,0,14
2053398,1610285,2025-12-09,House,"House Insurance & Banking Subcommittee",18,0,0,1,19
2053398,1617729,2026-01-27,House,"House Commerce Committee",24,1,0,1,26
2053402,1614678,2026-01-20,Senate,"Senate Health Policy",11,0,0,0,11
2053404,1613254,2026-01-12,Senate,"Senate Children, Families, and Elder Affairs",6,0,0,0,6
2053404,1614802,2026-01-20,Senate,"Senate Judiciary",8,2,0,1,11
2053404,1617794,2026-01-27,Senate,"Senate Rules",22,0,0,2,24
2053416,1610300,2025-12-10,Senate,"Senate Appropriations",16,0,0,1,17
2053416,1613988,2026-01-14,Senate,"Senate: Third Reading RCS#3",39,0,0,0,39
2053419,1613614,2026-01-13,Senate,"Senate Ethics and Elections",8,0,0,0,8
2053419,1617473,2026-01-27,Senate,"Senate Judiciary",10,0,0,1,11
2053420,1610435,2025-12-11,House,"House Intergovernmental Affairs Subcommittee",14,0,0,3,17
2053420,1613768,2026-01-13,House,"House Natural Resources & Disasters Subcommittee",15,0,0,4,19
2053420,1615904,2026-01-22,House,"House State Affairs Committee",23,0,0,3,26
2053425,1614036,2026-01-14,House,"House Criminal Justice Subcommittee",16,1,0,0,17
2053438,1613271,2026-01-12,Senate,"Senate Transportation",9,0,0,0,9
2053438,1618312,2026-01-28,Senate,"Senate Appropriations Committee on Transportation, Tourism, and Economic Development",14,0,0,0,14
2053452,1613576,2026-01-13,Senate,"Senate Environment and Natural Resources",8,0,0,0,8
2053481,1613888,2026-01-14,House,"House Intergovernmental Affairs Subcommittee",15,0,0,2,17
2053500,1613887,2026-01-13,Senate,"Senate Banking and Insurance",10,0,0,0,10
2053583,1610305,2025-12-10,Senate,"Senate Appropriations",16,0,0,1,17
2053583,1613989,2026-01-14,Senate,"Senate: Third Reading RCS#4",38,0,1,0,39
2053602,1610240,2025-12-09,Senate,"Senate Education Pre-K - 12",6,0,0,2,8
2053602,1613837,2026-01-14,Senate,"Senate Fiscal Policy",20,0,0,0,20
2053602,1615622,2026-01-22,Senate,"Senate: Third Reading RCS#5",36,0,0,3,39
2053623,1613902,2026-01-14,House,"House Intergovernmental Affairs Subcommittee",16,0,0,1,17
2053648,1617357,2026-01-26,Senate,"Senate Criminal Justice",8,0,0,0,8
2053802,1610226,2025-12-09,House,"House Insurance & Banking Subcommittee",18,0,0,1,19
2053812,1618934,2026-01-28,House,"House Economic Infrastructure Subcommittee",16,0,0,1,17
2053823,1614900,2026-01-20,Senate,"Senate Criminal Justice",8,0,0,0,8
2053823,1619474,2026-01-28,Senate,"Senate Appropriations Committee on Criminal and Civil Justice",8,0,0,0,8
2053866,1613983,2026-01-14,House,"House Civil Justice & Claims Subcommittee",17,0,0,0,17
2053866,1615739,2026-01-22,House,"House Judiciary Committee",21,0,0,0,21
2053890,1615503,2026-01-20,Senate,"Senate Transportation",9,0,0,0,9
2053890,1620154,2026-01-28,Senate,"Senate Appropriations Committee on Transportation, Tourism, and Economic Development",14,0,0,0,14
2053927,1609873,2025-12-02,Senate,"Senate Governmental Oversight and Accountability",7,0,0,2,9
2053927,1613839,2026-01-14,Senate,"Senate Appropriations",17,0,0,1,18
2053927,1615691,2026-01-22,Senate,"Senate: Third Reading RCS#6",36,0,0,3,39
2053946,1617508,2026-01-27,Senate,"Senate Regulated Industries",9,0,0,0,9
2053970,1609886,2025-12-02,Senate,"Senate Transportation",6,0,0,2,8
2053970,1613082,2026-01-12,Senate,"Senate Governmental Oversight and Accountability",9,0,0,0,9
2053970,1617632,2026-01-27,Senate,"Senate Rules",21,1,0,2,24
2053970,1619188,2026-01-29,Senate,"Senate: Third Reading RCS#15",33,2,0,4,39
2054012,1613589,2026-01-13,House,"House Government Operations Subcommittee",14,3,0,1,18
2054052,1615425,2026-01-21,House,"House Commerce Committee",21,0,0,5,26
2054078,1619616,2026-01-29,House,"House Civil Justice & Claims Subcommittee",16,0,0,1,17
2054553,1614040,2026-01-14,House,"House Careers & Workforce Subcommittee",15,0,0,3,18
2054580,1613144,2026-01-12,Senate,"Senate Criminal Justice",8,0,0,0,8
2054580,1615320,2026-01-21,Senate,"Senate Appropriations Committee on Criminal and Civil Justice",8,0,0,0,8
2055127,1614524,2026-01-20,Senate,"Senate Regulated Industries",7,0,0,2,9
2055134,1617631,2026-01-27,Senate,"Senate Regulated Industries",8,0,0,1,9
2055145,1613540,2026-01-13,House,"House Human Services Subcommittee",17,0,0,0,17
2055145,1614434,2026-01-20,House,"House Health Care Budget Subcommittee",12,0,0,3,15
2055184,1614695,2026-01-20,Senate,"Senate Criminal Justice",8,0,0,0,8
2055194,1610369,2025-12-10,Senate,"Senate Commerce and Tourism",7,1,0,2,10
2055194,1613134,2026-01-12,Senate,"Senate Governmental Oversight and Accountability",9,0,0,0,9
2055194,1617418,2026-01-27,Senate,"Senate Rules",21,0,0,3,24
2055194,1619532,2026-01-29,Senate,"Senate: Third Reading RCS#17",31,4,0,4,39
2055200,1610370,2025-12-10,Senate,"Senate Commerce and Tourism",8,0,0,2,10
2055200,1613054,2026-01-12,Senate,"Senate Governmental Oversight and Accountability",9,0,0,0,9
2055200,1617975,2026-01-27,Senate,"Senate Rules",22,0,0,2,24
2055200,1619470,2026-01-29,Senate,"Senate: Third Reading RCS#16",33,2,0,4,39
2055221,1614568,2026-01-20,Senate,"Senate Transportation",8,0,0,1,9
2055240,1614465,2026-01-20,Senate,"Senate Community Affairs",8,0,0,0,8
2055824,1617501,2026-01-27,Senate,"Senate Judiciary",10,0,0,1,11
2055838,1617163,2026-01-26,Senate,"Senate Governmental Oversight and Accountability",5,4,0,0,9
2055841,1613981,2026-01-14,House,"House Education Administration Subcommittee",17,1,0,0,18
2055841,1615913,2026-01-22,House,"House Education & Employment Committee",18,1,0,2,21
2055868,1619667,2026-01-29,House,"House Government Operations Subcommittee",15,0,0,4,19
2055916,1614476,2026-01-20,Senate,"Senate Environment and Natural Resources",7,1,0,0,8
2055928,1613870,2026-01-14,House,"House Intergovernmental Affairs Subcommittee",14,2,0,1,17
2055928,1615483,2026-01-21,House,"House Education Administration Subcommittee",17,1,0,0,18
2055928,1617399,2026-01-27,House,"House State Affairs Committee",20,5,0,1,26
2055939,1613954,2026-01-14,House,"House Intergovernmental Affairs Subcommittee",13,2,0,2,17
2055939,1619540,2026-01-29,House,"House Government Operations Subcommittee",15,0,0,4,19
2055951,1615553,2026-01-21,House,"House Government Operations Subcommittee",18,0,0,0,18
2055987,1614808,2026-01-20,House,"House Natural Resources & Disasters Subcommittee",16,0,0,2,18
2055987,1618215,2026-01-28,House,"House Intergovernmental Affairs Subcommittee",11,0,0,6,17
2055999,1610385,2025-12-11,House,"House Industries & Professional Activities Subcommittee",9,6,0,2,17
2055999,1613960,2026-01-14,House,"House State Administration Budget Subcommittee",10,2,0,1,13
2056021,1613828,2026-01-13,Senate,"Senate Commerce and Tourism",10,0,0,0,10
2056021,1618862,2026-01-28,Senate,"Senate Appropriations Committee on Transportation, Tourism, and Economic Development",14,0,0,0,14
2056165,1613866,2026-01-14,House,"House Criminal Justice Subcommittee",17,0,0,0,17
2056165,1615214,2026-01-21,House,"House Justice Budget Subcommittee",12,0,0,3,15
2056165,1617836,2026-01-27,House,"House Judiciary Committee",19,1,0,1,21
2056168,1614150,2026-01-15,Senate,"Senate Rules",23,0,0,1,24
2056168,1615630,2026-01-22,Senate,"Senate: Third Reading RCS#4",36,0,0,3,39
2056170,1614147,2026-01-15,Senate,"Senate Rules",23,0,0,1,24
2056170,1616025,2026-01-22,Senate,"Senate: Third Reading RCS#3",36,0,0,3,39
2056177,1614098,2026-01-15,Senate,"Senate Rules",23,0,0,1,24
2056177,1616050,2026-01-22,Senate,"Senate: Third Reading RCS#2",36,0,0,3,39
2056180,1619614,2026-01-29,House,"House Student Academic Success Subcommittee",14,0,0,3,17
2056188,1618572,2026-01-27,Senate,"Senate Transportation",9,0,0,0,9
2056190,1613587,2026-01-13,Senate,"Senate Education Postsecondary",6,0,0,0,6
2056264,1614743,2026-01-20,House,"House Information Technology Budget & Policy Subcommittee",16,0,0,0,16
2056312,1615432,2026-01-21,House,"House Housing, Agriculture & Tourism Subcommittee",15,0,0,2,17
2056323,1618443,2026-01-28,House,"House Criminal Justice Subcommittee",17,0,0,0,17
2056482,1613931,2026-01-14,House,"House Insurance & Banking Subcommittee",16,0,0,2,18
2056482,1617741,2026-01-27,House,"House Commerce Committee",25,0,0,1,26
2056489,1614904,2026-01-20,House,"House Criminal Justice Subcommittee",16,1,0,0,17
2056489,1619306,2026-01-29,House,"House Justice Budget Subcommittee",12,1,0,2,15
2056586,1613826,2026-01-14,House,"House Intergovernmental Affairs Subcommittee",15,0,0,2,17
2056586,1615718,2026-01-22,House,"House State Affairs Committee",22,0,0,4,26
2056597,1617165,2026-01-26,Senate,"Senate Criminal Justice",7,0,0,1,8
2056615,1614402,2026-01-20,House,"House Intergovernmental Affairs Subcommittee",16,0,0,1,17
2056615,1618841,2026-01-28,House,"House Industries & Professional Activities Subcommittee",16,0,0,1,17
2056625,1613136,2026-01-12,Senate,"Senate Regulated Industries",9,0,0,0,9
2056654,1614425,2026-01-20,Senate,"Senate Judiciary",9,0,0,2,11
2056690,1615167,2026-01-21,House,"House Housing, Agriculture & Tourism Subcommittee",16,0,0,1,17
2056723,1613270,2026-01-12,Senate,"Senate Judiciary",9,1,0,1,11
2056752,1613978,2026-01-14,House,"House Civil Justice & Claims Subcommittee",17,0,0,0,17
2056752,1619583,2026-01-29,House,"House Government Operations Subcommittee",16,0,0,3,19
2056970,1619057,2026-01-28,Senate,"Senate Banking and Insurance",10,0,0,0,10
2057088,1614535,2026-01-20,Senate,"Senate Governmental Oversight and Accountability",9,0,0,0,9
2057162,1613963,2026-01-14,House,"House Industries & Professional Activities Subcommittee",16,0,0,2,18
2057217,1614406,2026-01-20,Senate,"Senate Children, Families, and Elder Affairs",6,0,0,0,6
2057267,1618606,2026-01-28,House,"House Natural Resources & Disasters Subcommittee",16,2,0,0,18
2057276,1619459,2026-01-29,House,"House Housing, Agriculture & Tourism Subcommittee",15,0,0,3,18
2057335,1613980,2026-01-14,House,"House Industries & Professional Activities Subcommittee",15,0,0,3,18
2057335,1619134,2026-01-29,House,"House Transportation & Economic Development Budget Subcommittee",13,0,0,2,15
2057344,1618100,2026-01-28,House,"House Intergovernmental Affairs Subcommittee",13,0,0,4,17
2057503,1614760,2026-01-20,Senate,"Senate Regulated Industries",7,0,0,2,9
2057511,1613811,2026-01-13,Senate,"Senate Commerce and Tourism",10,0,0,0,10
2057511,1617697,2026-01-27,Senate,"Senate Agriculture",5,0,0,0,5
2057517,1613079,2026-01-12,Senate,"Senate Regulated Industries",9,0,0,0,9
2057528,1613591,2026-01-13,Senate,"Senate Education Postsecondary",6,0,0,0,6
2057528,1618995,2026-01-28,Senate,"Senate Appropriations Committee on Higher Education",5,0,0,2,7
2057534,1614912,2026-01-20,Senate,"Senate Criminal Justice",7,1,0,0,8
2057542,1614789,2026-01-20,Senate,"Senate Criminal Justice",7,1,0,0,8
2057545,1617799,2026-01-27,Senate,"Senate Judiciary",10,0,0,1,11
2057636,1613822,2026-01-13,Senate,"Senate Commerce and Tourism",10,0,0,0,10
2057702,1619368,2026-01-29,House,"House Health Care Facilities & Systems Subcommittee",14,1,0,4,19
2057719,1613812,2026-01-13,Senate,"Senate Banking and Insurance",10,0,0,0,10
2057736,1615338,2026-01-21,House,"House Health Care Facilities & Systems Subcommittee",15,1,0,2,18
2057736,1617832,2026-01-27,House,"House Budget Committee",27,2,0,1,30
2057751,1619331,2026-01-29,House,"House Health Care Facilities & Systems Subcommittee",12,4,0,3,19
2057768,1618478,2026-01-28,House,"House Criminal Justice Subcommittee",15,0,0,2,17
2057801,1614494,2026-01-20,Senate,"Senate Community Affairs",8,0,0,0,8
2057823,1613813,2026-01-13,Senate,"Senate Commerce and Tourism",10,0,0,0,10
2057838,1614132,2026-01-13,Senate,"Senate Banking and Insurance",10,0,0,0,10
2057838,1614382,2026-01-20,Senate,"Senate Judiciary",8,2,0,1,11
2057976,1613590,2026-01-13,Senate,"Senate Community Affairs",8,0,0,0,8
2057976,1614503,2026-01-20,Senate,"Senate Judiciary",9,0,0,2,11
2057982,1613545,2026-01-13,Senate,"Senate Environment and Natural Resources",7,0,0,1,8
2058015,1618715,2026-01-28,Senate,"Senate Finance and Tax",8,0,0,0,8
2058019,1619244,2026-01-29,House,"House Health Professions & Programs Subcommittee",18,0,0,0,18
2058041,1613770,2026-01-13,House,"House Student Academic Success Subcommittee",16,0,0,1,17
2058041,1614907,2026-01-20,House,"House PreK-12 Budget Subcommittee",15,0,0,0,15
2058120,1615137,2026-01-21,House,"House Civil Justice & Claims Subcommittee",16,0,0,1,17
2058237,1618283,2026-01-28,House,"House Intergovernmental Affairs Subcommittee",10,0,0,7,17
2058269,1613851,2026-01-13,Senate,"Senate Commerce and Tourism",10,0,0,0,10
2058373,1614435,2026-01-20,Senate,"Senate Transportation",8,0,0,1,9
2058373,1618861,2026-01-28,Senate,"Senate Appropriations Committee on Transportation, Tourism, and Economic Development",14,0,0,0,14
2058384,1614764,2026-01-20,House,"House Criminal Justice Subcommittee",12,5,0,0,17
2058408,1613581,2026-01-13,House,"House Housing, Agriculture & Tourism Subcommittee",15,0,0,2,17
2058408,1616125,2026-01-22,House,"House State Affairs Committee",23,0,0,3,26
2058422,1614721,2026-01-20,House,"House Careers & Workforce Subcommittee",15,0,0,3,18
2058422,1619469,2026-01-29,House,"House Education Administration Subcommittee",18,0,0,0,18
2058435,1614775,2026-01-20,House,"House Criminal Justice Subcommittee",13,4,0,0,17
2058458,1614706,2026-01-20,House,"House Intergovernmental Affairs Subcommittee",17,0,0,0,17
2058458,1617392,2026-01-27,House,"House State Affairs Committee",24,0,0,2,26
2058493,1614919,2026-01-20,House,"House Criminal Justice Subcommittee",15,2,0,0,17
2058493,1619496,2026-01-29,House,"House Government Operations Subcommittee",14,0,0,5,19
2058705,1614795,2026-01-20,House,"House Natural Resources & Disasters Subcommittee",17,0,0,1,18
2058720,1613990,2026-01-14,House,"House Civil Justice & Claims Subcommittee",17,0,0,0,17
2058720,1615177,2026-01-21,House,"House Justice Budget Subcommittee",11,1,0,3,15
2058739,1614925,2026-01-20,House,"House Industries & Professional Activities Subcommittee",14,0,0,3,17
2058739,1617457,2026-01-27,House,"House State Affairs Committee",25,0,0,1,26
2058751,1614896,2026-01-20,Senate,"Senate Criminal Justice",8,0,0,0,8
2058751,1619472,2026-01-28,Senate,"Senate Appropriations Committee on Criminal and Civil Justice",8,0,0,0,8
2058763,1617533,2026-01-27,Senate,"Senate Judiciary",10,0,0,1,11
2058775,1614898,2026-01-20,Senate,"Senate Criminal Justice",8,0,0,0,8
2058788,1617426,2026-01-27,House,"House Judiciary Committee",20,0,0,1,21
2058809,1617655,2026-01-27,House,"House Judiciary Committee",19,0,0,2,21
2058810,1618691,2026-01-28,House,"House Human Services Subcommittee",15,0,0,2,17
2058893,1615608,2026-01-21,House,"House Insurance & Banking Subcommittee",17,0,0,1,18
2059095,1616024,2026-01-21,House,"House Insurance & Banking Subcommittee",14,0,0,4,18
2059165,1618652,2026-01-28,House,"House Human Services Subcommittee",15,0,0,2,17
2059179,1613842,2026-01-13,Senate,"Senate Commerce and Tourism",10,0,0,0,10
2059220,1614527,2026-01-20,Senate,"Senate Education Pre-K - 12",8,0,0,0,8
2059234,1614911,2026-01-20,Senate,"Senate Criminal Justice",8,0,0,0,8
2059448,1614395,2026-01-20,House,"House Intergovernmental Affairs Subcommittee",17,0,0,0,17
2059448,1618341,2026-01-28,House,"House Criminal Justice Subcommittee",16,0,0,1,17
2059453,1613908,2026-01-14,House,"House Industries & Professional Activities Subcommittee",15,0,0,3,18
2059453,1615213,2026-01-21,House,"House Civil Justice & Claims Subcommittee",16,0,0,1,17
2059488,1614797,2026-01-20,House,"House Intergovernmental Affairs Subcommittee",15,0,0,2,17
2059511,1615340,2026-01-21,House,"House Government Operations Subcommittee",18,0,0,0,18
2059552,1617652,2026-01-27,Senate,"Senate Community Affairs",8,0,0,0,8
2059556,1615171,2026-01-21,House,"House Government Operations Subcommittee",18,0,0,0,18
2059573,1614784,2026-01-20,House,"House Industries & Professional Activities Subcommittee",14,1,0,2,17
2059575,1617618,2026-01-27,Senate,"Senate Community Affairs",7,1,0,0,8
2059588,1614747,2026-01-20,House,"House Industries & Professional Activities Subcommittee",14,0,0,3,17
2060090,1615561,2026-01-21,House,"House Housing, Agriculture & Tourism Subcommittee",15,0,0,2,17
2060124,1619357,2026-01-29,House,"House Housing, Agriculture & Tourism Subcommittee",14,0,0,4,18
2060160,1614800,2026-01-20,House,"House Criminal Justice Subcommittee",17,0,0,0,17
2060160,1617401,2026-01-27,House,"House Judiciary Committee",20,0,0,1,21
2060181,1614597,2026-01-20,Senate,"Senate Environment and Natural Resources",8,0,0,0,8
2060187,1617952,2026-01-27,Senate,"Senate Community Affairs",8,0,0,0,8
2060206,1615124,2026-01-21,Senate,"Senate Ethics and Elections",7,0,0,1,8
2060377,1614810,2026-01-20,House,"House Intergovernmental Affairs Subcommittee",17,0,0,0,17
2060377,1619493,2026-01-29,House,"House Health Care Facilities & Systems Subcommittee",16,0,0,3,19
2060384,1617754,2026-01-27,Senate,"Senate Community Affairs",8,0,0,0,8
2060397,1617725,2026-01-27,Senate,"Senate Regulated Industries",8,0,0,1,9
2060400,1619552,2026-01-29,House,"House Government Operations Subcommittee",15,0,0,4,19
2060405,1614531,2026-01-20,Senate,"Senate Regulated Industries",7,0,0,2,9
2060435,1614430,2026-01-20,House,"House Criminal Justice Subcommittee",17,0,0,0,17
2060435,1619593,2026-01-29,House,"House Justice Budget Subcommittee",13,0,0,2,15
2060634,1615032,2026-01-21,Senate,"Senate Commerce and Tourism",10,0,0,0,10
2060783,1615004,2026-01-21,Senate,"Senate Commerce and Tourism",6,4,0,0,10
2060832,1615260,2026-01-21,House,"House Health Professions & Programs Subcommittee",17,0,0,1,18
2060832,1618082,2026-01-28,House,"House Health Care Budget Subcommittee",13,2,0,0,15
2060835,1614499,2026-01-20,Senate,"Senate Children, Families, and Elder Affairs",5,1,0,0,6
2060841,1614968,2026-01-21,Senate,"Senate Commerce and Tourism",10,0,0,0,10
2060847,1613905,2026-01-14,House,"House Industries & Professional Activities Subcommittee",16,0,0,2,18
2060854,1618240,2026-01-27,Senate,"Senate Children, Families, and Elder Affairs",5,0,0,1,6
2060859,1614906,2026-01-20,House,"House Economic Infrastructure Subcommittee",17,0,0,0,17
2060860,1619119,2026-01-29,House,"House Health Professions & Programs Subcommittee",18,0,0,0,18
2060869,1613912,2026-01-14,House,"House Industries & Professional Activities Subcommittee",10,5,0,3,18
2060871,1613958,2026-01-14,House,"House Insurance & Banking Subcommittee",17,0,0,1,18
2060871,1615496,2026-01-21,House,"House Commerce Committee",17,0,0,9,26
2060881,1619549,2026-01-29,House,"House Student Academic Success Subcommittee",17,0,0,0,17
2060883,1615626,2026-01-21,House,"House Insurance & Banking Subcommittee",16,0,0,2,18
2060883,1617837,2026-01-27,House,"House Judiciary Committee",20,0,0,1,21
2060886,1613959,2026-01-14,House,"House Civil Justice & Claims Subcommittee",17,0,0,0,17
2060886,1616149,2026-01-21,House,"House Insurance & Banking Subcommittee",16,0,0,2,18
2060886,1617688,2026-01-27,House,"House Judiciary Committee",20,0,0,1,21
2060891,1617492,2026-01-27,Senate,"Senate Judiciary",10,0,0,1,11
2060900,1615418,2026-01-21,House,"House Education Administration Subcommittee",18,0,0,0,18
2060900,1618257,2026-01-28,House,"House Higher Education Budget Subcommittee",14,0,0,0,14
2060906,1619639,2026-01-29,House,"House Government Operations Subcommittee",17,0,0,2,19
2060932,1614926,2026-01-20,House,"House Intergovernmental Affairs Subcommittee",17,0,0,0,17
2060932,1618489,2026-01-28,House,"House Economic Infrastructure Subcommittee",15,0,0,2,17
2061049,1618877,2026-01-28,House,"House Economic Infrastructure Subcommittee",12,3,0,2,17
2061052,1614714,2026-01-20,House,"House Human Services Subcommittee",16,0,0,1,17
2061052,1618006,2026-01-28,House,"House Health Care Budget Subcommittee",15,0,0,0,15
2061067,1617993,2026-01-27,Senate,"Senate Children, Families, and Elder Affairs",5,0,0,1,6
2061074,1617621,2026-01-27,Senate,"Senate Community Affairs",8,0,0,0,8
2061086,1618280,2026-01-28,House,"House Criminal Justice Subcommittee",14,2,0,1,17
2061115,1614426,2026-01-20,House,"House Industries & Professional Activities Subcommittee",14,0,0,3,17
2061147,1618251,2026-01-28,House,"House Criminal Justice Subcommittee",17,0,0,0,17
2061237,1618491,2026-01-28,House,"House Intergovernmental Affairs Subcommittee",10,0,0,7,17
2061261,1614214,2026-01-13,Senate,"Senate Banking and Insurance",10,0,0,0,10
2061285,1614700,2026-01-20,House,"House Intergovernmental Affairs Subcommittee",17,0,0,0,17
2061285,1619771,2026-01-29,House,"House Education Administration Subcommittee",17,1,0,0,18
2061293,1619450,2026-01-29,House,"House Government Operations Subcommittee",15,0,0,4,19
2061302,1619414,2026-01-28,Senate,"Senate Banking and Insurance",10,0,0,0,10
2061332,1618307,2026-01-27,Senate,"Senate Children, Families, and Elder Affairs",5,0,0,1,6
2061354,1615012,2026-01-20,Senate,"Senate Education Pre-K - 12",8,0,0,0,8
2061364,1619372,2026-01-28,Senate,"Senate Banking and Insurance",10,0,0,0,10
2065037,1619369,2026-01-27,Senate,"Senate Transportation",9,0,0,0,9
2065051,1614432,2026-01-20,House,"House Intergovernmental Affairs Subcommittee",17,0,0,0,17
2065051,1617620,2026-01-27,House,"House State Affairs Committee",23,0,0,3,26
2065063,1614905,2026-01-20,House,"House Intergovernmental Affairs Subcommittee",17,0,0,0,17
2065063,1618500,2026-01-28,House,"House Industries & Professional Activities Subcommittee",17,0,0,0,17
2065067,1618225,2026-01-28,House,"House Intergovernmental Affairs Subcommittee",13,0,0,4,17
2065079,1614389,2026-01-20,House,"House Intergovernmental Affairs Subcommittee",17,0,0,0,17
2065079,1618372,2026-01-28,House,"House Criminal Justice Subcommittee",14,0,0,3,17
2065094,1618967,2026-01-27,Senate,"Senate Education Pre-K - 12",6,0,0,2,8
2065135,1614805,2026-01-20,House,"House Natural Resources & Disasters Subcommittee",16,0,0,2,18
2065135,1617689,2026-01-27,House,"House Budget Committee",28,0,0,2,30
2065153,1614713,2026-01-20,House,"House Intergovernmental Affairs Subcommittee",17,0,0,0,17
2065189,1619522,2026-01-29,House,"House Government Operations Subcommittee",15,0,0,4,19
2065194,1614740,2026-01-20,Senate,"Senate Regulated Industries",7,0,0,2,9
2065227,1619516,2026-01-29,House,"House Government Operations Subcommittee",12,5,0,2,19
2065234,1617013,2026-01-26,Senate,"Senate Governmental Oversight and Accountability",9,0,0,0,9
2065242,1614623,2026-01-20,Senate,"Senate Criminal Justice",7,1,0,0,8
2065244,1615128,2026-01-20,Senate,"Senate Transportation",9,0,0,0,9
2065244,1618482,2026-01-28,Senate,"Senate Commerce and Tourism",9,0,0,1,10
2065268,1613283,2026-01-12,Senate,"Senate Children, Families, and Elder Affairs",6,0,0,0,6
2065286,1617382,2026-01-26,Senate,"Senate Health Policy",10,0,0,1,11
2065294,1615139,2026-01-21,House,"House Civil Justice & Claims Subcommittee",13,3,0,1,17
2065294,1618005,2026-01-28,House,"House Intergovernmental Affairs Subcommittee",10,3,0,4,17
2065301,1615053,2026-01-21,Senate,"Senate Commerce and Tourism",10,0,0,0,10
2065302,1614544,2026-01-20,Senate,"Senate Environment and Natural Resources",8,0,0,0,8
2065328,1615146,2026-01-21,Senate,"Senate Commerce and Tourism",10,0,0,0,10
2065573,1618360,2026-01-28,House,"House Criminal Justice Subcommittee",17,0,0,0,17
2065613,1615521,2026-01-20,Senate,"Senate Education Pre-K - 12",8,0,0,0,8
2065626,1614403,2026-01-20,Senate,"Senate Community Affairs",6,2,0,0,8
2065630,1618772,2026-01-28,Senate,"Senate Commerce and Tourism",9,0,0,1,10
2065646,1618751,2026-01-28,House,"House Natural Resources & Disasters Subcommittee",18,0,0,0,18
2065769,1617371,2026-01-26,Senate,"Senate Health Policy",10,0,0,1,11
2065782,1618062,2026-01-28,Senate,"Senate Ethics and Elections",7,0,0,1,8
2065809,1617996,2026-01-28,House,"House Intergovernmental Affairs Subcommittee",14,0,0,3,17
2065831,1614809,2026-01-20,House,"House Intergovernmental Affairs Subcommittee",16,0,0,1,17
2065835,1617630,2026-01-27,Senate,"Senate Community Affairs",8,0,0,0,8
2065840,1617381,2026-01-26,Senate,"Senate Health Policy",10,0,0,1,11
2065855,1617386,2026-01-26,Senate,"Senate Military and Veterans Affairs, Space, and Domestic Security",4,0,0,1,5
2065857,1614390,2026-01-20,House,"House Intergovernmental Affairs Subcommittee",17,0,0,0,17
2065893,1614401,2026-01-20,House,"House Intergovernmental Affairs Subcommittee",10,6,0,1,17
2065893,1618419,2026-01-28,House,"House Industries & Professional Activities Subcommittee",17,0,0,0,17
2065913,1614409,2026-01-20,Senate,"Senate Community Affairs",8,0,0,0,8
2065938,1617625,2026-01-27,Senate,"Senate Judiciary",10,0,0,1,11
2065947,1618409,2026-01-28,House,"House Information Technology Budget & Policy Subcommittee",15,0,0,1,16
2065951,1615454,2026-01-21,House,"House Student Academic Success Subcommittee",12,5,0,0,17
2065951,1618730,2026-01-28,House,"House PreK-12 Budget Subcommittee",12,3,0,0,15
2065962,1618605,2026-01-28,House,"House Economic Infrastructure Subcommittee",14,1,0,2,17
2065966,1618750,2026-01-28,House,"House Natural Resources & Disasters Subcommittee",18,0,0,0,18
2065986,1614759,2026-01-20,Senate,"Senate Environment and Natural Resources",8,0,0,0,8
2066011,1614871,2026-01-20,House,"House Intergovernmental Affairs Subcommittee",17,0,0,0,17
2066057,1619492,2026-01-29,House,"House Education Administration Subcommittee",15,3,0,0,18
2066076,1614553,2026-01-20,Senate,"Senate Education Pre-K - 12",8,0,0,0,8
2066101,1614978,2026-01-21,Senate,"Senate Education Postsecondary",6,0,0,0,6
2066122,1614729,2026-01-20,House,"House Careers & Workforce Subcommittee",15,0,0,3,18
2066122,1617877,2026-01-27,House,"House Budget Committee",29,0,0,1,30
2066147,1618741,2026-01-28,House,"House Economic Infrastructure Subcommittee",14,1,0,2,17
2066244,1619263,2026-01-29,House,"House Civil Justice & Claims Subcommittee",17,0,0,0,17
2066272,1614998,2026-01-21,Senate,"Senate Commerce and Tourism",10,0,0,0,10
2066462,1618287,2026-01-28,Senate,"Senate Banking and Insurance",10,0,0,0,10
2066466,1614705,2026-01-20,Senate,"Senate Criminal Justice",8,0,0,0,8
2066480,1614854,2026-01-20,House,"House Careers & Workforce Subcommittee",16,0,0,2,18
2066480,1618364,2026-01-28,House,"House Higher Education Budget Subcommittee",14,0,0,0,14
2066488,1618424,2026-01-28,House,"House Criminal Justice Subcommittee",13,0,0,4,17
2066492,1618249,2026-01-28,House,"House Intergovernmental Affairs Subcommittee",13,0,0,4,17
2066512,1617846,2026-01-27,Senate,"Senate Environment and Natural Resources",8,0,0,0,8
2066518,1614893,2026-01-20,Senate,"Senate Environment and Natural Resources",8,0,0,0,8
2066530,1618530,2026-01-28,House,"House Intergovernmental Affairs Subcommittee",14,0,0,3,17
2066560,1618755,2026-01-28,House,"House Human Services Subcommittee",14,0,0,3,17
2066570,1615339,2026-01-21,House,"House Education Administration Subcommittee",13,5,0,0,18
2066570,1617695,2026-01-27,House,"House Education & Employment Committee",16,5,0,0,21
2066592,1615018,2026-01-21,House,"House Civil Justice & Claims Subcommittee",16,0,0,1,17
2066637,1618690,2026-01-28,House,"House Natural Resources & Disasters Subcommittee",18,0,0,0,18
2066813,1618129,2026-01-28,House,"House Intergovernmental Affairs Subcommittee",12,0,0,5,17
2066896,1618352,2026-01-28,House,"House Industries & Professional Activities Subcommittee",16,0,0,1,17
2066957,1617856,2026-01-27,Senate,"Senate Education Pre-K - 12",5,0,0,3,8
2067100,1618711,2026-01-28,House,"House Criminal Justice Subcommittee",14,0,0,3,17
2067133,1618968,2026-01-28,Senate,"Senate Education Postsecondary",5,0,0,1,6
2067156,1616122,2026-01-22,House,"House Ways & Means Committee",17,0,0,2,19
2067156,1616643,2026-01-22,House,"House Ways & Means Committee",17,0,0,2,19
2067156,1617867,2026-01-27,House,"House Ways & Means Committee",16,0,0,3,19
2067212,1617253,2026-01-26,Senate,"Senate Criminal Justice",7,0,0,1,8
2067273,1618279,2026-01-28,Senate,"Senate Commerce and Tourism",8,0,0,2,10
2067420,1618122,2026-01-28,House,"House Intergovernmental Affairs Subcommittee",11,0,0,6,17
2068073,1619606,2026-01-29,House,"House Student Academic Success Subcommittee",17,0,0,0,17
2068098,1619609,2026-01-29,House,"House Health Care Facilities & Systems Subcommittee",17,0,0,2,19
2068137,1618486,2026-01-28,House,"House Natural Resources & Disasters Subcommittee",18,0,0,0,18
2068190,1619255,2026-01-29,House,"House Civil Justice & Claims Subcommittee",17,0,0,0,17
2068296,1617641,2026-01-27,Senate,"Senate Community Affairs",8,0,0,0,8
2068343,1617486,2026-01-27,Senate,"Senate Judiciary",8,2,0,1,11
2068354,1618504,2026-01-28,House,"House Natural Resources & Disasters Subcommittee",18,0,0,0,18
2068489,1617945,2026-01-27,Senate,"Senate Environment and Natural Resources",8,0,0,0,8
2068536,1617844,2026-01-27,Senate,"Senate Community Affairs",6,2,0,0,8
2068542,1617687,2026-01-27,Senate,"Senate Environment and Natural Resources",8,0,0,0,8
2068578,1617500,2026-01-27,Senate,"Senate Judiciary",10,0,0,1,11
2068613,1619184,2026-01-29,House,"House Insurance & Banking Subcommittee",16,0,0,2,18
2068651,1619160,2026-01-29,House,"House Insurance & Banking Subcommittee",17,0,0,1,18
2068666,1618499,2026-01-28,House,"House Criminal Justice Subcommittee",14,1,0,2,17
2068697,1618417,2026-01-28,House,"House Careers & Workforce Subcommittee",12,5,0,1,18
2068720,1618125,2026-01-28,House,"House Criminal Justice Subcommittee",17,0,0,0,17
2068741,1613546,2026-01-13,Senate,"Senate Agriculture",5,0,0,0,5
2068741,1617192,2026-01-26,Senate,"Senate Governmental Oversight and Accountability",9,0,0,0,9
2068758,1617350,2026-01-26,Senate,"Senate Governmental Oversight and Accountability",9,0,0,0,9
2068769,1617475,2026-01-26,Senate,"Senate Health Policy",9,0,0,2,11
2068812,1619361,2026-01-28,Senate,"Senate Banking and Insurance",10,0,0,0,10
2068820,1619099,2026-01-28,Senate,"Senate Banking and Insurance",10,0,0,0,10
2068824,1619198,2026-01-29,House,"House Health Professions & Programs Subcommittee",17,1,0,0,18
2069058,1617383,2026-01-26,Senate,"Senate Military and Veterans Affairs, Space, and Domestic Security",4,0,0,1,5
2069313,1619600,2026-01-29,House,"House Civil Justice & Claims Subcommittee",17,0,0,0,17
2069346,1618001,2026-01-28,House,"House Intergovernmental Affairs Subcommittee",12,0,0,5,17
2069352,1618199,2026-01-28,House,"House Intergovernmental Affairs Subcommittee",10,3,0,4,17
2069358,1618049,2026-01-28,Senate,"Senate Commerce and Tourism",9,0,0,1,10
2069370,1619257,2026-01-29,House,"House Insurance & Banking Subcommittee",16,0,0,2,18
2069387,1617367,2026-01-26,Senate,"Senate Military and Veterans Affairs, Space, and Domestic Security",4,0,0,1,5
2069390,1617384,2026-01-26,Senate,"Senate Military and Veterans Affairs, Space, and Domestic Security",4,0,0,1,5
2069411,1618497,2026-01-28,House,"House Intergovernmental Affairs Subcommittee",13,0,0,4,17
2069487,1617447,2026-01-27,Senate,"Senate Children, Families, and Elder Affairs",5,0,0,1,6
2069494,1618174,2026-01-28,Senate,"Senate Education Postsecondary",5,0,0,1,6
2069509,1617999,2026-01-28,House,"House Intergovernmental Affairs Subcommittee",13,0,0,4,17
2069556,1618154,2026-01-28,Senate,"Senate Banking and Insurance",9,1,0,0,10
2069579,1617949,2026-01-27,Senate,"Senate Community Affairs",8,0,0,0,8
2069654,1619197,2026-01-29,House,"House Health Professions & Programs Subcommittee",18,0,0,0,18
2069657,1617356,2026-01-26,Senate,"Senate Criminal Justice",7,0,0,1,8
2069665,1618084,2026-01-27,Senate,"Senate Children, Families, and Elder Affairs",5,0,0,1,6
2069672,1618488,2026-01-28,House,"House Natural Resources & Disasters Subcommittee",16,2,0,0,18
2069692,1618527,2026-01-28,Senate,"Senate Commerce and Tourism",9,0,0,1,10
2069711,1617663,2026-01-27,Senate,"Senate Environment and Natural Resources",8,0,0,0,8
2069731,1617389,2026-01-26,Senate,"Senate Military and Veterans Affairs, Space, and Domestic Security",4,0,0,1,5
2069750,1617866,2026-01-27,Senate,"Senate Environment and Natural Resources",5,3,0,0,8
2069807,1619283,2026-01-29,House,"House Health Professions & Programs Subcommittee",18,0,0,0,18
2069829,1619272,2026-01-27,Senate,"Senate Transportation",9,0,0,0,9
2069830,1615675,2026-01-21,House,"House Insurance & Banking Subcommittee",17,0,0,1,18
2069830,1617894,2026-01-27,House,"House Commerce Committee",23,0,0,3,26
2069846,1617636,2026-01-27,Senate,"Senate Education Pre-K - 12",6,0,0,2,8
2069872,1618269,2026-01-28,Senate,"Senate Ethics and Elections",6,0,0,2,8
2069880,1619335,2026-01-29,House,"House Civil Justice & Claims Subcommittee",14,3,0,0,17
2069911,1619317,2026-01-29,House,"House Civil Justice & Claims Subcommittee",16,0,0,1,17
2069944,1618694,2026-01-28,House,"House Economic Infrastructure Subcommittee",15,0,0,2,17
2069946,1618510,2026-01-28,House,"House Careers & Workforce Subcommittee",16,0,0,2,18
2069966,1617385,2026-01-26,Senate,"Senate Military and Veterans Affairs, Space, and Domestic Security",4,0,0,1,5
2069972,1617085,2026-01-26,Senate,"Senate Criminal Justice",7,0,0,1,8
2069975,1618368,2026-01-28,House,"House Industries & Professional Activities Subcommittee",16,0,0,1,17
2070009,1619318,2026-01-29,House,"House Civil Justice & Claims Subcommittee",13,4,0,0,17
2070022,1617718,2026-01-27,Senate,"Senate Education Pre-K - 12",6,0,0,2,8
2070026,1617715,2026-01-27,Senate,"Senate Regulated Industries",8,0,0,1,9
2070040,1619535,2026-01-29,House,"House Civil Justice & Claims Subcommittee",14,3,0,0,17
2070066,1614536,2026-01-20,Senate,"Senate Regulated Industries",8,0,0,1,9
2070067,1617338,2026-01-26,Senate,"Senate Criminal Justice",7,0,0,1,8
2070074,1619339,2026-01-29,House,"House Civil Justice & Claims Subcommittee",14,2,0,1,17
2070101,1618475,2026-01-28,House,"House Criminal Justice Subcommittee",17,0,0,0,17
2070109,1619404,2026-01-29,House,"House Housing, Agriculture & Tourism Subcommittee",15,0,0,3,18
2070122,1614537,2026-01-20,Senate,"Senate Regulated Industries",7,1,0,1,9
2071719,1617403,2026-01-26,Senate,"Senate Health Policy",6,4,0,1,11
2078780,1618517,2026-01-28,House,"House Intergovernmental Affairs Subcommittee",12,0,0,5,17
2079488,1617656,2026-01-27,House,"House Commerce Committee",23,0,0,3,26
2079725,1619739,2026-01-29,House,"House Education Administration Subcommittee",18,0,0,0,18
2081576,1615760,2026-01-20,Senate,"Senate Education Pre-K - 12",6,2,0,0,8
2081827,1614498,2026-01-20,Senate,"Senate Governmental Oversight and Accountability",9,0,0,0,9
2082081,1614736,2026-01-20,Senate,"Senate Governmental Oversight and Accountability",9,0,0,0,9
2082329,1614735,2026-01-20,Senate,"Senate Governmental Oversight and Accountability",9,0,0,0,9
2083359,1618299,2026-01-28,House,"House Information Technology Budget & Policy Subcommittee",15,0,0,1,16
2083999,1615164,2026-01-21,Senate,"Senate Commerce and Tourism",10,0,0,0,10
2088220,1617346,2026-01-26,Senate,"Senate Governmental Oversight and Accountability",9,0,0,0,9
