bill_id,roll_call_id,date,chamber,description,yea,nay,nv,absent,total
2044042,1613154,2026-01-12,Senate,"Senate Judiciary",9,1,0,1,11
2044042,1614522,2026-01-20,Senate,"Senate Community Affairs",8,0,0,0,8
2044043,1609433,2025-11-18,Senate,"Senate Criminal Justice",8,0,0,0,8
2044043,1615336,2026-01-21,Senate,"Senate Appropriations Committee on Criminal and Civil Justice",8,0,0,0,8
2044044,1609114,2025-11-04,Senate,"Senate Community Affairs",7,0,0,0,7
2044045,1609939,2025-12-03,House,"House Natural Resources & Disasters Subcommittee",14,1,0,3,18
2044047,1613223,2026-01-12,Senate,"Senate Judiciary",9,1,0,1,11
2044047,1614891,2026-01-20,Senate,"Senate Community Affairs",8,0,0,0,8
2044049,1613173,2026-01-12,Senate,"Senate Children, Families, and Elder Affairs",6,0,0,0,6
2044051,1609440,2025-11-18,Senate,"Senate Health Policy",8,0,0,2,10
2044057,1613224,2026-01-12,Senate,"Senate Judiciary",9,1,0,1,11
2044057,1614407,2026-01-20,Senate,"Senate Community Affairs",8,0,0,0,8
2044095,1609018,2025-11-04,Senate,"Senate Community Affairs",7,0,0,0,7
2044095,1613857,2026-01-14,Senate,"Senate Appropriations Committee on Transportation, Tourism, and Economic Development",13,0,0,1,14
2044098,1610231,2025-12-09,House,"House Health Professions & Programs Subcommittee",15,0,0,2,17
2044114,1613891,2026-01-14,House,"House Criminal Justice Subcommittee",17,0,0,0,17
2044116,1610239,2025-12-09,House,"House Health Professions & Programs Subcommittee",15,0,0,2,17
2044116,1613862,2026-01-14,House,"House Health Care Budget Subcommittee",13,0,0,2,15
2044116,1615041,2026-01-21,House,"House Health & Human Services Committee",25,0,0,1,26
2044118,1613150,2026-01-12,Senate,"Senate Criminal Justice",8,0,0,0,8
2044121,1609075,2025-11-05,House,"House Criminal Justice Subcommittee",16,0,0,1,17
2044121,1615897,2026-01-22,House,"House Judiciary Committee",20,1,0,0,21
2044230,1614774,2026-01-20,House,"House Economic Infrastructure Subcommittee",16,0,0,1,17
2044243,1609548,2025-11-18,House,"House Intergovernmental Affairs Subcommittee",15,0,0,2,17
2044243,1609883,2025-12-02,House,"House Criminal Justice Subcommittee",13,0,0,5,18
2044243,1615827,2026-01-22,House,"House State Affairs Committee",23,0,0,3,26
2044253,1613133,2026-01-12,Senate,"Senate Criminal Justice",8,0,0,0,8
2044253,1614463,2026-01-20,Senate,"Senate Judiciary",9,0,0,2,11
2044390,1610211,2025-12-09,Senate,"Senate Criminal Justice",5,1,0,2,8
2044390,1614213,2026-01-14,Senate,"Senate Appropriations Committee on Criminal and Civil Justice",6,1,0,1,8
2044632,1609556,2025-11-18,Senate,"Senate Agriculture",5,0,0,0,5
2044634,1610307,2025-12-09,Senate,"Senate Governmental Oversight and Accountability",8,0,0,1,9
2044637,1609644,2025-11-19,Senate,"Senate Ethics and Elections",7,0,0,1,8
2044637,1609884,2025-12-02,Senate,"Senate Judiciary",10,0,0,1,11
2044896,1609454,2025-11-18,Senate,"Senate Health Policy",8,0,0,2,10
2044907,1615363,2026-01-21,House,"House Government Operations Subcommittee",16,1,0,1,18
2044915,1609528,2025-11-18,House,"House Criminal Justice Subcommittee",16,0,0,3,19
2044980,1609482,2025-11-18,Senate,"Senate Community Affairs",5,0,0,2,7
2044992,1603967,2025-10-15,House,"House Civil Justice & Claims Subcommittee",16,2,0,0,18
2044992,1609643,2025-11-19,House,"House Judiciary Committee",17,1,0,4,22
2044992,1614049,2025-10-15,House,"House Civil Justice & Claims Subcommittee",16,2,0,0,18
2044992,1614050,2025-11-19,House,"House Judiciary Committee",17,1,0,4,22
2044992,1614089,2026-01-15,House,"House: Third Reading RCS#450",88,17,12,0,117
2045011,1609526,2025-11-18,House,"House Intergovernmental Affairs Subcommittee",12,3,0,2,17
2045011,1609935,2025-12-02,House,"House Industries & Professional Activities Subcommittee",15,1,0,1,17
2045013,1610306,2025-12-10,House,"House Ways & Means Committee",17,0,0,3,20
2045013,1613868,2026-01-14,House,"House Intergovernmental Affairs Subcommittee",14,0,0,3,17
2045013,1615951,2026-01-22,House,"House State Affairs Committee",23,0,0,3,26
2045032,1609062,2025-11-05,House,"House Criminal Justice Subcommittee",11,5,0,1,17
2045243,1610208,2025-12-09,Senate,"Senate Governmental Oversight and Accountability",8,0,0,1,9
2045243,1613586,2026-01-13,Senate,"Senate Ethics and Elections",8,0,0,0,8
2045548,1608999,2025-11-04,Senate,"Senate Military and Veterans Affairs, Space, and Domestic Security",4,1,0,0,5
2045558,1613925,2026-01-14,House,"House Civil Justice & Claims Subcommittee",17,0,0,0,17
2045754,1609565,2025-11-18,House,"House Industries & Professional Activities Subcommittee",11,0,0,8,19
2045754,1610365,2025-12-11,House,"House Commerce Committee",20,0,0,7,27
2045758,1608996,2025-11-04,Senate,"Senate Judiciary",8,1,0,2,11
2045760,1610314,2025-12-10,House,"House Government Operations Subcommittee",14,0,0,5,19
2045763,1610366,2025-12-09,House,"House Health Professions & Programs Subcommittee",16,0,0,1,17
2045763,1613869,2026-01-14,House,"House Health Care Budget Subcommittee",13,0,0,2,15
2045763,1614969,2026-01-21,House,"House Health & Human Services Committee",25,0,0,1,26
2045859,1609733,2025-11-18,House,"House Housing, Agriculture & Tourism Subcommittee",16,0,0,1,17
2045859,1610439,2025-12-11,House,"House Intergovernmental Affairs Subcommittee",14,0,0,3,17
2045867,1609924,2025-12-02,House,"House Health Care Facilities & Systems Subcommittee",15,0,0,3,18
2045879,1609536,2025-11-18,Senate,"Senate Community Affairs",5,0,0,2,7
2045881,1610242,2025-12-09,Senate,"Senate Community Affairs",5,1,0,1,7
2045890,1615138,2026-01-21,House,"House Civil Justice & Claims Subcommittee",16,0,0,1,17
2045893,1610291,2025-12-10,House,"House Ways & Means Committee",11,6,0,3,20
2045893,1614739,2026-01-20,House,"House Intergovernmental Affairs Subcommittee",10,6,0,1,17
2045897,1613707,2026-01-13,House,"House Government Operations Subcommittee",15,0,0,3,18
2045899,1610374,2025-12-09,Senate,"Senate Regulated Industries",9,0,0,0,9
2045909,1610243,2025-12-09,Senate,"Senate Education Pre-K - 12",6,0,0,2,8
2045926,1609049,2025-11-05,House,"House Education & Employment Committee",19,0,0,2,21
2045926,1609969,2025-12-04,House,"House Health & Human Services Committee",20,0,0,6,26
2045926,1614186,2026-01-15,House,"House: Third Reading RCS#453",107,1,9,0,117
2045933,1615179,2026-01-21,House,"House Government Operations Subcommittee",13,5,0,0,18
2045968,1609956,2025-12-02,House,"House Education Administration Subcommittee",14,2,0,1,17
2045968,1613662,2026-01-13,House,"House PreK-12 Budget Subcommittee",13,0,0,2,15
2045984,1609549,2025-11-18,House,"House Student Academic Success Subcommittee",14,0,0,4,18
2045984,1615874,2026-01-22,House,"House Education & Employment Committee",17,0,0,4,21
2046000,1615510,2026-01-21,House,"House Civil Justice & Claims Subcommittee",16,0,0,1,17
2046001,1609522,2025-11-18,House,"House Criminal Justice Subcommittee",11,5,0,3,19
2046001,1609872,2025-12-02,House,"House Judiciary Committee",13,7,0,1,21
2046001,1614182,2026-01-15,House,"House: Third Reading RCS#451",74,37,6,0,117
2046016,1615168,2026-01-21,House,"House Civil Justice & Claims Subcommittee",16,0,0,1,17
2046058,1609432,2025-11-18,Senate,"Senate Health Policy",8,0,0,2,10
2046073,1609121,2025-11-04,Senate,"Senate Environment and Natural Resources",6,0,0,2,8
2046123,1610217,2025-12-09,Senate,"Senate Criminal Justice",5,1,0,2,8
2046123,1614200,2026-01-14,Senate,"Senate Appropriations Committee on Criminal and Civil Justice",6,1,0,1,8
2046180,1609059,2025-11-05,House,"House Civil Justice & Claims Subcommittee",16,1,0,1,18
2046180,1609952,2025-12-03,House,"House Budget Committee",22,2,0,6,30
2046180,1610356,2025-12-11,House,"House Judiciary Committee",12,2,0,7,21
2046180,1614121,2026-01-15,House,"House: Third Reading RCS#447",104,7,6,0,117
2046195,1609899,2025-12-02,House,"House Health Care Facilities & Systems Subcommittee",12,3,0,3,18
2046199,1614781,2026-01-20,Senate,"Senate Health Policy",10,1,0,0,11
2046203,1609006,2025-11-04,Senate,"Senate Judiciary",5,4,0,2,11
2046262,1610220,2025-12-09,Senate,"Senate Criminal Justice",6,0,0,2,8
2046262,1614738,2026-01-20,Senate,"Senate Community Affairs",8,0,0,0,8
2046283,1615027,2026-01-20,Senate,"Senate Education Pre-K - 12",8,0,0,0,8
2046311,1609042,2025-11-05,House,"House Judiciary Committee",21,0,0,0,21
2046311,1609641,2025-11-19,House,"House State Affairs Committee",18,7,0,1,26
2046311,1614081,2026-01-15,House,"House: Third Reading RCS#446",87,24,6,0,117
2046338,1613204,2026-01-12,Senate,"Senate Transportation",6,3,0,0,9
2046410,1613702,2026-01-13,Senate,"Senate Education Postsecondary",6,0,0,0,6
2046457,1614609,2026-01-20,Senate,"Senate Health Policy",10,0,0,1,11
2046458,1610210,2025-12-09,Senate,"Senate Governmental Oversight and Accountability",5,2,0,2,9
2046458,1614950,2026-01-21,Senate,"Senate Education Postsecondary",4,2,0,0,6
2046466,1613944,2026-01-14,House,"House Criminal Justice Subcommittee",17,0,0,0,17
2046555,1610275,2025-12-09,Senate,"Senate Regulated Industries",9,0,0,0,9
2046578,1613836,2026-01-13,Senate,"Senate Education Pre-K - 12",6,0,0,2,8
2046598,1609542,2025-11-18,House,"House Industries & Professional Activities Subcommittee",13,0,0,6,19
2046598,1613895,2026-01-14,House,"House Criminal Justice Subcommittee",13,4,0,0,17
2046620,1609453,2025-11-18,House,"House Housing, Agriculture & Tourism Subcommittee",12,4,0,1,17
2046620,1610363,2025-12-11,House,"House Commerce Committee",15,5,0,7,27
2046620,1610441,2025-11-18,House,"House Housing, Agriculture & Tourism Subcommittee",12,4,0,1,17
2046620,1610442,2025-12-11,House,"House Commerce Committee",15,5,0,7,27
2046646,1614946,2026-01-21,Senate,"Senate Commerce and Tourism",10,0,0,0,10
2046664,1610303,2025-12-10,Senate,"Senate Commerce and Tourism",6,2,0,2,10
2046664,1615195,2026-01-21,Senate,"Senate Appropriations Committee on Transportation, Tourism, and Economic Development",9,5,0,0,14
2046668,1614671,2026-01-20,Senate,"Senate Criminal Justice",7,1,0,0,8
2046674,1609599,2025-11-18,Senate,"Senate Criminal Justice",8,0,0,0,8
2046674,1615107,2026-01-21,Senate,"Senate Appropriations Committee on Criminal and Civil Justice",8,0,0,0,8
2046684,1609093,2025-11-05,House,"House Criminal Justice Subcommittee",17,0,0,0,17
2046684,1610389,2025-12-11,House,"House Judiciary Committee",14,0,0,7,21
2046689,1609748,2025-11-20,House,"House Select Committee on Property Taxes",24,10,0,3,37
2046689,1616022,2026-01-22,House,"House State Affairs Committee",17,7,0,2,26
2046691,1609747,2025-11-20,House,"House Select Committee on Property Taxes",24,10,0,3,37
2046695,1609064,2025-11-05,House,"House Industries & Professional Activities Subcommittee",12,4,0,2,18
2046695,1610368,2025-12-11,House,"House Commerce Committee",16,5,0,6,27
2046695,1614211,2026-01-15,House,"House: Third Reading RCS#452",80,30,7,0,117
2046697,1609754,2025-11-20,House,"House Select Committee on Property Taxes",24,10,0,3,37
2046697,1614090,2026-01-15,House,"House State Affairs Committee",16,6,0,4,26
2046697,1615716,2026-01-22,House,"House Ways & Means Committee",11,5,0,3,19
2046697,1616516,2026-01-22,House,"House Ways & Means Committee",11,5,0,3,19
2046698,1609537,2025-11-18,Senate,"Senate Community Affairs",5,0,0,2,7
2046698,1613139,2026-01-12,Senate,"Senate Judiciary",10,0,0,1,11
2046701,1609734,2025-11-20,House,"House Select Committee on Property Taxes",24,10,0,3,37
2046701,1609852,2025-12-02,House,"House State Affairs Committee",18,7,0,2,27
2046703,1609765,2025-11-20,House,"House Select Committee on Property Taxes",23,10,0,4,37
2046703,1609854,2025-12-02,House,"House State Affairs Committee",18,6,0,3,27
2046707,1609645,2025-11-18,House,"House Intergovernmental Affairs Subcommittee",15,0,0,2,17
2046707,1610396,2025-12-10,House,"House Government Operations Subcommittee",14,0,0,5,19
2046707,1616281,2026-01-22,House,"House State Affairs Committee",23,0,0,3,26
2046711,1609744,2025-11-20,House,"House Select Committee on Property Taxes",24,10,0,3,37
2046711,1609869,2025-12-02,House,"House State Affairs Committee",18,7,0,2,27
2046711,1610297,2025-12-10,House,"House Ways & Means Committee",10,5,0,5,20
2046712,1609742,2025-11-20,House,"House Select Committee on Property Taxes",23,10,0,4,37
2046712,1614294,2025-11-20,House,"House Select Committee on Property Taxes",23,10,0,4,37
2046713,1609776,2025-11-20,House,"House Select Committee on Property Taxes",24,9,0,4,37
2046713,1609870,2025-12-02,House,"House State Affairs Committee",18,7,0,2,27
2046762,1609520,2025-11-18,Senate,"Senate Environment and Natural Resources",8,0,0,0,8
2046903,1609881,2025-12-02,Senate,"Senate Transportation",5,1,0,2,8
2046903,1615079,2026-01-21,Senate,"Senate Appropriations Committee on Transportation, Tourism, and Economic Development",11,3,0,0,14
2046996,1609437,2025-11-18,Senate,"Senate Health Policy",7,1,0,2,10
2047012,1610304,2025-12-10,House,"House Ways & Means Committee",17,0,0,3,20
2047012,1613830,2026-01-14,House,"House Intergovernmental Affairs Subcommittee",15,0,0,2,17
2047019,1614063,2026-01-14,House,"House Health Professions & Programs Subcommittee",18,0,0,0,18
2047116,1609546,2025-11-18,House,"House Criminal Justice Subcommittee",16,0,0,3,19
2047132,1615346,2026-01-21,House,"House Government Operations Subcommittee",18,0,0,0,18
2047231,1613838,2026-01-13,Senate,"Senate Banking and Insurance",10,0,0,0,10
2047240,1613844,2026-01-14,House,"House Intergovernmental Affairs Subcommittee",16,0,0,1,17
2047356,1610258,2025-12-09,Senate,"Senate Regulated Industries",9,0,0,0,9
2047356,1614578,2026-01-20,Senate,"Senate Community Affairs",8,0,0,0,8
2047395,1609923,2025-12-02,Senate,"Senate Agriculture",4,0,0,1,5
2047395,1613850,2026-01-14,Senate,"Senate Fiscal Policy",17,3,0,0,20
2047431,1609871,2025-12-02,Senate,"Senate Judiciary",9,1,0,1,11
2047478,1614922,2026-01-20,House,"House Criminal Justice Subcommittee",16,1,0,0,17
2047496,1609003,2025-11-04,Senate,"Senate Military and Veterans Affairs, Space, and Domestic Security",5,0,0,0,5
2047496,1613289,2026-01-12,Senate,"Senate Governmental Oversight and Accountability",9,0,0,0,9
2047511,1609888,2025-12-02,House,"House Intergovernmental Affairs Subcommittee",15,0,0,2,17
2047511,1615414,2026-01-21,House,"House Government Operations Subcommittee",15,0,0,3,18
2047522,1609002,2025-11-04,Senate,"Senate Military and Veterans Affairs, Space, and Domestic Security",5,0,0,0,5
2047522,1613288,2026-01-12,Senate,"Senate Governmental Oversight and Accountability",9,0,0,0,9
2047544,1609580,2025-11-18,House,"House Housing, Agriculture & Tourism Subcommittee",16,0,0,1,17
2047544,1610355,2025-12-11,House,"House Intergovernmental Affairs Subcommittee",14,0,0,3,17
2047550,1610212,2025-12-09,Senate,"Senate Criminal Justice",6,0,0,2,8
2047550,1614215,2026-01-14,Senate,"Senate Appropriations Committee on Criminal and Civil Justice",7,0,0,1,8
2047552,1609920,2025-12-02,Senate,"Senate Environment and Natural Resources",6,0,0,2,8
2047558,1613880,2026-01-14,House,"House Intergovernmental Affairs Subcommittee",15,0,0,2,17
2047558,1615455,2026-01-21,House,"House Housing, Agriculture & Tourism Subcommittee",15,0,0,2,17
2047561,1610218,2025-12-09,Senate,"Senate Criminal Justice",6,0,0,2,8
2047561,1614195,2026-01-14,Senate,"Senate Appropriations Committee on Criminal and Civil Justice",7,0,0,1,8
2047579,1609576,2025-11-18,House,"House Intergovernmental Affairs Subcommittee",15,0,0,2,17
2047579,1609890,2025-12-02,House,"House Health Care Facilities & Systems Subcommittee",14,0,0,4,18
2047579,1615873,2026-01-22,House,"House State Affairs Committee",23,0,0,3,26
2047762,1614895,2026-01-20,House,"House Intergovernmental Affairs Subcommittee",12,2,0,3,17
2047810,1613904,2026-01-14,House,"House Economic Infrastructure Subcommittee",12,4,0,1,17
2051145,1614734,2026-01-20,House,"House Human Services Subcommittee",16,0,0,1,17
2051195,1609955,2025-12-02,Senate,"Senate Community Affairs",5,0,0,2,7
2051280,1610209,2025-12-09,Senate,"Senate Health Policy",7,0,0,3,10
2051312,1609551,2025-11-18,House,"House Civil Justice & Claims Subcommittee",13,3,0,2,18
2051312,1609851,2025-12-02,House,"House Judiciary Committee",14,6,0,1,21
2051312,1614143,2026-01-15,House,"House: Third Reading RCS#448",33,78,6,0,117
2051312,1614144,2026-01-15,House,"House: Third Reading RCS#449",76,34,7,0,117
2051457,1613573,2026-01-13,Senate,"Senate Community Affairs",8,0,0,0,8
2051466,1610326,2025-12-11,House,"House Intergovernmental Affairs Subcommittee",12,2,0,3,17
2051477,1614141,2026-01-14,House,"House Health Professions & Programs Subcommittee",14,4,0,0,18
2051477,1615087,2026-01-21,House,"House Health & Human Services Committee",18,5,0,3,26
2051494,1614762,2026-01-20,House,"House Criminal Justice Subcommittee",16,1,0,0,17
2051496,1610289,2025-12-09,Senate,"Senate Transportation",3,2,0,3,8
2051499,1610290,2025-12-09,Senate,"Senate Criminal Justice",6,0,0,2,8
2051506,1610259,2025-12-09,Senate,"Senate Regulated Industries",9,0,0,0,9
2051507,1613593,2026-01-13,Senate,"Senate Community Affairs",7,1,0,0,8
2051508,1615334,2026-01-21,House,"House Health Professions & Programs Subcommittee",17,0,0,1,18
2051516,1614715,2026-01-20,Senate,"Senate Health Policy",11,0,0,0,11
2051521,1609940,2025-12-02,Senate,"Senate Judiciary",10,0,0,1,11
2051525,1609902,2025-12-02,House,"House Intergovernmental Affairs Subcommittee",15,0,0,2,17
2051527,1610327,2025-12-10,House,"House Housing, Agriculture & Tourism Subcommittee",13,3,0,1,17
2051543,1613774,2026-01-13,Senate,"Senate Education Postsecondary",6,0,0,0,6
2051544,1609885,2025-12-02,Senate,"Senate Agriculture",4,0,0,1,5
2051544,1613841,2026-01-13,Senate,"Senate Commerce and Tourism",10,0,0,0,10
2051553,1615228,2026-01-20,Senate,"Senate Transportation",8,0,0,1,9
2051561,1613293,2026-01-12,Senate,"Senate Transportation",9,0,0,0,9
2051561,1615125,2026-01-21,Senate,"Senate Appropriations Committee on Transportation, Tourism, and Economic Development",14,0,0,0,14
2051563,1614146,2026-01-14,House,"House Health Professions & Programs Subcommittee",18,0,0,0,18
2051563,1614828,2026-01-20,House,"House Health Care Budget Subcommittee",12,0,0,3,15
2051567,1614730,2026-01-20,House,"House Economic Infrastructure Subcommittee",17,0,0,0,17
2051570,1614748,2026-01-20,House,"House Careers & Workforce Subcommittee",16,0,0,2,18
2051602,1610345,2025-12-11,House,"House Intergovernmental Affairs Subcommittee",14,0,0,3,17
2051602,1616282,2026-01-22,House,"House Ways & Means Committee",17,0,0,2,19
2051602,1616485,2026-01-22,House,"House Ways & Means Committee",17,0,0,2,19
2051607,1609936,2025-12-02,House,"House Industries & Professional Activities Subcommittee",16,0,0,1,17
2051607,1616192,2026-01-22,House,"House State Affairs Committee",23,0,0,3,26
2051612,1609938,2025-12-03,House,"House Natural Resources & Disasters Subcommittee",15,0,0,3,18
2051612,1616161,2026-01-22,House,"House State Affairs Committee",24,0,0,2,26
2051617,1613901,2026-01-13,Senate,"Senate Banking and Insurance",10,0,0,0,10
2051620,1613555,2026-01-13,House,"House Housing, Agriculture & Tourism Subcommittee",15,0,0,2,17
2051620,1613778,2026-01-13,House,"House Housing, Agriculture & Tourism Subcommittee",15,0,0,2,17
2051620,1615910,2026-01-22,House,"House State Affairs Committee",23,0,0,3,26
2051627,1609937,2025-12-02,House,"House Criminal Justice Subcommittee",13,0,0,5,18
2051627,1616026,2026-01-22,House,"House State Affairs Committee",23,0,0,3,26
2051641,1610219,2025-12-09,Senate,"Senate Criminal Justice",6,0,0,2,8
2051643,1614042,2026-01-14,House,"House Civil Justice & Claims Subcommittee",17,0,0,0,17
2051643,1616203,2026-01-22,House,"House Judiciary Committee",21,0,0,0,21
2051647,1614410,2026-01-20,Senate,"Senate Regulated Industries",5,3,0,1,9
2051662,1609887,2025-12-02,House,"House Health Care Facilities & Systems Subcommittee",15,0,0,3,18
2051662,1610351,2025-12-11,House,"House Health & Human Services Committee",15,0,0,10,25
2051662,1614207,2026-01-15,House,"House: Third Reading RCS#454",109,0,8,0,117
2051665,1610330,2025-12-11,House,"House Intergovernmental Affairs Subcommittee",14,0,0,3,17
2051665,1616035,2026-01-22,House,"House State Affairs Committee",22,0,0,4,26
2051669,1610292,2025-12-10,Senate,"Senate Commerce and Tourism",8,0,0,2,10
2051696,1610241,2025-12-09,House,"House Health Professions & Programs Subcommittee",13,3,0,1,17
2051706,1613993,2026-01-14,House,"House Economic Infrastructure Subcommittee",15,1,0,1,17
2051709,1609961,2025-12-02,House,"House Criminal Justice Subcommittee",13,0,0,5,18
2051736,1614055,2026-01-14,House,"House Health Professions & Programs Subcommittee",13,5,0,0,18
2051736,1614963,2026-01-21,House,"House Health & Human Services Committee",16,8,0,2,26
2051746,1609880,2025-12-02,House,"House Criminal Justice Subcommittee",13,0,0,5,18
2051757,1613544,2026-01-13,Senate,"Senate Education Pre-K - 12",6,1,0,1,8
2051789,1613889,2026-01-14,House,"House Economic Infrastructure Subcommittee",16,0,0,1,17
2051821,1613829,2026-01-14,House,"House Economic Infrastructure Subcommittee",16,0,0,1,17
2051840,1615644,2026-01-21,House,"House Insurance & Banking Subcommittee",16,0,0,2,18
2051933,1613078,2026-01-12,Senate,"Senate Criminal Justice",8,0,0,0,8
2051933,1615160,2026-01-21,Senate,"Senate Appropriations Committee on Criminal and Civil Justice",8,0,0,0,8
2051951,1614910,2026-01-20,Senate,"Senate Health Policy",11,0,0,0,11
2051961,1613163,2026-01-12,Senate,"Senate Criminal Justice",8,0,0,0,8
2052116,1609461,2025-11-18,Senate,"Senate Regulated Industries",7,0,0,2,9
2052116,1613280,2026-01-12,Senate,"Senate Governmental Oversight and Accountability",9,0,0,0,9
2052134,1609462,2025-11-18,Senate,"Senate Criminal Justice",7,0,0,1,8
2052134,1613292,2026-01-12,Senate,"Senate Governmental Oversight and Accountability",9,0,0,0,9
2052154,1609459,2025-11-18,Senate,"Senate Regulated Industries",7,0,0,2,9
2052154,1613083,2026-01-12,Senate,"Senate Governmental Oversight and Accountability",9,0,0,0,9
2052236,1616017,2026-01-22,House,"House State Affairs Committee",21,0,0,5,26
2052237,1609942,2025-12-02,House,"House Industries & Professional Activities Subcommittee",14,2,0,1,17
2052237,1613926,2026-01-14,House,"House State Administration Budget Subcommittee",11,0,0,2,13
2052241,1614529,2026-01-20,Senate,"Senate Education Pre-K - 12",8,0,0,0,8
2052243,1610436,2025-12-11,House,"House Intergovernmental Affairs Subcommittee",14,0,0,3,17
2052243,1615884,2026-01-22,House,"House State Affairs Committee",23,0,0,3,26
2052249,1613995,2026-01-14,House,"House Criminal Justice Subcommittee",14,2,0,1,17
2052249,1615563,2026-01-21,House,"House Justice Budget Subcommittee",10,3,0,2,15
2052253,1614908,2026-01-20,House,"House Economic Infrastructure Subcommittee",17,0,0,0,17
2052254,1614037,2026-01-14,House,"House Education Administration Subcommittee",18,0,0,0,18
2052254,1615854,2026-01-22,House,"House Education & Employment Committee",18,0,0,3,21
2052319,1613290,2026-01-12,Senate,"Senate Transportation",9,0,0,0,9
2052319,1615379,2026-01-21,Senate,"Senate Appropriations Committee on Transportation, Tourism, and Economic Development",14,0,0,0,14
2052372,1610329,2025-12-09,House,"House Civil Justice & Claims Subcommittee",13,0,0,4,17
2052372,1615735,2026-01-22,House,"House Judiciary Committee",21,0,0,0,21
2052452,1613160,2026-01-12,Senate,"Senate Transportation",8,0,0,1,9
2052452,1615111,2026-01-21,Senate,"Senate Appropriations Committee on Transportation, Tourism, and Economic Development",14,0,0,0,14
2052463,1613159,2026-01-12,Senate,"Senate Transportation",8,0,0,1,9
2052463,1615028,2026-01-21,Senate,"Senate Appropriations Committee on Transportation, Tourism, and Economic Development",14,0,0,0,14
2052593,1613767,2026-01-13,Senate,"Senate Ethics and Elections",6,2,0,0,8
2052647,1613985,2026-01-14,House,"House Criminal Justice Subcommittee",17,0,0,0,17
2052647,1616126,2026-01-22,House,"House Judiciary Committee",21,0,0,0,21
2052648,1614525,2026-01-20,Senate,"Senate Judiciary",9,0,0,2,11
2052650,1613533,2026-01-13,Senate,"Senate Community Affairs",8,0,0,0,8
2052650,1615301,2026-01-21,Senate,"Senate Appropriations Committee on Criminal and Civil Justice",8,0,0,0,8
2052652,1613634,2026-01-13,Senate,"Senate Community Affairs",8,0,0,0,8
2052652,1615217,2026-01-21,Senate,"Senate Appropriations Committee on Criminal and Civil Justice",8,0,0,0,8
2052653,1613979,2026-01-14,House,"House Industries & Professional Activities Subcommittee",13,2,0,3,18
2052654,1615698,2026-01-21,House,"House Insurance & Banking Subcommittee",17,0,0,1,18
2052755,1610348,2025-12-11,House,"House Intergovernmental Affairs Subcommittee",14,0,0,3,17
2052755,1610443,2025-12-11,House,"House Intergovernmental Affairs Subcommittee",14,0,0,3,17
2052755,1613928,2026-01-14,House,"House Criminal Justice Subcommittee",17,0,0,0,17
2052777,1615458,2026-01-21,House,"House Commerce Committee",18,0,0,8,26
2052790,1613596,2026-01-13,Senate,"Senate Community Affairs",8,0,0,0,8
2052807,1613077,2026-01-12,Senate,"Senate Criminal Justice",8,0,0,0,8
2052807,1615238,2026-01-21,Senate,"Senate Appropriations Committee on Criminal and Civil Justice",8,0,0,0,8
2052820,1615196,2026-01-21,House,"House Government Operations Subcommittee",18,0,0,0,18
2052825,1613575,2026-01-13,Senate,"Senate Agriculture",4,0,0,1,5
2052830,1613977,2026-01-13,Senate,"Senate Commerce and Tourism",9,0,0,1,10
2052830,1615162,2026-01-21,Senate,"Senate Appropriations Committee on Transportation, Tourism, and Economic Development",14,0,0,0,14
2052893,1615493,2026-01-20,Senate,"Senate Education Pre-K - 12",8,0,0,0,8
2052936,1613211,2026-01-12,Senate,"Senate Criminal Justice",6,2,0,0,8
2052974,1614142,2026-01-13,Senate,"Senate Banking and Insurance",10,0,0,0,10
2052980,1614920,2026-01-20,House,"House Criminal Justice Subcommittee",16,1,0,0,17
2052991,1613567,2026-01-13,Senate,"Senate Environment and Natural Resources",7,0,0,1,8
2053007,1613570,2026-01-13,House,"House Human Services Subcommittee",17,0,0,0,17
2053007,1615759,2026-01-22,House,"House Judiciary Committee",21,0,0,0,21
2053019,1613537,2026-01-13,House,"House Natural Resources & Disasters Subcommittee",16,0,0,3,19
2053024,1614672,2026-01-20,Senate,"Senate Community Affairs",8,0,0,0,8
2053027,1613538,2026-01-13,Senate,"Senate Environment and Natural Resources",6,1,0,1,8
2053046,1613831,2026-01-13,Senate,"Senate Education Pre-K - 12",6,0,0,2,8
2053054,1613772,2026-01-13,House,"House Student Academic Success Subcommittee",16,0,0,1,17
2053054,1615919,2026-01-22,House,"House Education & Employment Committee",19,0,0,2,21
2053063,1613578,2026-01-13,Senate,"Senate Ethics and Elections",8,0,0,0,8
2053066,1613600,2026-01-13,House,"House Government Operations Subcommittee",18,0,0,0,18
2053066,1615384,2026-01-21,House,"House Student Academic Success Subcommittee",17,0,0,0,17
2053068,1614381,2026-01-20,Senate,"Senate Children, Families, and Elder Affairs",6,0,0,0,6
2053076,1615106,2026-01-21,Senate,"Senate Commerce and Tourism",10,0,0,0,10
2053089,1613773,2026-01-13,Senate,"Senate Ethics and Elections",8,0,0,0,8
2053183,1613103,2026-01-12,Senate,"Senate Transportation",9,0,0,0,9
2053183,1615245,2026-01-21,Senate,"Senate Appropriations Committee on Transportation, Tourism, and Economic Development",14,0,0,0,14
2053195,1613574,2026-01-13,House,"House Housing, Agriculture & Tourism Subcommittee",16,0,0,1,17
2053198,1613131,2026-01-12,Senate,"Senate Criminal Justice",8,0,0,0,8
2053198,1614511,2026-01-20,Senate,"Senate Children, Families, and Elder Affairs",6,0,0,0,6
2053217,1613564,2026-01-13,House,"House Natural Resources & Disasters Subcommittee",11,5,0,3,19
2053230,1613597,2026-01-12,Senate,"Senate Children, Families, and Elder Affairs",6,0,0,0,6
2053238,1610328,2025-12-11,House,"House Intergovernmental Affairs Subcommittee",14,0,0,3,17
2053238,1613620,2025-12-11,House,"House Intergovernmental Affairs Subcommittee",14,0,0,3,17
2053241,1610332,2025-12-11,House,"House Intergovernmental Affairs Subcommittee",14,0,0,3,17
2053241,1615052,2026-01-21,House,"House Civil Justice & Claims Subcommittee",16,0,0,1,17
2053270,1613598,2026-01-13,House,"House Human Services Subcommittee",17,0,0,0,17
2053270,1615907,2026-01-22,House,"House Judiciary Committee",21,0,0,0,21
2053272,1610388,2025-12-11,House,"House Industries & Professional Activities Subcommittee",15,0,0,2,17
2053284,1613569,2026-01-13,Senate,"Senate Community Affairs",8,0,0,0,8
2053284,1615013,2026-01-21,Senate,"Senate Appropriations Committee on Transportation, Tourism, and Economic Development",14,0,0,0,14
2053398,1610285,2025-12-09,House,"House Insurance & Banking Subcommittee",18,0,0,1,19
2053402,1614678,2026-01-20,Senate,"Senate Health Policy",11,0,0,0,11
2053404,1613254,2026-01-12,Senate,"Senate Children, Families, and Elder Affairs",6,0,0,0,6
2053404,1614802,2026-01-20,Senate,"Senate Judiciary",8,2,0,1,11
2053416,1610300,2025-12-10,Senate,"Senate Appropriations",16,0,0,1,17
2053416,1613988,2026-01-14,Senate,"Senate: Third Reading RCS#3",39,0,0,0,39
2053419,1613614,2026-01-13,Senate,"Senate Ethics and Elections",8,0,0,0,8
2053420,1610435,2025-12-11,House,"House Intergovernmental Affairs Subcommittee",14,0,0,3,17
2053420,1613768,2026-01-13,House,"House Natural Resources & Disasters Subcommittee",15,0,0,4,19
2053420,1615904,2026-01-22,House,"House State Affairs Committee",23,0,0,3,26
2053425,1614036,2026-01-14,House,"House Criminal Justice Subcommittee",16,1,0,0,17
2053438,1613271,2026-01-12,Senate,"Senate Transportation",9,0,0,0,9
2053452,1613576,2026-01-13,Senate,"Senate Environment and Natural Resources",8,0,0,0,8
2053481,1613888,2026-01-14,House,"House Intergovernmental Affairs Subcommittee",15,0,0,2,17
2053500,1613887,2026-01-13,Senate,"Senate Banking and Insurance",10,0,0,0,10
2053583,1610305,2025-12-10,Senate,"Senate Appropriations",16,0,0,1,17
2053583,1613989,2026-01-14,Senate,"Senate: Third Reading RCS#4",38,0,1,0,39
2053602,1610240,2025-12-09,Senate,"Senate Education Pre-K - 12",6,0,0,2,8
2053602,1613837,2026-01-14,Senate,"Senate Fiscal Policy",20,0,0,0,20
2053602,1615622,2026-01-22,Senate,"Senate: Third Reading RCS#5",36,0,0,3,39
2053623,1613902,2026-01-14,House,"House Intergovernmental Affairs Subcommittee",16,0,0,1,17
2053802,1610226,2025-12-09,House,"House Insurance & Banking Subcommittee",18,0,0,1,19
2053823,1614900,2026-01-20,Senate,"Senate Criminal Justice",8,0,0,0,8
2053866,1613983,2026-01-14,House,"House Civil Justice & Claims Subcommittee",17,0,0,0,17
2053866,1615739,2026-01-22,House,"House Judiciary Committee",21,0,0,0,21
2053890,1615503,2026-01-20,Senate,"Senate Transportation",9,0,0,0,9
2053927,1609873,2025-12-02,Senate,"Senate Governmental Oversight and Accountability",7,0,0,2,9
2053927,1613839,2026-01-14,Senate,"Senate Appropriations",17,0,0,1,18
2053927,1615691,2026-01-22,Senate,"Senate: Third Reading RCS#6",36,0,0,3,39
2053970,1609886,2025-12-02,Senate,"Senate Transportation",6,0,0,2,8
2053970,1613082,2026-01-12,Senate,"Senate Governmental Oversight and Accountability",9,0,0,0,9
2054012,1613589,2026-01-13,House,"House Government Operations Subcommittee",14,3,0,1,18
2054052,1615425,2026-01-21,House,"House Commerce Committee",21,0,0,5,26
2054553,1614040,2026-01-14,House,"House Careers & Workforce Subcommittee",15,0,0,3,18
2054580,1613144,2026-01-12,Senate,"Senate Criminal Justice",8,0,0,0,8
2054580,1615320,2026-01-21,Senate,"Senate Appropriations Committee on Criminal and Civil Justice",8,0,0,0,8
2055127,1614524,2026-01-20,Senate,"Senate Regulated Industries",7,0,0,2,9
2055145,1613540,2026-01-13,House,"House Human Services Subcommittee",17,0,0,0,17
2055145,1614434,2026-01-20,House,"House Health Care Budget Subcommittee",12,0,0,3,15
2055184,1614695,2026-01-20,Senate,"Senate Criminal Justice",8,0,0,0,8
2055194,1610369,2025-12-10,Senate,"Senate Commerce and Tourism",7,1,0,2,10
2055194,1613134,2026-01-12,Senate,"Senate Governmental Oversight and Accountability",9,0,0,0,9
2055200,1610370,2025-12-10,Senate,"Senate Commerce and Tourism",8,0,0,2,10
2055200,1613054,2026-01-12,Senate,"Senate Governmental Oversight and Accountability",9,0,0,0,9
2055221,1614568,2026-01-20,Senate,"Senate Transportation",8,0,0,1,9
2055240,1614465,2026-01-20,Senate,"Senate Community Affairs",8,0,0,0,8
2055841,1613981,2026-01-14,House,"House Education Administration Subcommittee",17,1,0,0,18
2055841,1615913,2026-01-22,House,"House Education & Employment Committee",18,1,0,2,21
2055916,1614476,2026-01-20,Senate,"Senate Environment and Natural Resources",7,1,0,0,8
2055928,1613870,2026-01-14,House,"House Intergovernmental Affairs Subcommittee",14,2,0,1,17
2055928,1615483,2026-01-21,House,"House Education Administration Subcommittee",17,1,0,0,18
2055939,1613954,2026-01-14,House,"House Intergovernmental Affairs Subcommittee",13,2,0,2,17
2055951,1615553,2026-01-21,House,"House Government Operations Subcommittee",18,0,0,0,18
2055987,1614808,2026-01-20,House,"House Natural Resources & Disasters Subcommittee",16,0,0,2,18
2055999,1610385,2025-12-11,House,"House Industries & Professional Activities Subcommittee",9,6,0,2,17
2055999,1613960,2026-01-14,House,"House State Administration Budget Subcommittee",10,2,0,1,13
2056021,1613828,2026-01-13,Senate,"Senate Commerce and Tourism",10,0,0,0,10
2056165,1613866,2026-01-14,House,"House Criminal Justice Subcommittee",17,0,0,0,17
2056165,1615214,2026-01-21,House,"House Justice Budget Subcommittee",12,0,0,3,15
2056168,1614150,2026-01-15,Senate,"Senate Rules",23,0,0,1,24
2056168,1615630,2026-01-22,Senate,"Senate: Third Reading RCS#4",36,0,0,3,39
2056170,1614147,2026-01-15,Senate,"Senate Rules",23,0,0,1,24
2056170,1616025,2026-01-22,Senate,"Senate: Third Reading RCS#3",36,0,0,3,39
2056177,1614098,2026-01-15,Senate,"Senate Rules",23,0,0,1,24
2056177,1616050,2026-01-22,Senate,"Senate: Third Reading RCS#2",36,0,0,3,39
2056190,1613587,2026-01-13,Senate,"Senate Education Postsecondary",6,0,0,0,6
2056264,1614743,2026-01-20,House,"House Information Technology Budget & Policy Subcommittee",16,0,0,0,16
2056312,1615432,2026-01-21,House,"House Housing, Agriculture & Tourism Subcommittee",15,0,0,2,17
2056482,1613931,2026-01-14,House,"House Insurance & Banking Subcommittee",16,0,0,2,18
2056489,1614904,2026-01-20,House,"House Criminal Justice Subcommittee",16,1,0,0,17
2056586,1613826,2026-01-14,House,"House Intergovernmental Affairs Subcommittee",15,0,0,2,17
2056586,1615718,2026-01-22,House,"House State Affairs Committee",22,0,0,4,26
2056615,1614402,2026-01-20,House,"House Intergovernmental Affairs Subcommittee",16,0,0,1,17
2056625,1613136,2026-01-12,Senate,"Senate Regulated Industries",9,0,0,0,9
2056654,1614425,2026-01-20,Senate,"Senate Judiciary",9,0,0,2,11
2056690,1615167,2026-01-21,House,"House Housing, Agriculture & Tourism Subcommittee",16,0,0,1,17
2056723,1613270,2026-01-12,Senate,"Senate Judiciary",9,1,0,1,11
2056752,1613978,2026-01-14,House,"House Civil Justice & Claims Subcommittee",17,0,0,0,17
2057088,1614535,2026-01-20,Senate,"Senate Governmental Oversight and Accountability",9,0,0,0,9
2057162,1613963,2026-01-14,House,"House Industries & Professional Activities Subcommittee",16,0,0,2,18
2057217,1614406,2026-01-20,Senate,"Senate Children, Families, and Elder Affairs",6,0,0,0,6
2057335,1613980,2026-01-14,House,"House Industries & Professional Activities Subcommittee",15,0,0,3,18
2057503,1614760,2026-01-20,Senate,"Senate Regulated Industries",7,0,0,2,9
2057511,1613811,2026-01-13,Senate,"Senate Commerce and Tourism",10,0,0,0,10
2057517,1613079,2026-01-12,Senate,"Senate Regulated Industries",9,0,0,0,9
2057528,1613591,2026-01-13,Senate,"Senate Education Postsecondary",6,0,0,0,6
2057534,1614912,2026-01-20,Senate,"Senate Criminal Justice",7,1,0,0,8
2057542,1614789,2026-01-20,Senate,"Senate Criminal Justice",7,1,0,0,8
2057636,1613822,2026-01-13,Senate,"Senate Commerce and Tourism",10,0,0,0,10
2057719,1613812,2026-01-13,Senate,"Senate Banking and Insurance",10,0,0,0,10
2057736,1615338,2026-01-21,House,"House Health Care Facilities & Systems Subcommittee",15,1,0,2,18
2057801,1614494,2026-01-20,Senate,"Senate Community Affairs",8,0,0,0,8
2057823,1613813,2026-01-13,Senate,"Senate Commerce and Tourism",10,0,0,0,10
2057838,1614132,2026-01-13,Senate,"Senate Banking and Insurance",10,0,0,0,10
2057838,1614382,2026-01-20,Senate,"Senate Judiciary",8,2,0,1,11
2057976,1613590,2026-01-13,Senate,"Senate Community Affairs",8,0,0,0,8
2057976,1614503,2026-01-20,Senate,"Senate Judiciary",9,0,0,2,11
2057982,1613545,2026-01-13,Senate,"Senate Environment and Natural Resources",7,0,0,1,8
2058041,1613770,2026-01-13,House,"House Student Academic Success Subcommittee",16,0,0,1,17
2058041,1614907,2026-01-20,House,"House PreK-12 Budget Subcommittee",15,0,0,0,15
2058120,1615137,2026-01-21,House,"House Civil Justice & Claims Subcommittee",16,0,0,1,17
2058269,1613851,2026-01-13,Senate,"Senate Commerce and Tourism",10,0,0,0,10
2058373,1614435,2026-01-20,Senate,"Senate Transportation",8,0,0,1,9
2058384,1614764,2026-01-20,House,"House Criminal Justice Subcommittee",12,5,0,0,17
2058408,1613581,2026-01-13,House,"House Housing, Agriculture & Tourism Subcommittee",15,0,0,2,17
2058408,1616125,2026-01-22,House,"House State Affairs Committee",23,0,0,3,26
2058422,1614721,2026-01-20,House,"House Careers & Workforce Subcommittee",15,0,0,3,18
2058435,1614775,2026-01-20,House,"House Criminal Justice Subcommittee",13,4,0,0,17
2058458,1614706,2026-01-20,House,"House Intergovernmental Affairs Subcommittee",17,0,0,0,17
2058493,1614919,2026-01-20,House,"House Criminal Justice Subcommittee",15,2,0,0,17
2058705,1614795,2026-01-20,House,"House Natural Resources & Disasters Subcommittee",17,0,0,1,18
2058720,1613990,2026-01-14,House,"House Civil Justice & Claims Subcommittee",17,0,0,0,17
2058720,1615177,2026-01-21,House,"House Justice Budget Subcommittee",11,1,0,3,15
2058739,1614925,2026-01-20,House,"House Industries & Professional Activities Subcommittee",14,0,0,3,17
2058751,1614896,2026-01-20,Senate,"Senate Criminal Justice",8,0,0,0,8
2058775,1614898,2026-01-20,Senate,"Senate Criminal Justice",8,0,0,0,8
2058893,1615608,2026-01-21,House,"House Insurance & Banking Subcommittee",17,0,0,1,18
2059095,1616024,2026-01-21,House,"House Insurance & Banking Subcommittee",14,0,0,4,18
2059179,1613842,2026-01-13,Senate,"Senate Commerce and Tourism",10,0,0,0,10
2059220,1614527,2026-01-20,Senate,"Senate Education Pre-K - 12",8,0,0,0,8
2059234,1614911,2026-01-20,Senate,"Senate Criminal Justice",8,0,0,0,8
2059448,1614395,2026-01-20,House,"House Intergovernmental Affairs Subcommittee",17,0,0,0,17
2059453,1613908,2026-01-14,House,"House Industries & Professional Activities Subcommittee",15,0,0,3,18
2059453,1615213,2026-01-21,House,"House Civil Justice & Claims Subcommittee",16,0,0,1,17
2059488,1614797,2026-01-20,House,"House Intergovernmental Affairs Subcommittee",15,0,0,2,17
2059511,1615340,2026-01-21,House,"House Government Operations Subcommittee",18,0,0,0,18
2059556,1615171,2026-01-21,House,"House Government Operations Subcommittee",18,0,0,0,18
2059573,1614784,2026-01-20,House,"House Industries & Professional Activities Subcommittee",14,1,0,2,17
2059588,1614747,2026-01-20,House,"House Industries & Professional Activities Subcommittee",14,0,0,3,17
2060090,1615561,2026-01-21,House,"House Housing, Agriculture & Tourism Subcommittee",15,0,0,2,17
2060160,1614800,2026-01-20,House,"House Criminal Justice Subcommittee",17,0,0,0,17
2060181,1614597,2026-01-20,Senate,"Senate Environment and Natural Resources",8,0,0,0,8
2060206,1615124,2026-01-21,Senate,"Senate Ethics and Elections",7,0,0,1,8
2060377,1614810,2026-01-20,House,"House Intergovernmental Affairs Subcommittee",17,0,0,0,17
2060405,1614531,2026-01-20,Senate,"Senate Regulated Industries",7,0,0,2,9
2060435,1614430,2026-01-20,House,"House Criminal Justice Subcommittee",17,0,0,0,17
2060634,1615032,2026-01-21,Senate,"Senate Commerce and Tourism",10,0,0,0,10
2060783,1615004,2026-01-21,Senate,"Senate Commerce and Tourism",6,4,0,0,10
2060832,1615260,2026-01-21,House,"House Health Professions & Programs Subcommittee",17,0,0,1,18
2060835,1614499,2026-01-20,Senate,"Senate Children, Families, and Elder Affairs",5,1,0,0,6
2060841,1614968,2026-01-21,Senate,"Senate Commerce and Tourism",10,0,0,0,10
2060847,1613905,2026-01-14,House,"House Industries & Professional Activities Subcommittee",16,0,0,2,18
2060859,1614906,2026-01-20,House,"House Economic Infrastructure Subcommittee",17,0,0,0,17
2060869,1613912,2026-01-14,House,"House Industries & Professional Activities Subcommittee",10,5,0,3,18
2060871,1613958,2026-01-14,House,"House Insurance & Banking Subcommittee",17,0,0,1,18
2060871,1615496,2026-01-21,House,"House Commerce Committee",17,0,0,9,26
2060883,1615626,2026-01-21,House,"House Insurance & Banking Subcommittee",16,0,0,2,18
2060886,1613959,2026-01-14,House,"House Civil Justice & Claims Subcommittee",17,0,0,0,17
2060886,1616149,2026-01-21,House,"House Insurance & Banking Subcommittee",16,0,0,2,18
2060900,1615418,2026-01-21,House,"House Education Administration Subcommittee",18,0,0,0,18
2060932,1614926,2026-01-20,House,"House Intergovernmental Affairs Subcommittee",17,0,0,0,17
2061052,1614714,2026-01-20,House,"House Human Services Subcommittee",16,0,0,1,17
2061115,1614426,2026-01-20,House,"House Industries & Professional Activities Subcommittee",14,0,0,3,17
2061261,1614214,2026-01-13,Senate,"Senate Banking and Insurance",10,0,0,0,10
2061285,1614700,2026-01-20,House,"House Intergovernmental Affairs Subcommittee",17,0,0,0,17
2061354,1615012,2026-01-20,Senate,"Senate Education Pre-K - 12",8,0,0,0,8
2065051,1614432,2026-01-20,House,"House Intergovernmental Affairs Subcommittee",17,0,0,0,17
2065063,1614905,2026-01-20,House,"House Intergovernmental Affairs Subcommittee",17,0,0,0,17
2065079,1614389,2026-01-20,House,"House Intergovernmental Affairs Subcommittee",17,0,0,0,17
2065135,1614805,2026-01-20,House,"House Natural Resources & Disasters Subcommittee",16,0,0,2,18
2065153,1614713,2026-01-20,House,"House Intergovernmental Affairs Subcommittee",17,0,0,0,17
2065194,1614740,2026-01-20,Senate,"Senate Regulated Industries",7,0,0,2,9
2065242,1614623,2026-01-20,Senate,"Senate Criminal Justice",7,1,0,0,8
2065244,1615128,2026-01-20,Senate,"Senate Transportation",9,0,0,0,9
2065268,1613283,2026-01-12,Senate,"Senate Children, Families, and Elder Affairs",6,0,0,0,6
2065294,1615139,2026-01-21,House,"House Civil Justice & Claims Subcommittee",13,3,0,1,17
2065301,1615053,2026-01-21,Senate,"Senate Commerce and Tourism",10,0,0,0,10
2065302,1614544,2026-01-20,Senate,"Senate Environment and Natural Resources",8,0,0,0,8
2065328,1615146,2026-01-21,Senate,"Senate Commerce and Tourism",10,0,0,0,10
2065613,1615521,2026-01-20,Senate,"Senate Education Pre-K - 12",8,0,0,0,8
2065626,1614403,2026-01-20,Senate,"Senate Community Affairs",6,2,0,0,8
2065831,1614809,2026-01-20,House,"House Intergovernmental Affairs Subcommittee",16,0,0,1,17
2065857,1614390,2026-01-20,House,"House Intergovernmental Affairs Subcommittee",17,0,0,0,17
2065893,1614401,2026-01-20,House,"House Intergovernmental Affairs Subcommittee",10,6,0,1,17
2065913,1614409,2026-01-20,Senate,"Senate Community Affairs",8,0,0,0,8
2065951,1615454,2026-01-21,House,"House Student Academic Success Subcommittee",12,5,0,0,17
2065986,1614759,2026-01-20,Senate,"Senate Environment and Natural Resources",8,0,0,0,8
2066011,1614871,2026-01-20,House,"House Intergovernmental Affairs Subcommittee",17,0,0,0,17
2066076,1614553,2026-01-20,Senate,"Senate Education Pre-K - 12",8,0,0,0,8
2066101,1614978,2026-01-21,Senate,"Senate Education Postsecondary",6,0,0,0,6
2066122,1614729,2026-01-20,House,"House Careers & Workforce Subcommittee",15,0,0,3,18
2066272,1614998,2026-01-21,Senate,"Senate Commerce and Tourism",10,0,0,0,10
2066466,1614705,2026-01-20,Senate,"Senate Criminal Justice",8,0,0,0,8
2066480,1614854,2026-01-20,House,"House Careers & Workforce Subcommittee",16,0,0,2,18
2066518,1614893,2026-01-20,Senate,"Senate Environment and Natural Resources",8,0,0,0,8
2066570,1615339,2026-01-21,House,"House Education Administration Subcommittee",13,5,0,0,18
2066592,1615018,2026-01-21,House,"House Civil Justice & Claims Subcommittee",16,0,0,1,17
2067156,1616122,2026-01-22,House,"House Ways & Means Committee",17,0,0,2,19
2067156,1616643,2026-01-22,House,"House Ways & Means Committee",17,0,0,2,19
2068741,1613546,2026-01-13,Senate,"Senate Agriculture",5,0,0,0,5
2069830,1615675,2026-01-21,House,"House Insurance & Banking Subcommittee",17,0,0,1,18
2070066,1614536,2026-01-20,Senate,"Senate Regulated Industries",8,0,0,1,9
2070122,1614537,2026-01-20,Senate,"Senate Regulated Industries",7,1,0,1,9
2081576,1615760,2026-01-20,Senate,"Senate Education Pre-K - 12",6,2,0,0,8
2081827,1614498,2026-01-20,Senate,"Senate Governmental Oversight and Accountability",9,0,0,0,9
2082081,1614736,2026-01-20,Senate,"Senate Governmental Oversight and Accountability",9,0,0,0,9
2082329,1614735,2026-01-20,Senate,"Senate Governmental Oversight and Accountability",9,0,0,0,9
2083999,1615164,2026-01-21,Senate,"Senate Commerce and Tourism",10,0,0,0,10
