people_id,name,first_name,middle_name,last_name,suffix,nickname,party_id,party,role_id,role,district,followthemoney_eid,votesmart_id,opensecrets_id,ballotpedia,knowwho_pid,committee_id
3069,"Patrick Diegnan",Patrick,J.,Diegnan,Jr.,,1,D,2,Sen,SD-018,6389820,55104,,Patrick_Diegnan_Jr.,209972,0
3072,"John McKeon",John,F.,McKeon,,,1,D,2,Sen,SD-027,6389188,55071,,John_McKeon_(New_Jersey),209985,0
3074,"Jon Bramnick",Jon,M.,Bramnick,,,2,R,2,Sen,SD-021,6510425,43406,,Jon_Bramnick,215849,0
3077,"James Holzapfel",James,W.,Holzapfel,,,2,R,2,Sen,SD-010,6586141,4437,,James_Holzapfel,197355,0
3079,"Linda Greenstein",Linda,R.,Greenstein,,,1,D,2,Sen,SD-014,13008924,22544,,Linda_Greenstein,197363,0
3091,"Anthony M. Bucco",Anthony,M.,Bucco,Jr.,,2,R,2,Sen,SD-025,6586626,122157,,Anthony_M._Bucco,283474,0
3093,"Declan O'Scanlon",Declan,J.,O'Scanlon,Jr.,,2,R,2,Sen,SD-013,6480534,58171,,"Declan_O%27Scanlon,_Jr.",260557,0
3104,"Vincent Polistina",Vincent,J.,Polistina,,Vince,2,R,2,Sen,SD-002,6577235,69652,,Vincent_Polistina,260504,0
3108,"Gordon Johnson",Gordon,M.,Johnson,,,1,D,2,Sen,SD-037,6389154,55119,,Gordon_Johnson,121160,0
3124,"Paul Moriarty",Paul,D.,Moriarty,,,1,D,2,Sen,SD-004,6467294,58078,,Paul_Moriarty_(New_Jersey),241274,0
3125,"John Burzichelli",John,J.,Burzichelli,,,1,D,2,Sen,SD-003,6389575,22547,,John_Burzichelli,209982,0
3129,"Joseph Cryan",Joseph,P.,Cryan,,,1,D,2,Sen,SD-020,5150905,55122,,Joseph_Cryan,209973,0
3136,"Craig Coughlin",Craig,J.,Coughlin,,,1,D,1,Rep,HD-019,6498711,116275,,Craig_Coughlin,282661,0
3138,"Robert Smith",Robert,,Smith,,Bob,1,D,2,Sen,SD-017,6389373,4201,,Bob_Smith_(New_Jersey),197370,0
3142,"James Beach",James,,Beach,,,1,D,2,Sen,SD-006,6512916,110944,,James_Beach,275014,0
3150,"Joseph Pennacchio",Joseph,,Pennacchio,,,2,R,2,Sen,SD-026,6586404,55025,,Joseph_Pennacchio,121163,0
3154,"Nicholas Scutari",Nicholas,P.,Scutari,,,1,D,2,Sen,SD-022,6452479,43083,,Nicholas_Scutari,118119,0
3158,"Joseph Vitale",Joseph,F.,Vitale,,,1,D,2,Sen,SD-019,6389456,24731,,Joseph_Vitale,197316,0
3169,"Brian Stack",Brian,P.,Stack,,,1,D,2,Sen,SD-033,6410684,43373,,Brian_Stack,220489,0
3174,"Teresa Ruiz","M. Teresa",,Ruiz,,Teresa,1,D,2,Sen,SD-029,13012888,69688,,Teresa_Ruiz_(New_Jersey),260491,0
3182,"Paul Sarlo",Paul,A.,Sarlo,,,1,D,2,Sen,SD-036,6389343,55139,,Paul_Sarlo,209978,0
3206,"Robert Singer",Robert,W.,Singer,,,2,R,2,Sen,SD-030,6451586,4471,,Robert_Singer,197326,0
3209,"Shirley Turner",Shirley,K.,Turner,,,1,D,2,Sen,SD-015,6389447,4452,,Shirley_Turner,197312,0
13506,"Troy Singleton",Troy,,Singleton,,,1,D,2,Sen,SD-007,6512941,129802,,Troy_Singleton,362767,0
13696,"Holly Schepisi",Holly,T.,Schepisi,,,2,R,2,Sen,SD-039,13008985,134860,,Holly_Schepisi,363204,0
13700,"Benjie Wimberly",Benjie,E.,Wimberly,,,1,D,2,Sen,SD-035,6513087,129849,,Benjie_Wimberly,363153,0
15979,"Parker Space",Parker,,Space,,,2,R,2,Sen,SD-024,16700337,133246,,Parker_Space,453230,0
16148,"Joseph Lagana",Joseph,A.,Lagana,,,1,D,2,Sen,SD-038,18930609,145269,,Joseph_Lagana,465666,0
16150,"Raj Mukherji",Raj,,Mukherji,,,1,D,2,Sen,SD-032,6422591,144606,,Raj_Mukherji,455829,0
16360,"Nilsa Cruz-Perez",Nilsa,I.,Cruz-Perez,,,1,D,2,Sen,SD-005,6389684,4472,,Nilsa_Cruz-Perez,197345,0
17863,"Andrew Zwicker",Andrew,,Zwicker,,,1,D,2,Sen,SD-016,23421566,152123,,Andrew_Zwicker,493728,0
17873,"Angela Mcknight",Angela,V.,Mcknight,,,1,D,2,Sen,SD-031,29336712,156554,,Angela_McKnight,531939,0
17948,"Robert Karabinchak",Robert,J.,Karabinchak,,,1,D,1,Rep,HD-018,6435259,133356,,Robert_Karabinchak,585691,0
19421,"Kristin Corrado",Kristin,M.,Corrado,,,2,R,2,Sen,SD-040,41754333,176310,,Kristin_Corrado,620583,0
19517,"Vin Gopal",Vin,,Gopal,,,1,D,2,Sen,SD-011,6512972,129810,,Vin_Gopal,362868,0
19561,"Britnee Timberlake",Britnee,N.,Timberlake,,,1,D,2,Sen,SD-034,44269430,162394,,Britnee_Timberlake,653935,0
21404,"Michael Testa",Michael,L.,Testa,Jr.,,2,R,2,Sen,SD-001,47246050,186423,,Mike_Testa_Jr.,725072,0
23175,"Alex Sauickie",Alex,,Sauickie,III,,2,R,1,Rep,HD-012,0,210460,,Alex_Sauickie,820834,0
23178,"Renee Burgess",Renee,C.,Burgess,,,1,D,2,Sen,SD-028,56921029,161903,,Renee_Burgess,820169,0
23381,"Douglas Steinhardt",Douglas,J.,Steinhardt,,,2,R,2,Sen,SD-023,58368700,0,,Doug_Steinhardt,0,0
25118,"Carmen Amato",Carmen,F.,Amato,Jr.,,2,R,2,Sen,SD-009,58887220,81264,,Carmen_Amato_Jr.,0,0
25119,"Owen Henry",Owen,,Henry,,,2,R,2,Sen,SD-012,6584028,162039,,Owen_Henry,0,0
25120,"Latham Tiver",Latham,,Tiver,,,2,R,2,Sen,SD-008,58887219,175222,,Latham_Tiver,0,0
25142,"David Bailey",David,,Bailey,Jr.,,1,D,1,Rep,HD-003,58887272,212234,,Dave_Bailey_Jr.,0,0
25147,"Dan Hutchison",Dan,,Hutchison,,,1,D,1,Rep,HD-004,58887278,43317,,Dan_Hutchison,0,0
25150,"Andrea Katz",Andrea,,Katz,,,1,D,1,Rep,HD-008,58887288,211630,,Andrea_Katz,0,0
25153,"Cody Miller",Cody,D.,Miller,,,1,D,1,Rep,HD-004,58887279,211624,,Cody_Miller,0,0
25158,"Heather Simmons",Heather,,Simmons,,,1,D,1,Rep,HD-003,58887271,133202,,Heather_Simmons,0,0
25159,"Michael Venezia",Michael,,Venezia,,,1,D,1,Rep,HD-034,58887362,133320,,Michael_Venezia,0,0
