bill_id,document_id,document_type,document_size,document_mime,document_desc,url,state_link
2084381,3321604,text,46867,application/pdf,Introduced,https://legiscan.com/ID/text/H0489/id/3321604,https://legislature.idaho.gov/wp-content/uploads/sessioninfo/2026/legislation/H0489.pdf
2084632,3321856,text,47723,application/pdf,Introduced,https://legiscan.com/ID/text/H0490/id/3321856,https://legislature.idaho.gov/wp-content/uploads/sessioninfo/2026/legislation/H0490.pdf
2084507,3321730,text,44858,application/pdf,Introduced,https://legiscan.com/ID/text/H0491/id/3321730,https://legislature.idaho.gov/wp-content/uploads/sessioninfo/2026/legislation/H0491.pdf
2084252,3321475,text,45206,application/pdf,Introduced,https://legiscan.com/ID/text/H0492/id/3321475,https://legislature.idaho.gov/wp-content/uploads/sessioninfo/2026/legislation/H0492.pdf
2084128,3321352,text,46992,application/pdf,Introduced,https://legiscan.com/ID/text/H0493/id/3321352,https://legislature.idaho.gov/wp-content/uploads/sessioninfo/2026/legislation/H0493.pdf
2085726,3323086,text,83820,application/pdf,Introduced,https://legiscan.com/ID/text/H0494/id/3323086,https://legislature.idaho.gov/wp-content/uploads/sessioninfo/2026/legislation/H0494.pdf
2085818,3323178,text,73284,application/pdf,Introduced,https://legiscan.com/ID/text/H0495/id/3323178,https://legislature.idaho.gov/wp-content/uploads/sessioninfo/2026/legislation/H0495.pdf
2085850,3323211,text,79295,application/pdf,Introduced,https://legiscan.com/ID/text/H0496/id/3323211,https://legislature.idaho.gov/wp-content/uploads/sessioninfo/2026/legislation/H0496.pdf
2085787,3323147,text,168408,application/pdf,Introduced,https://legiscan.com/ID/text/H0497/id/3323147,https://legislature.idaho.gov/wp-content/uploads/sessioninfo/2026/legislation/H0497.pdf
2085882,3323243,text,45313,application/pdf,Introduced,https://legiscan.com/ID/text/H0498/id/3323243,https://legislature.idaho.gov/wp-content/uploads/sessioninfo/2026/legislation/H0498.pdf
2086685,3324108,text,49547,application/pdf,Introduced,https://legiscan.com/ID/text/H0499/id/3324108,https://legislature.idaho.gov/wp-content/uploads/sessioninfo/2026/legislation/H0499.pdf
2087003,3324419,text,49414,application/pdf,Introduced,https://legiscan.com/ID/text/H0500/id/3324419,https://legislature.idaho.gov/wp-content/uploads/sessioninfo/2026/legislation/H0500.pdf
2086963,3324379,text,53732,application/pdf,Introduced,https://legiscan.com/ID/text/H0501/id/3324379,https://legislature.idaho.gov/wp-content/uploads/sessioninfo/2026/legislation/H0501.pdf
2086923,3324340,text,66357,application/pdf,Introduced,https://legiscan.com/ID/text/H0502/id/3324340,https://legislature.idaho.gov/wp-content/uploads/sessioninfo/2026/legislation/H0502.pdf
2086608,3324032,text,58350,application/pdf,Introduced,https://legiscan.com/ID/text/H0503/id/3324032,https://legislature.idaho.gov/wp-content/uploads/sessioninfo/2026/legislation/H0503.pdf
2086724,3324147,text,63273,application/pdf,Introduced,https://legiscan.com/ID/text/H0504/id/3324147,https://legislature.idaho.gov/wp-content/uploads/sessioninfo/2026/legislation/H0504.pdf
2086764,3324186,text,364748,application/pdf,Introduced,https://legiscan.com/ID/text/H0505/id/3324186,https://legislature.idaho.gov/wp-content/uploads/sessioninfo/2026/legislation/H0505.pdf
2086803,3324222,text,55312,application/pdf,Introduced,https://legiscan.com/ID/text/H0506/id/3324222,https://legislature.idaho.gov/wp-content/uploads/sessioninfo/2026/legislation/H0506.pdf
2088749,3326477,text,321050,application/pdf,Introduced,https://legiscan.com/ID/text/H0507/id/3326477,https://legislature.idaho.gov/wp-content/uploads/sessioninfo/2026/legislation/H0507.pdf
2088568,3326307,text,57764,application/pdf,Introduced,https://legiscan.com/ID/text/H0508/id/3326307,https://legislature.idaho.gov/wp-content/uploads/sessioninfo/2026/legislation/H0508.pdf
2088838,3326565,text,49555,application/pdf,Introduced,https://legiscan.com/ID/text/H0509/id/3326565,https://legislature.idaho.gov/wp-content/uploads/sessioninfo/2026/legislation/H0509.pdf
2088310,3326055,text,54614,application/pdf,Introduced,https://legiscan.com/ID/text/H0510/id/3326055,https://legislature.idaho.gov/wp-content/uploads/sessioninfo/2026/legislation/H0510.pdf
2090526,3328668,text,50195,application/pdf,Introduced,https://legiscan.com/ID/text/H0511/id/3328668,https://legislature.idaho.gov/wp-content/uploads/sessioninfo/2026/legislation/H0511.pdf
2090424,3328572,text,50428,application/pdf,Introduced,https://legiscan.com/ID/text/H0512/id/3328572,https://legislature.idaho.gov/wp-content/uploads/sessioninfo/2026/legislation/H0512.pdf
2090471,3328618,text,51893,application/pdf,Introduced,https://legiscan.com/ID/text/H0513/id/3328618,https://legislature.idaho.gov/wp-content/uploads/sessioninfo/2026/legislation/H0513.pdf
2090370,3328519,text,52993,application/pdf,Introduced,https://legiscan.com/ID/text/H0514/id/3328519,https://legislature.idaho.gov/wp-content/uploads/sessioninfo/2026/legislation/H0514.pdf
2090626,3328768,text,49539,application/pdf,Introduced,https://legiscan.com/ID/text/H0515/id/3328768,https://legislature.idaho.gov/wp-content/uploads/sessioninfo/2026/legislation/H0515.pdf
2090576,3328717,text,54272,application/pdf,Introduced,https://legiscan.com/ID/text/H0516/id/3328717,https://legislature.idaho.gov/wp-content/uploads/sessioninfo/2026/legislation/H0516.pdf
2090270,3328420,text,41891,application/pdf,Introduced,https://legiscan.com/ID/text/H0517/id/3328420,https://legislature.idaho.gov/wp-content/uploads/sessioninfo/2026/legislation/H0517.pdf
2091627,3330117,text,45195,application/pdf,Introduced,https://legiscan.com/ID/text/H0518/id/3330117,https://legislature.idaho.gov/wp-content/uploads/sessioninfo/2026/legislation/H0518.pdf
2091765,3330252,text,70405,application/pdf,Introduced,https://legiscan.com/ID/text/H0519/id/3330252,https://legislature.idaho.gov/wp-content/uploads/sessioninfo/2026/legislation/H0519.pdf
2086841,3324258,text,45920,application/pdf,Introduced,https://legiscan.com/ID/text/HR019/id/3324258,https://legislature.idaho.gov/wp-content/uploads/sessioninfo/2026/legislation/HR019.pdf
2088224,3325974,text,44713,application/pdf,Introduced,https://legiscan.com/ID/text/HR020/id/3325974,https://legislature.idaho.gov/wp-content/uploads/sessioninfo/2026/legislation/HR020.pdf
2071006,3305741,text,41983,application/pdf,Introduced,https://legiscan.com/ID/text/HCR020/id/3305741,https://legislature.idaho.gov/wp-content/uploads/sessioninfo/2026/legislation/HCR020.pdf
2085755,3323115,text,48939,application/pdf,Introduced,https://legiscan.com/ID/text/HCR021/id/3323115,https://legislature.idaho.gov/wp-content/uploads/sessioninfo/2026/legislation/HCR021.pdf
2086644,3324068,text,47754,application/pdf,Introduced,https://legiscan.com/ID/text/HCR022/id/3324068,https://legislature.idaho.gov/wp-content/uploads/sessioninfo/2026/legislation/HCR022.pdf
2090730,3328878,text,44716,application/pdf,Introduced,https://legiscan.com/ID/text/HJR007/id/3328878,https://legislature.idaho.gov/wp-content/uploads/sessioninfo/2026/legislation/HJR007.pdf
2086881,3324297,text,49802,application/pdf,Introduced,https://legiscan.com/ID/text/HJM009/id/3324297,https://legislature.idaho.gov/wp-content/uploads/sessioninfo/2026/legislation/HJM009.pdf
2091490,3329982,text,46982,application/pdf,Introduced,https://legiscan.com/ID/text/HJM010/id/3329982,https://legislature.idaho.gov/wp-content/uploads/sessioninfo/2026/legislation/HJM010.pdf
2081574,3318758,text,79893,application/pdf,Introduced,https://legiscan.com/ID/text/S1221/id/3318758,https://legislature.idaho.gov/wp-content/uploads/sessioninfo/2026/legislation/S1221.pdf
2082249,3319424,text,63013,application/pdf,Introduced,https://legiscan.com/ID/text/S1222/id/3319424,https://legislature.idaho.gov/wp-content/uploads/sessioninfo/2026/legislation/S1222.pdf
2081912,3319088,text,52281,application/pdf,Introduced,https://legiscan.com/ID/text/S1223/id/3319088,https://legislature.idaho.gov/wp-content/uploads/sessioninfo/2026/legislation/S1223.pdf
2088485,3326224,text,50738,application/pdf,Introduced,https://legiscan.com/ID/text/S1224/id/3326224,https://legislature.idaho.gov/wp-content/uploads/sessioninfo/2026/legislation/S1224.pdf
2088400,3326142,text,73452,application/pdf,Introduced,https://legiscan.com/ID/text/S1225/id/3326142,https://legislature.idaho.gov/wp-content/uploads/sessioninfo/2026/legislation/S1225.pdf
2090218,3328369,text,76999,application/pdf,Introduced,https://legiscan.com/ID/text/S1226/id/3328369,https://legislature.idaho.gov/wp-content/uploads/sessioninfo/2026/legislation/S1226.pdf
2090168,3328320,text,54658,application/pdf,Introduced,https://legiscan.com/ID/text/S1227/id/3328320,https://legislature.idaho.gov/wp-content/uploads/sessioninfo/2026/legislation/S1227.pdf
2092288,3330862,text,75401,application/pdf,Introduced,https://legiscan.com/ID/text/S1228/id/3330862,https://legislature.idaho.gov/wp-content/uploads/sessioninfo/2026/legislation/S1228.pdf
2092160,3330735,text,72647,application/pdf,Introduced,https://legiscan.com/ID/text/S1229/id/3330735,https://legislature.idaho.gov/wp-content/uploads/sessioninfo/2026/legislation/S1229.pdf
2092413,3330987,text,88548,application/pdf,Introduced,https://legiscan.com/ID/text/S1230/id/3330987,https://legislature.idaho.gov/wp-content/uploads/sessioninfo/2026/legislation/S1230.pdf
2092031,3330605,text,46402,application/pdf,Introduced,https://legiscan.com/ID/text/SCR114/id/3330605,https://legislature.idaho.gov/wp-content/uploads/sessioninfo/2026/legislation/SCR114.pdf
2088660,3326394,text,53130,application/pdf,Introduced,https://legiscan.com/ID/text/SJR102/id/3326394,https://legislature.idaho.gov/wp-content/uploads/sessioninfo/2026/legislation/SJR102.pdf
2090677,3328825,text,46409,application/pdf,Introduced,https://legiscan.com/ID/text/SJM106/id/3328825,https://legislature.idaho.gov/wp-content/uploads/sessioninfo/2026/legislation/SJM106.pdf
2090320,3328472,text,51547,application/pdf,Introduced,https://legiscan.com/ID/text/SJM107/id/3328472,https://legislature.idaho.gov/wp-content/uploads/sessioninfo/2026/legislation/SJM107.pdf
2084381,638579,supplement,638554,application/pdf,"Fiscal Note/Analysis",https://legiscan.com/ID/supplement/H0489/id/638579,https://legislature.idaho.gov/wp-content/uploads/sessioninfo/2026/legislation/H0489SOP.pdf
2084632,638594,supplement,635632,application/pdf,"Fiscal Note/Analysis",https://legiscan.com/ID/supplement/H0490/id/638594,https://legislature.idaho.gov/wp-content/uploads/sessioninfo/2026/legislation/H0490SOP.pdf
2084507,638584,supplement,634341,application/pdf,"Fiscal Note/Analysis",https://legiscan.com/ID/supplement/H0491/id/638584,https://legislature.idaho.gov/wp-content/uploads/sessioninfo/2026/legislation/H0491SOP.pdf
2084252,638575,supplement,636152,application/pdf,"Fiscal Note/Analysis",https://legiscan.com/ID/supplement/H0492/id/638575,https://legislature.idaho.gov/wp-content/uploads/sessioninfo/2026/legislation/H0492SOP.pdf
2084128,638571,supplement,636213,application/pdf,"Fiscal Note/Analysis",https://legiscan.com/ID/supplement/H0493/id/638571,https://legislature.idaho.gov/wp-content/uploads/sessioninfo/2026/legislation/H0493SOP.pdf
2085726,639295,supplement,639600,application/pdf,"Fiscal Note/Analysis",https://legiscan.com/ID/supplement/H0494/id/639295,https://legislature.idaho.gov/wp-content/uploads/sessioninfo/2026/legislation/H0494SOP.pdf
2085818,639298,supplement,644138,application/pdf,"Fiscal Note/Analysis",https://legiscan.com/ID/supplement/H0495/id/639298,https://legislature.idaho.gov/wp-content/uploads/sessioninfo/2026/legislation/H0495SOP.pdf
2085850,639300,supplement,643915,application/pdf,"Fiscal Note/Analysis",https://legiscan.com/ID/supplement/H0496/id/639300,https://legislature.idaho.gov/wp-content/uploads/sessioninfo/2026/legislation/H0496SOP.pdf
2085787,639297,supplement,643408,application/pdf,"Fiscal Note/Analysis",https://legiscan.com/ID/supplement/H0497/id/639297,https://legislature.idaho.gov/wp-content/uploads/sessioninfo/2026/legislation/H0497SOP.pdf
2085882,639302,supplement,639461,application/pdf,"Fiscal Note/Analysis",https://legiscan.com/ID/supplement/H0498/id/639302,https://legislature.idaho.gov/wp-content/uploads/sessioninfo/2026/legislation/H0498SOP.pdf
2086685,639823,supplement,637941,application/pdf,"Fiscal Note/Analysis",https://legiscan.com/ID/supplement/H0499/id/639823,https://legislature.idaho.gov/wp-content/uploads/sessioninfo/2026/legislation/H0499SOP.pdf
2087003,639861,supplement,639074,application/pdf,"Fiscal Note/Analysis",https://legiscan.com/ID/supplement/H0500/id/639861,https://legislature.idaho.gov/wp-content/uploads/sessioninfo/2026/legislation/H0500SOP.pdf
2086963,639853,supplement,638216,application/pdf,"Fiscal Note/Analysis",https://legiscan.com/ID/supplement/H0501/id/639853,https://legislature.idaho.gov/wp-content/uploads/sessioninfo/2026/legislation/H0501SOP.pdf
2086923,639852,supplement,637540,application/pdf,"Fiscal Note/Analysis",https://legiscan.com/ID/supplement/H0502/id/639852,https://legislature.idaho.gov/wp-content/uploads/sessioninfo/2026/legislation/H0502SOP.pdf
2086608,639814,supplement,639189,application/pdf,"Fiscal Note/Analysis",https://legiscan.com/ID/supplement/H0503/id/639814,https://legislature.idaho.gov/wp-content/uploads/sessioninfo/2026/legislation/H0503SOP.pdf
2086724,639832,supplement,638974,application/pdf,"Fiscal Note/Analysis",https://legiscan.com/ID/supplement/H0504/id/639832,https://legislature.idaho.gov/wp-content/uploads/sessioninfo/2026/legislation/H0504SOP.pdf
2086764,639838,supplement,642590,application/pdf,"Fiscal Note/Analysis",https://legiscan.com/ID/supplement/H0505/id/639838,https://legislature.idaho.gov/wp-content/uploads/sessioninfo/2026/legislation/H0505SOP.pdf
2086803,639840,supplement,641023,application/pdf,"Fiscal Note/Analysis",https://legiscan.com/ID/supplement/H0506/id/639840,https://legislature.idaho.gov/wp-content/uploads/sessioninfo/2026/legislation/H0506SOP.pdf
2088749,641002,supplement,642065,application/pdf,"Fiscal Note/Analysis",https://legiscan.com/ID/supplement/H0507/id/641002,https://legislature.idaho.gov/wp-content/uploads/sessioninfo/2026/legislation/H0507SOP.pdf
2088568,640988,supplement,639776,application/pdf,"Fiscal Note/Analysis",https://legiscan.com/ID/supplement/H0508/id/640988,https://legislature.idaho.gov/wp-content/uploads/sessioninfo/2026/legislation/H0508SOP.pdf
2088838,641010,supplement,637157,application/pdf,"Fiscal Note/Analysis",https://legiscan.com/ID/supplement/H0509/id/641010,https://legislature.idaho.gov/wp-content/uploads/sessioninfo/2026/legislation/H0509SOP.pdf
2088310,640970,supplement,637472,application/pdf,"Fiscal Note/Analysis",https://legiscan.com/ID/supplement/H0510/id/640970,https://legislature.idaho.gov/wp-content/uploads/sessioninfo/2026/legislation/H0510SOP.pdf
2090526,642023,supplement,644874,application/pdf,"Fiscal Note/Analysis",https://legiscan.com/ID/supplement/H0511/id/642023,https://legislature.idaho.gov/wp-content/uploads/sessioninfo/2026/legislation/H0511SOP.pdf
2090424,642017,supplement,635739,application/pdf,"Fiscal Note/Analysis",https://legiscan.com/ID/supplement/H0512/id/642017,https://legislature.idaho.gov/wp-content/uploads/sessioninfo/2026/legislation/H0512SOP.pdf
2090471,642020,supplement,635767,application/pdf,"Fiscal Note/Analysis",https://legiscan.com/ID/supplement/H0513/id/642020,https://legislature.idaho.gov/wp-content/uploads/sessioninfo/2026/legislation/H0513SOP.pdf
2090370,642011,supplement,639074,application/pdf,"Fiscal Note/Analysis",https://legiscan.com/ID/supplement/H0514/id/642011,https://legislature.idaho.gov/wp-content/uploads/sessioninfo/2026/legislation/H0514SOP.pdf
2090626,642027,supplement,635245,application/pdf,"Fiscal Note/Analysis",https://legiscan.com/ID/supplement/H0515/id/642027,https://legislature.idaho.gov/wp-content/uploads/sessioninfo/2026/legislation/H0515SOP.pdf
2090576,642025,supplement,635404,application/pdf,"Fiscal Note/Analysis",https://legiscan.com/ID/supplement/H0516/id/642025,https://legislature.idaho.gov/wp-content/uploads/sessioninfo/2026/legislation/H0516SOP.pdf
2090270,642004,supplement,635939,application/pdf,"Fiscal Note/Analysis",https://legiscan.com/ID/supplement/H0517/id/642004,https://legislature.idaho.gov/wp-content/uploads/sessioninfo/2026/legislation/H0517SOP.pdf
2091627,642775,supplement,638795,application/pdf,"Fiscal Note/Analysis",https://legiscan.com/ID/supplement/H0518/id/642775,https://legislature.idaho.gov/wp-content/uploads/sessioninfo/2026/legislation/H0518SOP.pdf
2091765,642778,supplement,638730,application/pdf,"Fiscal Note/Analysis",https://legiscan.com/ID/supplement/H0519/id/642778,https://legislature.idaho.gov/wp-content/uploads/sessioninfo/2026/legislation/H0519SOP.pdf
2086841,639845,supplement,638578,application/pdf,"Fiscal Note/Analysis",https://legiscan.com/ID/supplement/HR019/id/639845,https://legislature.idaho.gov/wp-content/uploads/sessioninfo/2026/legislation/HR019SOP.pdf
2088224,640964,supplement,638747,application/pdf,"Fiscal Note/Analysis",https://legiscan.com/ID/supplement/HR020/id/640964,https://legislature.idaho.gov/wp-content/uploads/sessioninfo/2026/legislation/HR020SOP.pdf
2071006,635816,supplement,638052,application/pdf,"Fiscal Note/Analysis",https://legiscan.com/ID/supplement/HCR020/id/635816,https://legislature.idaho.gov/wp-content/uploads/sessioninfo/2026/legislation/HCR020SOP.pdf
2085755,639296,supplement,642322,application/pdf,"Fiscal Note/Analysis",https://legiscan.com/ID/supplement/HCR021/id/639296,https://legislature.idaho.gov/wp-content/uploads/sessioninfo/2026/legislation/HCR021SOP.pdf
2086644,639817,supplement,642157,application/pdf,"Fiscal Note/Analysis",https://legiscan.com/ID/supplement/HCR022/id/639817,https://legislature.idaho.gov/wp-content/uploads/sessioninfo/2026/legislation/HCR022SOP.pdf
2090730,642042,supplement,640553,application/pdf,"Fiscal Note/Analysis",https://legiscan.com/ID/supplement/HJR007/id/642042,https://legislature.idaho.gov/wp-content/uploads/sessioninfo/2026/legislation/HJR007SOP.pdf
2086881,639849,supplement,640789,application/pdf,"Fiscal Note/Analysis",https://legiscan.com/ID/supplement/HJM009/id/639849,https://legislature.idaho.gov/wp-content/uploads/sessioninfo/2026/legislation/HJM009SOP.pdf
2091490,642771,supplement,639073,application/pdf,"Fiscal Note/Analysis",https://legiscan.com/ID/supplement/HJM010/id/642771,https://legislature.idaho.gov/wp-content/uploads/sessioninfo/2026/legislation/HJM010SOP.pdf
2081574,638031,supplement,638842,application/pdf,"Fiscal Note/Analysis",https://legiscan.com/ID/supplement/S1221/id/638031,https://legislature.idaho.gov/wp-content/uploads/sessioninfo/2026/legislation/S1221SOP.pdf
2082249,638057,supplement,637170,application/pdf,"Fiscal Note/Analysis",https://legiscan.com/ID/supplement/S1222/id/638057,https://legislature.idaho.gov/wp-content/uploads/sessioninfo/2026/legislation/S1222SOP.pdf
2081912,638045,supplement,637303,application/pdf,"Fiscal Note/Analysis",https://legiscan.com/ID/supplement/S1223/id/638045,https://legislature.idaho.gov/wp-content/uploads/sessioninfo/2026/legislation/S1223SOP.pdf
2088485,640982,supplement,636252,application/pdf,"Fiscal Note/Analysis",https://legiscan.com/ID/supplement/S1224/id/640982,https://legislature.idaho.gov/wp-content/uploads/sessioninfo/2026/legislation/S1224SOP.pdf
2088400,640977,supplement,639331,application/pdf,"Fiscal Note/Analysis",https://legiscan.com/ID/supplement/S1225/id/640977,https://legislature.idaho.gov/wp-content/uploads/sessioninfo/2026/legislation/S1225SOP.pdf
2090218,642001,supplement,642528,application/pdf,"Fiscal Note/Analysis",https://legiscan.com/ID/supplement/S1226/id/642001,https://legislature.idaho.gov/wp-content/uploads/sessioninfo/2026/legislation/S1226SOP.pdf
2090168,641997,supplement,642719,application/pdf,"Fiscal Note/Analysis",https://legiscan.com/ID/supplement/S1227/id/641997,https://legislature.idaho.gov/wp-content/uploads/sessioninfo/2026/legislation/S1227SOP.pdf
2092288,643053,supplement,637550,application/pdf,"Fiscal Note/Analysis",https://legiscan.com/ID/supplement/S1228/id/643053,https://legislature.idaho.gov/wp-content/uploads/sessioninfo/2026/legislation/S1228SOP.pdf
2092160,643045,supplement,638264,application/pdf,"Fiscal Note/Analysis",https://legiscan.com/ID/supplement/S1229/id/643045,https://legislature.idaho.gov/wp-content/uploads/sessioninfo/2026/legislation/S1229SOP.pdf
2092413,643065,supplement,642603,application/pdf,"Fiscal Note/Analysis",https://legiscan.com/ID/supplement/S1230/id/643065,https://legislature.idaho.gov/wp-content/uploads/sessioninfo/2026/legislation/S1230SOP.pdf
2092031,643033,supplement,636673,application/pdf,"Fiscal Note/Analysis",https://legiscan.com/ID/supplement/SCR114/id/643033,https://legislature.idaho.gov/wp-content/uploads/sessioninfo/2026/legislation/SCR114SOP.pdf
2088660,640997,supplement,640773,application/pdf,"Fiscal Note/Analysis",https://legiscan.com/ID/supplement/SJR102/id/640997,https://legislature.idaho.gov/wp-content/uploads/sessioninfo/2026/legislation/SJR102SOP.pdf
2090677,642038,supplement,637172,application/pdf,"Fiscal Note/Analysis",https://legiscan.com/ID/supplement/SJM106/id/642038,https://legislature.idaho.gov/wp-content/uploads/sessioninfo/2026/legislation/SJM106SOP.pdf
2090320,642006,supplement,637653,application/pdf,"Fiscal Note/Analysis",https://legiscan.com/ID/supplement/SJM107/id/642006,https://legislature.idaho.gov/wp-content/uploads/sessioninfo/2026/legislation/SJM107SOP.pdf
