people_id,name,first_name,middle_name,last_name,suffix,nickname,party_id,party,role_id,role,district,followthemoney_eid,votesmart_id,opensecrets_id,ballotpedia,knowwho_pid,committee_id
8012,"Judy Boyle",Judy,,Boyle,,,2,R,1,Rep,HD-009B,6675346,103843,,Judy_Boyle,268017,0
8019,"Brent Crane",Brent,J.,Crane,,,2,R,1,Rep,HD-013A,6668618,58399,,Brent_Crane,249700,0
8046,"Joe Palmer",Joe,A.,Palmer,,,2,R,1,Rep,HD-020A,12999823,103874,,Joe_Palmer,268042,0
12742,"Jim Guthrie",Jim,K.,Guthrie,,,2,R,2,Sen,SD-028,6668637,59699,,Jim_Guthrie_(Idaho),289740,0
13999,"Agricultural Affairs Committee",,,,,,0,,1,Rep,,0,0,,,0,1518
14001,"Business Committee",,,,,,0,,1,Rep,,0,0,,,0,1520
14003,"Education Committee",,,,,,0,,1,Rep,,0,0,,,0,1522
14005,"Health and Welfare Committee",,,,,,0,,1,Rep,,0,0,,,0,1524
14006,"Judiciary, Rules and Administration Committee",,,,,,0,,1,Rep,,0,0,,,0,1525
14008,"Resources and Conservation Committee",,,,,,0,,1,Rep,,0,0,,,0,1527
14009,"Revenue and Taxation Committee",,,,,,0,,1,Rep,,0,0,,,0,1528
14010,"State Affairs Committee",,,,,,0,,1,Rep,,0,0,,,0,1529
14011,"Transportation and Defense Committee",,,,,,0,,1,Rep,,0,0,,,0,1530
14015,"Education Committee",,,,,,0,,2,Sen,,0,0,,,0,1534
14018,"Judiciary and Rules Committee",,,,,,0,,2,Sen,,0,0,,,0,1537
14020,"Resources and Environment Committee",,,,,,0,,2,Sen,,0,0,,,0,1539
14021,"State Affairs Committee",,,,,,0,,2,Sen,,0,0,,,0,1540
14022,"Transportation Committee",,,,,,0,,2,Sen,,0,0,,,0,1541
15796,"James Holtzclaw",James,,Holtzclaw,,,2,R,1,Rep,HD-020B,10885582,137056,,James_Holtzclaw,406810,0
15804,"Jason Monks",Jason,A.,Monks,,,2,R,1,Rep,HD-022B,10885595,137065,,Jason_Monks,406841,0
16113,"Ilana Rubel",Ilana,,Rubel,,,1,D,1,Rep,HD-018A,1050134,150262,,Ilana_Rubel,482481,0
17199,"Van Burtenshaw",Van,,Burtenshaw,,,2,R,2,Sen,SD-031,23439509,151905,,Van_Burtenshaw,491526,0
17209,"Heather Scott",Heather,,Scott,,,2,R,1,Rep,HD-002A,23425999,150305,,Heather_Scott_(Idaho),490108,0
17211,"Melissa Wintrow",Melissa,,Wintrow,,,1,D,2,Sen,SD-019,7903086,151321,,Melissa_Wintrow,490133,0
17857,"Mark Harris",Mark,,Harris,,,2,R,2,Sen,SD-035,8026831,163464,,Mark_Harris_(Idaho),547008,0
18620,"Daniel Foreman",Daniel,,Foreman,,Dan,2,R,2,Sen,SD-006,42144475,173872,,Dan_Foreman,596561,0
19056,"Dustin Manwaring",Dustin,Whitney,Manwaring,,,2,R,1,Rep,HD-029A,39441801,176040,,Dustin_W._Manwaring,573767,0
22626,"Bruce Skaug",Bruce,D.,Skaug,,,2,R,1,Rep,HD-010B,45258129,157891,,Bruce_Skaug,736435,0
22668,"Kevin Cook",Kevin,,Cook,,,2,R,2,Sen,SD-032,49406289,191037,,Kevin_Cook,735414,0
22726,"Charlie Shepherd",Charlie,,Shepherd,,,2,R,1,Rep,HD-007B,49427389,190909,,Charlie_Shepherd,736396,0
23915,"Joe Alfieri",Joe,,Alfieri,,,2,R,1,Rep,HD-004A,55408592,203069,,Joe_Alfieri,803602,0
23917,"Richard Cheatum",Richard,Rick,Cheatum,,,2,R,1,Rep,HD-028A,55408709,199851,,Richard_Cheatum,803804,0
23918,"Jeff Cornilles",Jeff,,Cornilles,,,2,R,1,Rep,HD-012A,55408631,203100,,Jeff_Cornilles,803634,0
23919,"Jaron Crane",Jaron,,Crane,,,2,R,1,Rep,HD-012B,55408632,203102,,Jaron_Crane,803635,0
23925,"Dan Garner",Dan,,Garner,,,2,R,1,Rep,HD-028B,55408711,203205,,Dan_Garner,803806,0
23927,"Dale Hawkins",Dale,,Hawkins,,,2,R,1,Rep,HD-002B,55408586,203063,,Dale_Hawkins,803597,0
23929,"Ted Hill",Edward,,Hill,,Ted,2,R,1,Rep,HD-014A,55408640,179739,,Ted_Hill,658272,0
23932,"Stephanie Mickelsen",Stephanie,Jo,Mickelsen,,,2,R,1,Rep,HD-032A,55408727,203136,,Stephanie_Mickelsen,803818,0
23934,"Jack Nelsen",Jack,,Nelsen,,,2,R,1,Rep,HD-026B,55408701,203195,,Jack_Nelsen,803796,0
23938,"Jordan Redman",Jordan,,Redman,,,2,R,1,Rep,HD-003B,51799914,203064,,Jordan_Redman,803598,0
25752,"Shawn Dygert",Shawn,,Dygert,,,2,R,1,Rep,HD-023B,59829158,216037,,Shawn_Dygert,0,0
25759,"Mike Pohanka",Mike,,Pohanka,,,2,R,1,Rep,HD-026A,55408698,203193,,Mike_Pohanka,0,0
25761,"John Shirts",John,,Shirts,,,2,R,1,Rep,HD-009A,59829139,215949,,John_Shirts,0,0
26573,"Erin Bingham",Erin,,Bingham,,,2,R,1,Rep,HD-032B,0,232240,,,0,0
26574,"Don Hall",Don,,Hall,,,2,R,1,Rep,HD-025A,0,129480,,,0,0
26575,"Anne Haws",Anne,Henderson,Haws,,,1,D,1,Rep,HD-016B,0,226400,,Annie_Haws,0,0
