bill_id,session_id,bill_number,status,status_desc,status_date,title,description,committee_id,committee,last_action_date,last_action,url,state_link
2057480,2238,HB2001,4,Passed,2025-12-11,"Public Sector Labor Union Modification","Public Sector Labor Union Modification",0,,2025-12-11,"Governor Signed in Lieutenant Governor's office for filing",https://legiscan.com/UT/bill/HB2001/2025/X2,https://le.utah.gov/~2025S2/bills/static/HB2001.html
2057479,2238,HJR201,3,Enrolled,2025-12-09,"Joint Resolution Regarding Constitutional Authority","Joint Resolution Regarding Constitutional Authority",0,,2025-12-09,"House/ to Lieutenant Governor in Lieutenant Governor's office for filing",https://legiscan.com/UT/bill/HJR201/2025/X2,https://le.utah.gov/~2025S2/bills/static/HJR201.html
2057481,2238,SB2001,4,Passed,2025-12-11,"Election Amendments","Election Amendments",0,,2025-12-11,"Senate/ to Governor in Executive Branch - Governor",https://legiscan.com/UT/bill/SB2001/2025/X2,https://le.utah.gov/~2025S2/bills/static/SB2001.html
2057482,2238,SB2002,4,Passed,2025-12-11,"Appellate Court Jurisdiction Amendments","Appellate Court Jurisdiction Amendments",0,,2025-12-11,"Governor Signed in Lieutenant Governor's office for filing",https://legiscan.com/UT/bill/SB2002/2025/X2,https://le.utah.gov/~2025S2/bills/static/SB2002.html
2057478,2238,SJR201,3,Enrolled,2025-12-09,"Joint Resolution Amending Court Rules of Procedure","Joint Resolution Amending Court Rules of Procedure",0,,2025-12-09,"Senate/ to Lieutenant Governor in Lieutenant Governor's office for filing",https://legiscan.com/UT/bill/SJR201/2025/X2,https://le.utah.gov/~2025S2/bills/static/SJR201.html
