bill_id,date,chamber,sequence,action
2057478,2025-12-08,,1,"Bill Numbered but not Distributed in Legislative Research and General Counsel"
2057478,2025-12-08,,2,"Numbered Bill Publicly Distributed in Legislative Research and General Counsel"
2057478,2025-12-09,Senate,3,"Senate/ received bill from Legislative Research in Waiting for Introduction in the Senate"
2057478,2025-12-09,Senate,4,"Senate/ 1st reading (Introduced) in Senate Rules Committee"
2057478,2025-12-09,Senate,5,"Senate/ placed on 2nd Reading Calendar in Senate 2nd Reading Calendar"
2057478,2025-12-09,Senate,6,"Senate/ 2nd & 3rd readings/ suspension in Senate 2nd Reading Calendar"
2057478,2025-12-09,House,7,"Senate/ passed 2nd & 3rd readings/ suspension in Clerk of the House"
2057478,2025-12-09,House,8,"Senate/ to House in Clerk of the House"
2057478,2025-12-09,House,9,"House/ received from Senate in Clerk of the House"
2057478,2025-12-09,House,10,"House/ 1st reading (Introduced) in House Rules Committee"
2057478,2025-12-09,House,11,"House/ Rules to 3rd Reading Calendar in House 3rd Reading Calendar for Senate bills"
2057478,2025-12-09,House,12,"House/ 2nd reading in House 3rd Reading Calendar for Senate bills"
2057478,2025-12-09,House,13,"House/ 3rd reading in House 3rd Reading Calendar for Senate bills"
2057478,2025-12-09,House,14,"House/ passed 3rd reading in House Speaker"
2057478,2025-12-09,Senate,15,"House/ signed by Speaker/ returned to Senate in Senate President"
2057478,2025-12-09,Senate,16,"House/ to Senate in Senate President"
2057478,2025-12-09,Senate,17,"Senate/ received from House in Senate President"
2057478,2025-12-09,,18,"Senate/ signed by President/ sent for enrolling in Legislative Research and General Counsel / Enrolling"
2057478,2025-12-09,,19,"Bill Received from Senate for Enrolling in Legislative Research and General Counsel / Enrolling"
2057478,2025-12-09,,20,"Draft of Enrolled Bill Prepared in Legislative Research and General Counsel / Enrolling"
2057478,2025-12-09,Senate,21,"Enrolled Bill Returned to House or Senate in Senate Secretary"
2057478,2025-12-09,Senate,22,"Senate/ enrolled bill to Printing in Senate Secretary"
2057478,2025-12-09,Senate,23,"Senate/ received enrolled bill from Printing in Senate Secretary"
2057478,2025-12-09,,24,"Senate/ to Lieutenant Governor in Lieutenant Governor's office for filing"
2057479,2025-12-08,,1,"Bill Numbered but not Distributed in Legislative Research and General Counsel"
2057479,2025-12-08,,2,"Numbered Bill Publicly Distributed in Legislative Research and General Counsel"
2057479,2025-12-09,House,3,"House/ received bill from Legislative Research in Clerk of the House"
2057479,2025-12-09,House,4,"House/ received fiscal note from Fiscal Analyst in Clerk of the House"
2057479,2025-12-09,House,5,"House/ 1st reading (Introduced) in House Rules Committee"
2057479,2025-12-09,House,6,"House/ Rules to 3rd Reading Calendar in House 3rd Reading Calendar for House bills"
2057479,2025-12-09,House,7,"House/ 2nd reading in House 3rd Reading Calendar for House bills"
2057479,2025-12-09,House,8,"House/ 3rd reading in House 3rd Reading Calendar for House bills"
2057479,2025-12-09,Senate,9,"House/ passed 3rd reading in Senate Secretary"
2057479,2025-12-09,Senate,10,"House/ to Senate in Senate Secretary"
2057479,2025-12-09,Senate,11,"Senate/ received from House in Waiting for Introduction in the Senate"
2057479,2025-12-09,Senate,12,"Senate/ 1st reading (Introduced) in Senate Rules Committee"
2057479,2025-12-09,Senate,13,"Senate/ placed on 2nd Reading Calendar in Senate 2nd Reading Calendar"
2057479,2025-12-09,Senate,14,"Senate/ 2nd & 3rd readings/ suspension in Senate 2nd Reading Calendar"
2057479,2025-12-09,Senate,15,"Senate/ passed 2nd & 3rd readings/ suspension in Senate President"
2057479,2025-12-09,House,16,"Senate/ signed by President/ returned to House in House Speaker"
2057479,2025-12-09,House,17,"Senate/ to House in House Speaker"
2057479,2025-12-09,House,18,"House/ received from Senate in House Speaker"
2057479,2025-12-09,,19,"House/ signed by Speaker/ sent for enrolling in Legislative Research and General Counsel / Enrolling"
2057479,2025-12-09,,20,"Bill Received from House for Enrolling in Legislative Research and General Counsel / Enrolling"
2057479,2025-12-09,,21,"Draft of Enrolled Bill Prepared in Legislative Research and General Counsel / Enrolling"
2057479,2025-12-09,House,22,"Enrolled Bill Returned to House or Senate in Clerk of the House"
2057479,2025-12-09,House,23,"House/ enrolled bill to Printing in Clerk of the House"
2057479,2025-12-09,House,24,"House/ received enrolled bill from Printing in Clerk of the House"
2057479,2025-12-09,,25,"House/ to Lieutenant Governor in Lieutenant Governor's office for filing"
2057480,2025-12-08,,1,"Bill Numbered but not Distributed in Legislative Research and General Counsel"
2057480,2025-12-08,,2,"Numbered Bill Publicly Distributed in Legislative Research and General Counsel"
2057480,2025-12-09,House,3,"House/ received bill from Legislative Research in Clerk of the House"
2057480,2025-12-09,House,4,"House/ received fiscal note from Fiscal Analyst in Clerk of the House"
2057480,2025-12-09,House,5,"House/ 1st reading (Introduced) in House Rules Committee"
2057480,2025-12-09,House,6,"House/ Rules to 3rd Reading Calendar in House 3rd Reading Calendar for House bills"
2057480,2025-12-09,House,7,"House/ 2nd reading in House 3rd Reading Calendar for House bills"
2057480,2025-12-09,House,8,"House/ 3rd reading in House 3rd Reading Calendar for House bills"
2057480,2025-12-09,Senate,9,"House/ passed 3rd reading in Senate Secretary"
2057480,2025-12-09,Senate,10,"House/ to Senate in Senate Secretary"
2057480,2025-12-09,Senate,11,"Senate/ received from House in Waiting for Introduction in the Senate"
2057480,2025-12-09,Senate,12,"Senate/ 1st reading (Introduced) in Senate Rules Committee"
2057480,2025-12-09,Senate,13,"Senate/ placed on 2nd Reading Calendar in Senate 2nd Reading Calendar"
2057480,2025-12-09,Senate,14,"Senate/ 2nd & 3rd readings/ suspension in Senate 2nd Reading Calendar"
2057480,2025-12-09,Senate,15,"Senate/ passed 2nd & 3rd readings/ suspension in Senate President"
2057480,2025-12-09,House,16,"Senate/ signed by President/ returned to House in House Speaker"
2057480,2025-12-09,House,17,"Senate/ to House in House Speaker"
2057480,2025-12-09,House,18,"House/ received from Senate in House Speaker"
2057480,2025-12-09,,19,"House/ signed by Speaker/ sent for enrolling in Legislative Research and General Counsel / Enrolling"
2057480,2025-12-09,,20,"Bill Received from House for Enrolling in Legislative Research and General Counsel / Enrolling"
2057480,2025-12-09,,21,"Draft of Enrolled Bill Prepared in Legislative Research and General Counsel / Enrolling"
2057480,2025-12-10,House,22,"Enrolled Bill Returned to House or Senate in Clerk of the House"
2057480,2025-12-10,House,23,"House/ enrolled bill to Printing in Clerk of the House"
2057480,2025-12-10,House,24,"House/ received enrolled bill from Printing in Clerk of the House"
2057480,2025-12-10,,25,"House/ to Governor in Executive Branch - Governor"
2057480,2025-12-11,,26,"Governor Signed in Lieutenant Governor's office for filing"
2057481,2025-12-08,,1,"Numbered Bill Publicly Distributed in Legislative Research and General Counsel"
2057481,2025-12-08,,2,"Bill Numbered but not Distributed in Legislative Research and General Counsel"
2057481,2025-12-09,Senate,3,"Senate/ received bill from Legislative Research in Waiting for Introduction in the Senate"
2057481,2025-12-09,Senate,4,"Senate/ 1st reading (Introduced) in Senate Rules Committee"
2057481,2025-12-09,Senate,5,"Senate/ placed on 2nd Reading Calendar in Senate 2nd Reading Calendar"
2057481,2025-12-09,Senate,6,"Senate/ 2nd & 3rd readings/ suspension in Senate 2nd Reading Calendar"
2057481,2025-12-09,Senate,7,"Senate/ floor amendment failed in Senate 2nd Reading Calendar"
2057481,2025-12-09,House,8,"Senate/ passed 2nd & 3rd readings/ suspension in Clerk of the House"
2057481,2025-12-09,House,9,"Senate/ to House in Clerk of the House"
2057481,2025-12-09,House,10,"House/ received from Senate in Clerk of the House"
2057481,2025-12-09,House,11,"House/ 1st reading (Introduced) in House Rules Committee"
2057481,2025-12-09,House,12,"House/ Rules to 3rd Reading Calendar in House 3rd Reading Calendar for Senate bills"
2057481,2025-12-09,House,13,"House/ 2nd reading in House 3rd Reading Calendar for Senate bills"
2057481,2025-12-09,House,14,"House/ 3rd reading in House 3rd Reading Calendar for Senate bills"
2057481,2025-12-09,House,15,"House/ passed 3rd reading in House Speaker"
2057481,2025-12-09,Senate,16,"House/ signed by Speaker/ returned to Senate in Senate President"
2057481,2025-12-09,Senate,17,"House/ to Senate in Senate President"
2057481,2025-12-09,Senate,18,"Senate/ received from House in Senate President"
2057481,2025-12-09,,19,"Senate/ signed by President/ sent for enrolling in Legislative Research and General Counsel / Enrolling"
2057481,2025-12-09,,20,"Bill Received from Senate for Enrolling in Legislative Research and General Counsel / Enrolling"
2057481,2025-12-09,,21,"Draft of Enrolled Bill Prepared in Legislative Research and General Counsel / Enrolling"
2057481,2025-12-10,Senate,22,"Enrolled Bill Returned to House or Senate in Senate Secretary"
2057481,2025-12-10,Senate,23,"Senate/ enrolled bill to Printing in Senate Secretary"
2057481,2025-12-10,Senate,24,"Senate/ received enrolled bill from Printing in Senate Secretary"
2057481,2025-12-11,,25,"Governor Signed in Lieutenant Governor's office for filing"
2057481,2025-12-11,,26,"Senate/ to Governor in Executive Branch - Governor"
2057482,2025-12-08,,1,"Numbered Bill Publicly Distributed in Legislative Research and General Counsel"
2057482,2025-12-08,,2,"Bill Numbered but not Distributed in Legislative Research and General Counsel"
2057482,2025-12-09,Senate,3,"Senate/ received bill from Legislative Research in Waiting for Introduction in the Senate"
2057482,2025-12-09,Senate,4,"Senate/ 1st reading (Introduced) in Senate Rules Committee"
2057482,2025-12-09,Senate,5,"Senate/ placed on 2nd Reading Calendar in Senate 2nd Reading Calendar"
2057482,2025-12-09,Senate,6,"Senate/ 2nd & 3rd readings/ suspension in Senate 2nd Reading Calendar"
2057482,2025-12-09,House,7,"Senate/ passed 2nd & 3rd readings/ suspension in Clerk of the House"
2057482,2025-12-09,House,8,"Senate/ to House in Clerk of the House"
2057482,2025-12-09,House,9,"House/ received from Senate in Clerk of the House"
2057482,2025-12-09,House,10,"House/ 1st reading (Introduced) in House Rules Committee"
2057482,2025-12-09,House,11,"House/ Rules to 3rd Reading Calendar in House 3rd Reading Calendar for Senate bills"
2057482,2025-12-09,House,12,"House/ 2nd reading in House 3rd Reading Calendar for Senate bills"
2057482,2025-12-09,House,13,"House/ 3rd reading in House 3rd Reading Calendar for Senate bills"
2057482,2025-12-09,House,14,"House/ passed 3rd reading in House Speaker"
2057482,2025-12-09,Senate,15,"House/ signed by Speaker/ returned to Senate in Senate President"
2057482,2025-12-09,Senate,16,"House/ to Senate in Senate President"
2057482,2025-12-09,Senate,17,"Senate/ received from House in Senate President"
2057482,2025-12-09,,18,"Senate/ signed by President/ sent for enrolling in Legislative Research and General Counsel / Enrolling"
2057482,2025-12-09,,19,"Bill Received from Senate for Enrolling in Legislative Research and General Counsel / Enrolling"
2057482,2025-12-09,,20,"Draft of Enrolled Bill Prepared in Legislative Research and General Counsel / Enrolling"
2057482,2025-12-10,Senate,21,"Enrolled Bill Returned to House or Senate in Senate Secretary"
2057482,2025-12-10,Senate,22,"Senate/ enrolled bill to Printing in Senate Secretary"
2057482,2025-12-10,Senate,23,"Senate/ received enrolled bill from Printing in Senate Secretary"
2057482,2025-12-11,,24,"Senate/ to Governor in Executive Branch - Governor"
2057482,2025-12-11,,25,"Governor Signed in Lieutenant Governor's office for filing"
