bill_id,document_id,document_type,document_size,document_mime,document_desc,url,state_link
1941841,3082818,text,170046,application/pdf,Introduced,https://legiscan.com/FL/text/H0001/id/3082818,https://www.flsenate.gov/Session/Bill/2025A/1A/BillText/Filed/PDF
1941840,3082817,text,158072,application/pdf,Introduced,https://legiscan.com/FL/text/H0003/id/3082817,https://www.flsenate.gov/Session/Bill/2025A/3A/BillText/Filed/PDF
1941845,3082822,text,168665,application/pdf,Introduced,https://legiscan.com/FL/text/H0005/id/3082822,https://www.flsenate.gov/Session/Bill/2025A/5A/BillText/Filed/PDF
1941844,3082821,text,148601,application/pdf,Introduced,https://legiscan.com/FL/text/H0007/id/3082821,https://www.flsenate.gov/Session/Bill/2025A/7A/BillText/Filed/PDF
1941853,3082830,text,158265,application/pdf,Introduced,https://legiscan.com/FL/text/H0009/id/3082830,https://www.flsenate.gov/Session/Bill/2025A/9A/BillText/Filed/PDF
1941839,3082816,text,168954,application/pdf,Introduced,https://legiscan.com/FL/text/H0011/id/3082816,https://www.flsenate.gov/Session/Bill/2025A/11A/BillText/Filed/PDF
1941852,3082829,text,153442,application/pdf,Introduced,https://legiscan.com/FL/text/H0013/id/3082829,https://www.flsenate.gov/Session/Bill/2025A/13A/BillText/Filed/PDF
1941835,3082812,text,159395,application/pdf,Introduced,https://legiscan.com/FL/text/H0015/id/3082812,https://www.flsenate.gov/Session/Bill/2025A/15A/BillText/Filed/PDF
1941846,3082823,text,219616,application/pdf,Introduced,https://legiscan.com/FL/text/H0017/id/3082823,https://www.flsenate.gov/Session/Bill/2025A/17A/BillText/Filed/PDF
1941834,3082811,text,155722,application/pdf,Introduced,https://legiscan.com/FL/text/H0019/id/3082811,https://www.flsenate.gov/Session/Bill/2025A/19A/BillText/Filed/PDF
1941843,3082820,text,320732,application/pdf,Introduced,https://legiscan.com/FL/text/H0021/id/3082820,https://www.flsenate.gov/Session/Bill/2025A/21A/BillText/Filed/PDF
1941850,3082827,text,3289,text/html,Introduced,https://legiscan.com/FL/text/S0002/id/3082827,https://www.flsenate.gov/Session/Bill/2025A/2A/BillText/Filed/HTML
1941842,3082819,text,5980,text/html,Introduced,https://legiscan.com/FL/text/S0004/id/3082819,https://www.flsenate.gov/Session/Bill/2025A/4A/BillText/Filed/HTML
1941836,3082813,text,14289,text/html,Introduced,https://legiscan.com/FL/text/S0006/id/3082813,https://www.flsenate.gov/Session/Bill/2025A/6A/BillText/Filed/HTML
1941851,3082828,text,3020,text/html,Introduced,https://legiscan.com/FL/text/S0008/id/3082828,https://www.flsenate.gov/Session/Bill/2025A/8A/BillText/Filed/HTML
1941848,3082825,text,5250,text/html,Introduced,https://legiscan.com/FL/text/S0010/id/3082825,https://www.flsenate.gov/Session/Bill/2025A/10A/BillText/Filed/HTML
1941854,3082831,text,7306,text/html,Introduced,https://legiscan.com/FL/text/S0012/id/3082831,https://www.flsenate.gov/Session/Bill/2025A/12A/BillText/Filed/HTML
1941855,3082832,text,14452,text/html,Introduced,https://legiscan.com/FL/text/S0014/id/3082832,https://www.flsenate.gov/Session/Bill/2025A/14A/BillText/Filed/HTML
1941837,3082814,text,13061,text/html,Introduced,https://legiscan.com/FL/text/S0016/id/3082814,https://www.flsenate.gov/Session/Bill/2025A/16A/BillText/Filed/HTML
1941847,3082824,text,110591,text/html,Introduced,https://legiscan.com/FL/text/S0018/id/3082824,https://www.flsenate.gov/Session/Bill/2025A/18A/BillText/Filed/HTML
1941849,3082826,text,6291,text/html,Introduced,https://legiscan.com/FL/text/S0020/id/3082826,https://www.flsenate.gov/Session/Bill/2025A/20A/BillText/Filed/HTML
1941838,3082815,text,47148,text/html,Introduced,https://legiscan.com/FL/text/S0022/id/3082815,https://www.flsenate.gov/Session/Bill/2025A/22A/BillText/Filed/HTML
