people_id,name,first_name,middle_name,last_name,suffix,nickname,party_id,party,role_id,role,district,followthemoney_eid,votesmart_id,opensecrets_id,ballotpedia,knowwho_pid,committee_id
17099,"Blaise Ingoglia",Blaise,,Ingoglia,,,2,R,2,Sen,SD-011,68334,149443,,Blaise_Ingoglia,484625,0
20958,"Mike Caruso",Michael,A.,Caruso,,Mike,2,R,1,Rep,HD-087,45388164,184475,,Mike_Caruso_(Florida),652561,0
23321,"Jonathan Martin",Jonathan,,Martin,,,2,R,2,Sen,SD-033,45927469,138146,,Jonathan_Martin_(Florida),0,0
23324,"Jay Collins",Jay,,Collins,,,2,R,2,Sen,SD-014,55866465,209220,,Jay_Collins,0,0
23355,"Kiyan Michael",Kiyan,,Michael,,,2,R,1,Rep,HD-016,55866569,209353,,Kiyan_Michael,0,0
23357,"John Temple",John,,Temple,,,2,R,1,Rep,HD-052,55866652,209505,,John_Temple,0,0
