bill_id,date,chamber,sequence,action
2065870,2026-01-06,Senate,1,"Recommended for Immediate Consideration"
2065870,2026-01-06,Senate,2,"Senate read and passed"
2066131,2026-01-06,House,1,"House read and passed"
2066265,2026-01-06,House,1,"House read and passed"
2066870,2026-01-07,House,1,"Introduced, referred to House State Government & Elections"
2066870,2026-01-23,House,2,"Scheduled for hearing and/or consideration (01/27/2026)"
2066932,2026-01-07,House,1,"Introduced, referred to House Corporations"
2066932,2026-01-16,House,2,"Scheduled for hearing and/or consideration (01/20/2026)"
2066932,2026-01-20,House,3,"Committee recommended measure be held for further study"
2066992,2026-01-07,House,1,"Introduced, referred to House State Government & Elections"
2066992,2026-01-09,House,2,"Scheduled for hearing and/or consideration (01/15/2026)"
2066992,2026-01-15,House,3,"Committee recommended measure be held for further study"
2066992,2026-01-23,House,4,"Scheduled for consideration (01/27/2026)"
2067053,2026-01-07,House,1,"Introduced, referred to House Finance"
2067111,2026-01-07,House,1,"Introduced, referred to House State Government & Elections"
2067172,2026-01-07,House,1,"Introduced, referred to House Education"
2067231,2026-01-07,House,1,"Introduced, referred to House Environment and Natural Resources"
2067293,2026-01-07,House,1,"Introduced, referred to House Finance"
2067354,2026-01-07,Senate,1,"Placed on the Senate Consent Calendar (01/08/2026)"
2067354,2026-01-08,Senate,2,"Senate read and passed"
2067417,2026-01-07,House,1,"Introduced, referred to House Municipal Government & Housing"
2067417,2026-01-16,House,2,"Scheduled for hearing and/or consideration (01/20/2026)"
2067417,2026-01-20,House,3,"Committee recommended measure be held for further study"
2067417,2026-01-23,House,4,"Scheduled for consideration (01/27/2026)"
2067476,2026-01-07,House,1,"Introduced, referred to House Municipal Government & Housing"
2067476,2026-01-13,House,2,"Committee transferred to House Finance"
2068421,2026-01-08,Senate,1,"Recommended for Immediate Consideration"
2068421,2026-01-08,Senate,2,"Senate read and passed"
2068496,2026-01-08,Senate,1,"Recommended for Immediate Consideration"
2068496,2026-01-08,Senate,2,"Senate read and passed"
2068568,2026-01-08,Senate,1,"Recommended for Immediate Consideration"
2068568,2026-01-08,Senate,2,"Senate read and passed"
2068646,2026-01-08,Senate,1,"Recommended for Immediate Consideration"
2068646,2026-01-08,Senate,2,"Senate read and passed"
2068722,2026-01-08,Senate,1,"Recommended for Immediate Consideration"
2068722,2026-01-08,Senate,2,"Senate read and passed"
2068802,2026-01-08,Senate,1,"Recommended for Immediate Consideration"
2068802,2026-01-08,Senate,2,"Senate read and passed"
2068887,2026-01-08,House,1,"House read and passed"
2068916,2026-01-08,House,1,"House read and passed"
2068949,2026-01-08,House,1,"House read and passed"
2068985,2026-01-08,House,1,"House read and passed"
2069016,2026-01-08,Senate,1,"Recommended for Immediate Consideration"
2069016,2026-01-08,Senate,2,"Senate read and passed"
2069053,2026-01-08,House,1,"House read and passed"
2069086,2026-01-08,House,1,"House read and passed"
2069116,2026-01-08,House,1,"House read and passed"
2069148,2026-01-08,House,1,"House read and passed"
2069289,2026-01-09,Senate,1,"Introduced, referred to Senate Commerce"
2069292,2026-01-09,Senate,1,"Introduced, referred to Senate Housing and Municipal Government"
2069296,2026-01-09,Senate,1,"Introduced, referred to Senate Finance"
2069301,2026-01-09,Senate,1,"Introduced, referred to Senate Finance"
2069307,2026-01-09,Senate,1,"Introduced, referred to Senate Housing and Municipal Government"
2069310,2026-01-09,Senate,1,"Introduced, referred to Senate Housing and Municipal Government"
2069315,2026-01-09,Senate,1,"Introduced, referred to Senate Health and Human Services"
2069320,2026-01-09,Senate,1,"Introduced, referred to Senate Finance"
2069326,2026-01-09,Senate,1,"Introduced, referred to Senate Finance"
2069332,2026-01-09,Senate,1,"Introduced, referred to Senate Judiciary"
2069337,2026-01-09,Senate,1,"Introduced, referred to Senate Education"
2069339,2026-01-09,Senate,1,"Introduced, referred to Senate Education"
2069347,2026-01-09,Senate,1,"Introduced, referred to Senate Housing and Municipal Government"
2069350,2026-01-09,Senate,1,"Introduced, referred to Senate Judiciary"
2069355,2026-01-09,Senate,1,"Introduced, referred to Senate Housing and Municipal Government"
2069359,2026-01-09,Senate,1,"Introduced, referred to Senate Health and Human Services"
2069365,2026-01-09,Senate,1,"Introduced, referred to Senate Judiciary"
2069371,2026-01-09,Senate,1,"Introduced, referred to Senate Judiciary"
2069375,2026-01-09,Senate,1,"Introduced, referred to Senate Health and Human Services"
2069377,2026-01-09,Senate,1,"Introduced, referred to Senate Finance"
2069383,2026-01-09,Senate,1,"Introduced, referred to Senate Finance"
2069388,2026-01-09,Senate,1,"Introduced, referred to Senate Housing and Municipal Government"
2069392,2026-01-09,Senate,1,"Introduced, referred to Senate Judiciary"
2069395,2026-01-09,Senate,1,"Introduced, referred to Senate Finance"
2069407,2026-01-09,Senate,1,"Introduced, referred to Senate Judiciary"
2069410,2026-01-09,Senate,1,"Introduced, referred to Senate Finance"
2069414,2026-01-09,Senate,1,"Introduced, referred to Senate Judiciary"
2069418,2026-01-09,Senate,1,"Introduced, referred to Senate Finance"
2069423,2026-01-09,Senate,1,"Introduced, referred to Senate Commerce"
2069427,2026-01-09,Senate,1,"Introduced, referred to Senate Housing and Municipal Government"
2069429,2026-01-09,Senate,1,"Introduced, referred to Senate Judiciary"
2069434,2026-01-09,Senate,1,"Introduced, referred to Senate Judiciary"
2069441,2026-01-09,Senate,1,"Introduced, referred to Senate Housing and Municipal Government"
2069444,2026-01-09,Senate,1,"Introduced, referred to Senate Judiciary"
2069449,2026-01-09,Senate,1,"Introduced, referred to Senate Education"
2069453,2026-01-09,Senate,1,"Introduced, referred to Senate Judiciary"
2069457,2026-01-09,Senate,1,"Introduced, referred to Senate Judiciary"
2069466,2026-01-09,Senate,1,"Introduced, referred to Senate Judiciary"
2069468,2026-01-09,Senate,1,"Introduced, referred to Senate Judiciary"
2069473,2026-01-09,Senate,1,"Introduced, referred to Senate Housing and Municipal Government"
2069479,2026-01-09,Senate,1,"Introduced, referred to Senate Commerce"
2069484,2026-01-09,Senate,1,"Introduced, referred to Senate Finance"
2069490,2026-01-09,Senate,1,"Introduced, referred to Senate Finance"
2069493,2026-01-09,Senate,1,"Introduced, referred to Senate Commerce"
2069493,2026-01-13,Senate,2,"Withdrawn at sponsor's request"
2069496,2026-01-09,Senate,1,"Introduced, referred to Senate Artificial Intelligence & Emerging Technol"
2069502,2026-01-09,Senate,1,"Introduced, referred to Senate Commerce"
2069506,2026-01-09,Senate,1,"Introduced, referred to Senate Housing and Municipal Government"
2069510,2026-01-09,Senate,1,"Introduced, referred to Senate Finance"
2069514,2026-01-09,Senate,1,"Introduced, referred to Senate Finance"
2069516,2026-01-09,Senate,1,"Introduced, referred to Senate Judiciary"
2069526,2026-01-09,House,1,"Introduced, referred to House Special Legislation"
2069526,2026-01-16,House,2,"Scheduled for hearing and/or consideration (01/20/2026)"
2069526,2026-01-20,House,3,"Committee recommended measure be held for further study"
2069533,2026-01-09,House,1,"Introduced, referred to House Municipal Government & Housing"
2069533,2026-01-16,House,2,"Scheduled for hearing and/or consideration (01/20/2026)"
2069533,2026-01-20,House,3,"Committee recommended measure be held for further study"
2069533,2026-01-23,House,4,"Scheduled for consideration (01/27/2026)"
2069542,2026-01-09,House,1,"Introduced, referred to House Finance"
2069551,2026-01-09,House,1,"Introduced, referred to House Municipal Government & Housing"
2069551,2026-01-16,House,2,"Scheduled for hearing and/or consideration (01/20/2026)"
2069551,2026-01-20,House,3,"Committee recommended measure be held for further study"
2069551,2026-01-23,House,4,"Scheduled for consideration (01/27/2026)"
2069560,2026-01-09,House,1,"Introduced, referred to House Finance"
2069572,2026-01-09,House,1,"Introduced, referred to House Corporations"
2069572,2026-01-16,House,2,"Scheduled for hearing and/or consideration (01/20/2026)"
2069572,2026-01-20,House,3,"Committee recommended measure be held for further study"
2069580,2026-01-09,House,1,"Introduced, referred to House Health & Human Services"
2069580,2026-01-23,House,2,"Scheduled for hearing and/or consideration (01/29/2026)"
2069590,2026-01-09,House,1,"Introduced, referred to House Health & Human Services"
2069599,2026-01-09,House,1,"Introduced, referred to House State Government & Elections"
2069599,2026-01-23,House,2,"Scheduled for hearing and/or consideration (01/27/2026)"
2069609,2026-01-09,House,1,"Introduced, referred to House Environment and Natural Resources"
2069609,2026-01-09,House,2,"Scheduled for hearing and/or consideration (01/15/2026)"
2069609,2026-01-15,House,3,"Committee recommends passage"
2069609,2026-01-16,House,4,"Placed on House Calendar (01/22/2026)"
2069609,2026-01-22,House,5,"House passed as amended (floor amendment)"
2069620,2026-01-09,House,1,"Introduced, referred to House Labor"
2069629,2026-01-09,House,1,"Introduced, referred to House Health & Human Services"
2069639,2026-01-09,House,1,"Introduced, referred to House Education"
2069639,2026-01-23,House,2,"Scheduled for hearing and/or consideration (01/27/2026)"
2069647,2026-01-09,House,1,"Introduced, referred to House Judiciary"
2069659,2026-01-09,House,1,"Introduced, referred to House Finance"
2069669,2026-01-09,House,1,"Introduced, referred to House Municipal Government & Housing"
2069679,2026-01-09,House,1,"Introduced, referred to House Finance"
2069690,2026-01-09,House,1,"Introduced, referred to House Education"
2069690,2026-01-23,House,2,"Scheduled for hearing and/or consideration (01/27/2026)"
2069698,2026-01-09,House,1,"Introduced, referred to House Municipal Government & Housing"
2069698,2026-01-16,House,2,"Scheduled for hearing and/or consideration (01/20/2026)"
2069698,2026-01-20,House,3,"Committee recommended measure be held for further study"
2069698,2026-01-23,House,4,"Scheduled for consideration (01/27/2026)"
2069709,2026-01-09,House,1,"Introduced, referred to House Education"
2069709,2026-01-23,House,2,"Scheduled for hearing and/or consideration (01/27/2026)"
2069717,2026-01-09,House,1,"Introduced, referred to House Innovation, Internet, & Technology"
2069729,2026-01-09,House,1,"Introduced, referred to House Education"
2069729,2026-01-20,House,2,"Withdrawn at sponsor's request"
2069740,2026-01-09,House,1,"Introduced, referred to House Corporations"
2069740,2026-01-23,House,2,"Scheduled for hearing and/or consideration (01/27/2026)"
2069748,2026-01-09,House,1,"Introduced, referred to House Finance"
2069759,2026-01-09,House,1,"Introduced, referred to House Education"
2069759,2026-01-20,House,2,"Withdrawn at sponsor's request"
2069767,2026-01-09,House,1,"Introduced, referred to House Labor"
2069778,2026-01-09,House,1,"Introduced, referred to House Judiciary"
2069790,2026-01-09,House,1,"Introduced, referred to House Municipal Government & Housing"
2069790,2026-01-16,House,2,"Scheduled for hearing and/or consideration (01/20/2026)"
2069790,2026-01-20,House,3,"Committee recommended measure be held for further study"
2069790,2026-01-23,House,4,"Scheduled for consideration (01/27/2026)"
2069798,2026-01-09,House,1,"Introduced, referred to House Labor"
2069808,2026-01-09,House,1,"Introduced, referred to House State Government & Elections"
2069808,2026-01-09,House,2,"Scheduled for hearing and/or consideration (01/15/2026)"
2069808,2026-01-15,House,3,"Committee recommended measure be held for further study"
2069808,2026-01-23,House,4,"Scheduled for consideration (01/27/2026)"
2069817,2026-01-09,House,1,"Introduced, referred to House Finance"
2069828,2026-01-09,House,1,"Introduced, referred to House Judiciary"
2069828,2026-01-23,House,2,"Scheduled for hearing and/or consideration (01/29/2026)"
2069838,2026-01-09,House,1,"Introduced, referred to House Judiciary"
2069847,2026-01-09,House,1,"Introduced, referred to House Finance"
2069857,2026-01-09,House,1,"Introduced, referred to House Judiciary"
2069865,2026-01-09,House,1,"Introduced, referred to House Corporations"
2069865,2026-01-16,House,2,"Scheduled for hearing and/or consideration (01/20/2026)"
2069865,2026-01-20,House,3,"Committee recommended measure be held for further study"
2069877,2026-01-09,House,1,"Introduced, referred to House Labor"
2069886,2026-01-09,House,1,"Introduced, referred to House Finance"
2069895,2026-01-09,House,1,"Introduced, referred to House Finance"
2069905,2026-01-09,House,1,"Introduced, referred to House Judiciary"
2069905,2026-01-23,House,2,"Scheduled for hearing and/or consideration (01/29/2026)"
2070834,2026-01-12,Senate,1,"Placed on the Senate Consent Calendar (01/13/2026)"
2070834,2026-01-13,Senate,2,"Senate read and passed"
2070858,2026-01-12,Senate,1,"Placed on the Senate Consent Calendar (01/13/2026)"
2070858,2026-01-13,Senate,2,"Senate read and passed"
2070883,2026-01-12,Senate,1,"Placed on the Senate Consent Calendar (01/13/2026)"
2070883,2026-01-13,Senate,2,"Senate read and passed"
2070908,2026-01-12,Senate,1,"Placed on the Senate Consent Calendar (01/13/2026)"
2070908,2026-01-13,Senate,2,"Senate read and passed"
2070929,2026-01-12,Senate,1,"Placed on the Senate Consent Calendar (01/13/2026)"
2070929,2026-01-13,Senate,2,"Senate read and passed"
2070954,2026-01-12,Senate,1,"Placed on the Senate Consent Calendar (01/13/2026)"
2070954,2026-01-13,Senate,2,"Senate read and passed"
2070980,2026-01-12,Senate,1,"Placed on the Senate Consent Calendar (01/13/2026)"
2070980,2026-01-13,Senate,2,"Senate read and passed"
2072963,2026-01-13,Senate,1,"Recommended for Immediate Consideration"
2072963,2026-01-13,Senate,2,"Senate read and passed"
2073350,2026-01-13,Senate,1,"Recommended for Immediate Consideration"
2073350,2026-01-13,Senate,2,"Senate read and passed"
2073495,2026-01-13,House,1,"House read and passed"
2073638,2026-01-13,House,1,"House read and passed"
2073784,2026-01-13,House,1,"House read and passed"
2073927,2026-01-13,House,1,"House read and passed"
2078287,2026-01-14,House,1,"Introduced, referred to House Finance"
2078324,2026-01-14,House,1,"Introduced, referred to House Special Legislation"
2078324,2026-01-16,House,2,"Scheduled for hearing and/or consideration (01/20/2026)"
2078324,2026-01-20,House,3,"Committee recommended measure be held for further study"
2078360,2026-01-14,House,1,"Introduced, referred to House Special Legislation"
2078360,2026-01-16,House,2,"Scheduled for hearing and/or consideration (01/20/2026)"
2078360,2026-01-20,House,3,"Committee recommended measure be held for further study"
2078397,2026-01-14,House,1,"Introduced, referred to House Municipal Government & Housing"
2078397,2026-01-16,House,2,"Scheduled for hearing and/or consideration (01/20/2026)"
2078397,2026-01-20,House,3,"Committee recommended measure be held for further study"
2078435,2026-01-14,House,1,"Introduced, referred to House Health & Human Services"
2078435,2026-01-23,House,2,"Scheduled for hearing and/or consideration (01/29/2026)"
2078471,2026-01-14,House,1,"Introduced, referred to House State Government & Elections"
2078509,2026-01-14,House,1,"Introduced, referred to House State Government & Elections"
2078547,2026-01-14,House,1,"Introduced, referred to House Judiciary"
2078547,2026-01-23,House,2,"Scheduled for hearing and/or consideration (01/29/2026)"
2078583,2026-01-14,House,1,"Introduced, referred to House Veterans Affairs"
2078623,2026-01-14,House,1,"Introduced, referred to House Finance"
2078660,2026-01-14,House,1,"Introduced, referred to House Environment and Natural Resources"
2078660,2026-01-16,House,2,"Withdrawn at sponsor's request"
2078695,2026-01-14,House,1,"Introduced, referred to House Corporations"
2078734,2026-01-14,Senate,1,"Placed on the Senate Consent Calendar (01/15/2026)"
2078734,2026-01-15,Senate,2,"Senate read and passed"
2078771,2026-01-14,House,1,"Introduced, referred to House Finance"
2078809,2026-01-14,House,1,"Introduced, referred to House State Government & Elections"
2078847,2026-01-14,House,1,"Introduced, referred to House Labor"
2078882,2026-01-14,House,1,"Introduced, referred to House State Government & Elections"
2078918,2026-01-14,House,1,"Introduced, referred to House Corporations"
2078961,2026-01-14,House,1,"Introduced, referred to House Finance"
2078998,2026-01-14,House,1,"Introduced, referred to House State Government & Elections"
2079035,2026-01-14,House,1,"Introduced, referred to House Veterans Affairs"
2079070,2026-01-14,House,1,"Introduced, referred to House Finance"
2079110,2026-01-14,House,1,"Introduced, referred to House Judiciary"
2079147,2026-01-14,House,1,"Introduced, referred to House Municipal Government & Housing"
2079184,2026-01-14,House,1,"Introduced, referred to House Judiciary"
2079224,2026-01-14,House,1,"Introduced, referred to House Special Legislation"
2079224,2026-01-16,House,2,"Scheduled for hearing and/or consideration (01/20/2026)"
2079224,2026-01-20,House,3,"Committee recommended measure be held for further study"
2079260,2026-01-14,House,1,"Introduced, referred to House Corporations"
2079260,2026-01-16,House,2,"Scheduled for hearing and/or consideration (01/20/2026)"
2079260,2026-01-20,House,3,"Committee recommended measure be held for further study"
2079294,2026-01-14,House,1,"Introduced, referred to House Environment and Natural Resources"
2079294,2026-01-16,House,2,"Scheduled for hearing and/or consideration (01/22/2026)"
2079294,2026-01-22,House,3,"Committee recommended measure be held for further study"
2079334,2026-01-14,House,1,"Introduced, referred to House Special Legislation"
2079334,2026-01-16,House,2,"Scheduled for hearing and/or consideration (01/20/2026)"
2079334,2026-01-20,House,3,"Committee recommended measure be held for further study"
2079370,2026-01-14,House,1,"Introduced, referred to House Corporations"
2079370,2026-01-23,House,2,"Scheduled for hearing and/or consideration (01/27/2026)"
2079409,2026-01-14,House,1,"Introduced, referred to House Corporations"
2079409,2026-01-16,House,2,"Scheduled for hearing and/or consideration (01/20/2026)"
2079409,2026-01-20,House,3,"Committee recommended measure be held for further study"
2079446,2026-01-14,House,1,"Introduced, referred to House Environment and Natural Resources"
2079446,2026-01-16,House,2,"Scheduled for hearing and/or consideration (01/22/2026)"
2079446,2026-01-22,House,3,"Committee recommended measure be held for further study"
2079481,2026-01-14,House,1,"Introduced, referred to House Health & Human Services"
2079516,2026-01-14,House,1,"Introduced, referred to House Finance"
2079553,2026-01-14,House,1,"Introduced, referred to House Municipal Government & Housing"
2079590,2026-01-14,House,1,"Introduced, referred to House Corporations"
2079627,2026-01-14,House,1,"Introduced, referred to House Corporations"
2079627,2026-01-23,House,2,"Scheduled for hearing and/or consideration (01/27/2026)"
2079664,2026-01-14,House,1,"Introduced, referred to House Environment and Natural Resources"
2079664,2026-01-16,House,2,"Scheduled for hearing and/or consideration (01/22/2026)"
2079664,2026-01-22,House,3,"Committee recommended measure be held for further study"
2081914,2026-01-15,Senate,1,"Recommended for Immediate Consideration"
2081914,2026-01-15,Senate,2,"Senate read and passed"
2082248,2026-01-15,Senate,1,"Recommended for Immediate Consideration"
2082248,2026-01-15,Senate,2,"Senate read and passed"
2082580,2026-01-15,Senate,1,"Recommended for Immediate Consideration"
2082580,2026-01-15,Senate,2,"Senate read and passed"
2082607,2026-01-15,House,1,"Introduced, referred to House Judiciary"
2082626,2026-01-15,House,1,"Introduced, referred to House Corporations"
2082626,2026-01-16,House,2,"Scheduled for hearing and/or consideration (01/20/2026)"
2082626,2026-01-20,House,3,"Committee recommended measure be held for further study"
2082648,2026-01-15,House,1,"Introduced, referred to House Finance"
2082668,2026-01-15,House,1,"House read and passed"
2082689,2026-01-15,House,1,"Introduced, referred to House Judiciary"
2082710,2026-01-15,House,1,"Introduced, referred to House State Government & Elections"
2082710,2026-01-23,House,2,"Scheduled for hearing and/or consideration (01/27/2026)"
2082731,2026-01-15,House,1,"Introduced, referred to House Judiciary"
2082752,2026-01-15,House,1,"Introduced, referred to House Corporations"
2082773,2026-01-15,House,1,"Introduced, referred to House Education"
2082792,2026-01-15,House,1,"Introduced, referred to House Education"
2082792,2026-01-23,House,2,"Scheduled for hearing and/or consideration (01/27/2026)"
2082814,2026-01-15,House,1,"House read and passed"
2082836,2026-01-15,House,1,"Introduced, referred to House State Government & Elections"
2082857,2026-01-15,House,1,"Introduced, referred to House Municipal Government & Housing"
2082877,2026-01-15,House,1,"Introduced, referred to House Judiciary"
2082899,2026-01-15,House,1,"Introduced, referred to House Health & Human Services"
2082919,2026-01-15,House,1,"Introduced, referred to House State Government & Elections"
2082919,2026-01-23,House,2,"Scheduled for hearing and/or consideration (01/27/2026)"
2082940,2026-01-15,House,1,"House read and passed"
2082960,2026-01-15,House,1,"Introduced, referred to House Municipal Government & Housing"
2082960,2026-01-16,House,2,"Scheduled for hearing and/or consideration (01/20/2026)"
2082960,2026-01-20,House,3,"Committee recommended measure be held for further study"
2082985,2026-01-15,House,1,"Introduced, referred to House Education"
2083005,2026-01-15,House,1,"Introduced, referred to House Municipal Government & Housing"
2083026,2026-01-15,House,1,"House read and passed"
2083046,2026-01-15,House,1,"Introduced, referred to House Health & Human Services"
2083046,2026-01-23,House,2,"Scheduled for hearing and/or consideration (01/29/2026)"
2083069,2026-01-15,House,1,"Introduced, referred to House Labor"
2083088,2026-01-15,House,1,"Introduced, referred to House Corporations"
2083109,2026-01-15,House,1,"Introduced, referred to House Finance"
2083131,2026-01-15,House,1,"House read and passed"
2083152,2026-01-15,House,1,"House read and passed"
2083172,2026-01-15,House,1,"Introduced, referred to House Education"
2083172,2026-01-23,House,2,"Scheduled for hearing and/or consideration (01/27/2026)"
2083193,2026-01-15,House,1,"House read and passed"
2083213,2026-01-15,House,1,"Introduced, referred to House Judiciary"
2083234,2026-01-15,House,1,"Introduced, referred to House Innovation, Internet, & Technology"
2083255,2026-01-15,House,1,"Introduced, referred to House Judiciary"
2083275,2026-01-15,House,1,"Introduced, referred to House Municipal Government & Housing"
2083295,2026-01-15,House,1,"Introduced, referred to House Judiciary"
2083317,2026-01-15,House,1,"Introduced, referred to House Innovation, Internet, & Technology"
2083336,2026-01-15,House,1,"House read and passed"
2083354,2026-01-15,House,1,"Introduced, referred to House Corporations"
2083995,2026-01-16,Senate,1,"Introduced, referred to Senate Housing and Municipal Government"
2084007,2026-01-16,Senate,1,"Introduced, referred to Senate Health and Human Services"
2084009,2026-01-16,Senate,1,"Introduced, referred to Senate Judiciary"
2084012,2026-01-16,House,1,"Introduced, referred to House Health & Human Services"
2084017,2026-01-16,House,1,"Introduced, referred to House Environment and Natural Resources"
2084017,2026-01-16,House,2,"Scheduled for hearing and/or consideration (01/22/2026)"
2084017,2026-01-22,House,3,"Committee recommended measure be held for further study"
2084020,2026-01-16,Senate,1,"Introduced, referred to Senate Judiciary"
2084024,2026-01-16,Senate,1,"Introduced, referred to Senate Finance"
2084027,2026-01-16,Senate,1,"Introduced, referred to Senate Judiciary"
2084033,2026-01-16,Senate,1,"Introduced, referred to Senate Finance"
2084037,2026-01-16,Senate,1,"Introduced, referred to Senate Judiciary"
2084041,2026-01-16,Senate,1,"Introduced, referred to Senate Finance"
2084047,2026-01-16,Senate,1,"Introduced, referred to Senate Labor and Gaming"
2084051,2026-01-16,Senate,1,"Introduced, referred to Senate Judiciary"
2084055,2026-01-16,Senate,1,"Introduced, referred to Senate Special Legislation and Veterans Affairs"
2084060,2026-01-16,Senate,1,"Introduced, referred to Senate Health and Human Services"
2084064,2026-01-16,House,1,"Introduced, referred to House Municipal Government & Housing"
2084068,2026-01-16,Senate,1,"Introduced, referred to Senate Finance"
2084073,2026-01-16,Senate,1,"Introduced, referred to Senate Finance"
2084075,2026-01-16,House,1,"Introduced, referred to House Corporations"
2084079,2026-01-16,Senate,1,"Introduced, referred to Senate Finance"
2084085,2026-01-16,Senate,1,"Introduced, referred to Senate Education"
2084091,2026-01-16,Senate,1,"Introduced, referred to Senate Health and Human Services"
2084094,2026-01-16,Senate,1,"Introduced, referred to Senate Finance"
2084099,2026-01-16,Senate,1,"Introduced, referred to Senate Judiciary"
2084104,2026-01-16,Senate,1,"Introduced, referred to Senate Judiciary"
2084107,2026-01-16,Senate,1,"Introduced, referred to Senate Special Legislation and Veterans Affairs"
2084112,2026-01-16,Senate,1,"Introduced, referred to Senate Judiciary"
2084116,2026-01-16,Senate,1,"Introduced, referred to Senate Education"
2084120,2026-01-16,House,1,"Introduced, referred to House Municipal Government & Housing"
2084124,2026-01-16,Senate,1,"Introduced, referred to Senate Judiciary"
2084133,2026-01-16,Senate,1,"Introduced, referred to Senate Finance"
2084137,2026-01-16,Senate,1,"Introduced, referred to Senate Finance"
2084142,2026-01-16,House,1,"Introduced, referred to House State Government & Elections"
2084146,2026-01-16,Senate,1,"Introduced, referred to Senate Finance"
2084149,2026-01-16,Senate,1,"Introduced, referred to Senate Labor and Gaming"
2084154,2026-01-16,Senate,1,"Introduced, referred to Senate Health and Human Services"
2084157,2026-01-16,Senate,1,"Introduced, referred to Senate Housing and Municipal Government"
2084161,2026-01-16,Senate,1,"Introduced, referred to Senate Special Legislation and Veterans Affairs"
2084165,2026-01-16,Senate,1,"Introduced, referred to Senate Finance"
2084173,2026-01-16,House,1,"Introduced, referred to House Finance"
2084176,2026-01-16,Senate,1,"Introduced, referred to Senate Health and Human Services"
2084181,2026-01-16,Senate,1,"Introduced, referred to Senate Judiciary"
2084185,2026-01-16,Senate,1,"Introduced, referred to Senate Finance"
2084189,2026-01-16,House,1,"Introduced, referred to House Education"
2084189,2026-01-23,House,2,"Scheduled for hearing and/or consideration (01/27/2026)"
2084192,2026-01-16,Senate,1,"Introduced, referred to Senate Judiciary"
2084197,2026-01-16,House,1,"Introduced, referred to House Municipal Government & Housing"
2084197,2026-01-16,House,2,"Scheduled for hearing and/or consideration (01/20/2026)"
2084197,2026-01-20,House,3,"Committee recommended measure be held for further study"
2084203,2026-01-16,Senate,1,"Introduced, referred to Senate Finance"
2084206,2026-01-16,Senate,1,"Introduced, referred to Senate Finance"
2084212,2026-01-16,Senate,1,"Introduced, referred to Senate Judiciary"
2084215,2026-01-16,Senate,1,"Introduced, referred to Senate Health and Human Services"
2084219,2026-01-16,Senate,1,"Introduced, referred to Senate Special Legislation and Veterans Affairs"
2084223,2026-01-16,Senate,1,"Introduced, referred to Senate Finance"
2084226,2026-01-16,Senate,1,"Introduced, referred to Senate Health and Human Services"
2084232,2026-01-16,Senate,1,"Introduced, referred to Senate Judiciary"
2084235,2026-01-16,Senate,1,"Introduced, referred to Senate Finance"
2084241,2026-01-16,Senate,1,"Introduced, referred to Senate Special Legislation and Veterans Affairs"
2084244,2026-01-16,Senate,1,"Introduced, referred to Senate Judiciary"
2084254,2026-01-16,House,1,"Introduced, referred to House Labor"
2084257,2026-01-16,Senate,1,"Introduced, referred to Senate Judiciary"
2084262,2026-01-16,Senate,1,"Introduced, referred to Senate Judiciary"
2084265,2026-01-16,House,1,"Introduced, referred to House State Government & Elections"
2084265,2026-01-23,House,2,"Scheduled for hearing and/or consideration (01/27/2026)"
2084272,2026-01-16,House,1,"Introduced, referred to House Corporations"
2084275,2026-01-16,House,1,"Introduced, referred to House Judiciary"
2084278,2026-01-16,Senate,1,"Introduced, referred to Senate Judiciary"
2084283,2026-01-16,Senate,1,"Introduced, referred to Senate Health and Human Services"
2084287,2026-01-16,Senate,1,"Introduced, referred to Senate Judiciary"
2084292,2026-01-16,House,1,"Introduced, referred to House Finance"
2084298,2026-01-16,Senate,1,"Introduced, referred to Senate Judiciary"
2084303,2026-01-16,Senate,1,"Introduced, referred to Senate Judiciary"
2084306,2026-01-16,House,1,"Introduced, referred to House Municipal Government & Housing"
2084311,2026-01-16,Senate,1,"Introduced, referred to Senate Environment and Agriculture"
2084317,2026-01-16,Senate,1,"Introduced, referred to Senate Special Legislation and Veterans Affairs"
2084321,2026-01-16,Senate,1,"Introduced, referred to Senate Commerce"
2084325,2026-01-16,Senate,1,"Introduced, referred to Senate Health and Human Services"
2084328,2026-01-16,Senate,1,"Introduced, referred to Senate Judiciary"
2084333,2026-01-16,Senate,1,"Introduced, referred to Senate Finance"
2084339,2026-01-16,Senate,1,"Introduced, referred to Senate Finance"
2084345,2026-01-16,Senate,1,"Introduced, referred to Senate Judiciary"
2084348,2026-01-16,House,1,"Introduced, referred to House Finance"
2084353,2026-01-16,Senate,1,"Introduced, referred to Senate Labor and Gaming"
2084356,2026-01-16,House,1,"Introduced, referred to House Finance"
2084360,2026-01-16,Senate,1,"Introduced, referred to Senate Finance"
2084366,2026-01-16,Senate,1,"Introduced, referred to Senate Judiciary"
2084370,2026-01-16,Senate,1,"Introduced, referred to Senate Labor and Gaming"
2084374,2026-01-16,Senate,1,"Introduced, referred to Senate Health and Human Services"
2084383,2026-01-16,Senate,1,"Introduced, referred to Senate Judiciary"
2084387,2026-01-16,Senate,1,"Introduced, referred to Senate Judiciary"
2084390,2026-01-16,House,1,"Introduced, referred to House Finance"
2084396,2026-01-16,Senate,1,"Introduced, referred to Senate Judiciary"
2084399,2026-01-16,Senate,1,"Introduced, referred to Senate Judiciary"
2084405,2026-01-16,Senate,1,"Introduced, referred to Senate Judiciary"
2084408,2026-01-16,House,1,"Introduced, referred to House Judiciary"
2084413,2026-01-16,Senate,1,"Introduced, referred to Senate Judiciary"
2084417,2026-01-16,House,1,"Introduced, referred to House Municipal Government & Housing"
2084417,2026-01-16,House,2,"Scheduled for hearing and/or consideration (01/20/2026)"
2084417,2026-01-20,House,3,"Committee recommended measure be held for further study"
2084417,2026-01-23,House,4,"Scheduled for consideration (01/27/2026)"
2084422,2026-01-16,Senate,1,"Introduced, referred to Senate Judiciary"
2084426,2026-01-16,House,1,"Introduced, referred to House Health & Human Services"
2084429,2026-01-16,Senate,1,"Introduced, referred to Senate Finance"
2084435,2026-01-16,House,1,"Introduced, referred to House Finance"
2084440,2026-01-16,Senate,1,"Introduced, referred to Senate Judiciary"
2084444,2026-01-16,Senate,1,"Introduced, referred to Senate Finance"
2084447,2026-01-16,Senate,1,"Introduced, referred to Senate Labor and Gaming"
2084452,2026-01-16,Senate,1,"Introduced, referred to Senate Judiciary"
2084456,2026-01-16,Senate,1,"Introduced, referred to Senate Health and Human Services"
2084459,2026-01-16,Senate,1,"Introduced, referred to Senate Judiciary"
2084467,2026-01-16,Senate,1,"Introduced, referred to Senate Special Legislation and Veterans Affairs"
2084471,2026-01-16,Senate,1,"Introduced, referred to Senate Commerce"
2084475,2026-01-16,Senate,1,"Introduced, referred to Senate Labor and Gaming"
2084478,2026-01-16,Senate,1,"Introduced, referred to Senate Health and Human Services"
2084483,2026-01-16,Senate,1,"Introduced, referred to Senate Judiciary"
2084487,2026-01-16,Senate,1,"Introduced, referred to Senate Housing and Municipal Government"
2084493,2026-01-16,Senate,1,"Introduced, referred to Senate Judiciary"
2084496,2026-01-16,House,1,"Introduced, referred to House Municipal Government & Housing"
2084502,2026-01-16,Senate,1,"Introduced, referred to Senate Special Legislation and Veterans Affairs"
2084511,2026-01-16,House,1,"Introduced, referred to House Finance"
2084514,2026-01-16,Senate,1,"Introduced, referred to Senate Judiciary"
2084518,2026-01-16,Senate,1,"Introduced, referred to Senate Finance"
2084522,2026-01-16,Senate,1,"Introduced, referred to Senate Special Legislation and Veterans Affairs"
2084527,2026-01-16,House,1,"Introduced, referred to House Finance"
2084530,2026-01-16,Senate,1,"Introduced, referred to Senate Labor and Gaming"
2084535,2026-01-16,Senate,1,"Introduced, referred to Senate Special Legislation and Veterans Affairs"
2084540,2026-01-16,Senate,1,"Introduced, referred to Senate Finance"
2084545,2026-01-16,Senate,1,"Introduced, referred to Senate Special Legislation and Veterans Affairs"
2084550,2026-01-16,Senate,1,"Introduced, referred to Senate Education"
2084556,2026-01-16,Senate,1,"Introduced, referred to Senate Health and Human Services"
2084560,2026-01-16,Senate,1,"Introduced, referred to Senate Housing and Municipal Government"
2084563,2026-01-16,Senate,1,"Introduced, referred to Senate Housing and Municipal Government"
2084568,2026-01-16,House,1,"Introduced, referred to House Finance"
2084572,2026-01-16,House,1,"Introduced, referred to House Labor"
2084576,2026-01-16,Senate,1,"Introduced, referred to Senate Special Legislation and Veterans Affairs"
2084581,2026-01-16,Senate,1,"Introduced, referred to Senate Finance"
2084585,2026-01-16,Senate,1,"Introduced, referred to Senate Judiciary"
2084589,2026-01-16,Senate,1,"Introduced, referred to Senate Labor and Gaming"
2084596,2026-01-16,Senate,1,"Introduced, referred to Senate Commerce"
2084599,2026-01-16,Senate,1,"Introduced, referred to Senate Finance"
2084603,2026-01-16,Senate,1,"Introduced, referred to Senate Health and Human Services"
2084609,2026-01-16,Senate,1,"Introduced, referred to Senate Judiciary"
2084612,2026-01-16,Senate,1,"Introduced, referred to Senate Health and Human Services"
2084616,2026-01-16,Senate,1,"Introduced, referred to Senate Judiciary"
2084619,2026-01-16,Senate,1,"Introduced, referred to Senate Judiciary"
2084624,2026-01-16,Senate,1,"Introduced, referred to Senate Judiciary"
2084627,2026-01-16,Senate,1,"Introduced, referred to Senate Labor and Gaming"
2086750,2026-01-20,Senate,1,"Recommended for Immediate Consideration"
2086750,2026-01-20,Senate,2,"Senate read and passed"
2086897,2026-01-20,Senate,1,"Recommended for Immediate Consideration"
2086897,2026-01-20,Senate,2,"Senate read and passed"
2087044,2026-01-20,Senate,1,"Recommended for Immediate Consideration"
2087044,2026-01-20,Senate,2,"Senate read and passed"
2087116,2026-01-20,House,1,"House read and passed"
2087116,2026-01-22,Senate,2,"Senate passed in concurrence"
2087116,2026-01-22,House,3,"Transmitted to Governor"
2087182,2026-01-20,House,1,"House read and passed"
2087252,2026-01-20,House,1,"House read and passed"
2087317,2026-01-20,House,1,"House read and passed"
2087382,2026-01-20,House,1,"House read and passed"
2087448,2026-01-20,House,1,"House read and passed"
2087679,2026-01-21,House,1,"Introduced, referred to House Corporations"
2087679,2026-01-23,House,2,"Scheduled for hearing and/or consideration (01/27/2026)"
2087756,2026-01-21,House,1,"Introduced, referred to House Corporations"
2087832,2026-01-21,House,1,"Introduced, referred to House Corporations"
2087908,2026-01-21,House,1,"Introduced, referred to House Corporations"
2087908,2026-01-23,House,2,"Scheduled for hearing and/or consideration (01/27/2026)"
2087987,2026-01-21,House,1,"Introduced, referred to House Corporations"
2088066,2026-01-21,House,1,"Introduced, referred to House Corporations"
2088142,2026-01-21,Senate,1,"Placed on the Senate Consent Calendar (01/22/2026)"
2088142,2026-01-22,Senate,2,"Senate read and passed"
2088233,2026-01-21,House,1,"Introduced, referred to House Health & Human Services"
2088240,2026-01-21,House,1,"Introduced, referred to House Judiciary"
2088248,2026-01-21,House,1,"Introduced, referred to House Finance"
2088258,2026-01-21,House,1,"Introduced, referred to House Judiciary"
2088264,2026-01-21,House,1,"Introduced, referred to House Corporations"
2088272,2026-01-21,House,1,"Introduced, referred to House Finance"
2088280,2026-01-21,House,1,"Introduced, referred to House Finance"
2088291,2026-01-21,House,1,"Introduced, referred to House Corporations"
2088297,2026-01-21,House,1,"Introduced, referred to House State Government & Elections"
2088306,2026-01-21,House,1,"Introduced, referred to House Municipal Government & Housing"
2088316,2026-01-21,House,1,"Introduced, referred to House Special Legislation"
2088323,2026-01-21,House,1,"Introduced, referred to House State Government & Elections"
2088330,2026-01-21,House,1,"Introduced, referred to House Finance"
2088338,2026-01-21,House,1,"Introduced, referred to House Judiciary"
2088350,2026-01-21,House,1,"Introduced, referred to House Judiciary"
2088358,2026-01-21,House,1,"Introduced, referred to House Judiciary"
2088366,2026-01-21,House,1,"Introduced, referred to House Health & Human Services"
2088366,2026-01-23,House,2,"Scheduled for hearing and/or consideration (01/29/2026)"
2088374,2026-01-21,House,1,"Introduced, referred to House Judiciary"
2088384,2026-01-21,House,1,"Introduced, referred to House Health & Human Services"
2088390,2026-01-21,House,1,"Introduced, referred to House Health & Human Services"
2088390,2026-01-23,House,2,"Scheduled for hearing and/or consideration (01/29/2026)"
2088403,2026-01-21,House,1,"Introduced, referred to House Health & Human Services"
2088403,2026-01-23,House,2,"Scheduled for hearing and/or consideration (01/29/2026)"
2088410,2026-01-21,House,1,"Introduced, referred to House Corporations"
2088418,2026-01-21,House,1,"Introduced, referred to House Labor"
2088427,2026-01-21,House,1,"Introduced, referred to House Judiciary"
2088434,2026-01-21,House,1,"Introduced, referred to House Judiciary"
2088442,2026-01-21,House,1,"Introduced, referred to House Judiciary"
2088442,2026-01-23,House,2,"Scheduled for hearing and/or consideration (01/29/2026)"
2088449,2026-01-21,House,1,"Introduced, referred to House Judiciary"
2088461,2026-01-21,House,1,"Introduced, referred to House Judiciary"
2088461,2026-01-23,House,2,"Scheduled for hearing and/or consideration (01/29/2026)"
2088466,2026-01-21,House,1,"Introduced, referred to House State Government & Elections"
2088466,2026-01-23,House,2,"Scheduled for hearing and/or consideration (01/27/2026)"
2088475,2026-01-21,House,1,"Introduced, referred to House Municipal Government & Housing"
2088475,2026-01-23,House,2,"Scheduled for hearing and/or consideration (01/27/2026)"
2088483,2026-01-21,House,1,"Introduced, referred to House Judiciary"
2088491,2026-01-21,House,1,"Introduced, referred to House Judiciary"
2088491,2026-01-23,House,2,"Scheduled for hearing and/or consideration (01/29/2026)"
2088499,2026-01-21,House,1,"Introduced, referred to House Finance"
2088506,2026-01-21,House,1,"Introduced, referred to House Special Legislation"
2088513,2026-01-21,House,1,"Introduced, referred to House Judiciary"
2088520,2026-01-21,House,1,"Introduced, referred to House Finance"
2088529,2026-01-21,House,1,"Introduced, referred to House Judiciary"
2088537,2026-01-21,House,1,"Introduced, referred to House Corporations"
2088544,2026-01-21,House,1,"Introduced, referred to House Finance"
2088550,2026-01-21,House,1,"Introduced, referred to House Environment and Natural Resources"
2088560,2026-01-21,House,1,"Introduced, referred to House Municipal Government & Housing"
2088574,2026-01-21,House,1,"Introduced, referred to House Municipal Government & Housing"
2088580,2026-01-21,House,1,"Introduced, referred to House Judiciary"
2088591,2026-01-21,House,1,"Introduced, referred to House Finance"
2088597,2026-01-21,House,1,"Introduced, referred to House Municipal Government & Housing"
2088597,2026-01-23,House,2,"Scheduled for hearing and/or consideration (01/27/2026)"
2088604,2026-01-21,House,1,"Introduced, referred to House Finance"
2088613,2026-01-21,House,1,"Introduced, referred to House Finance"
2088623,2026-01-21,House,1,"Introduced, referred to House Judiciary"
2088623,2026-01-23,House,2,"Scheduled for hearing and/or consideration (01/29/2026)"
2088630,2026-01-21,House,1,"Introduced, referred to House Finance"
2088637,2026-01-21,House,1,"Introduced, referred to House State Government & Elections"
2088637,2026-01-23,House,2,"Scheduled for hearing and/or consideration (01/27/2026)"
2088646,2026-01-21,House,1,"Introduced, referred to House Finance"
2088655,2026-01-21,Senate,1,"Placed on the Senate Consent Calendar (01/22/2026)"
2088655,2026-01-22,Senate,2,"Senate read and passed"
2088665,2026-01-21,House,1,"Introduced, referred to House Finance"
2088673,2026-01-21,House,1,"Introduced, referred to House State Government & Elections"
2088682,2026-01-21,House,1,"Introduced, referred to House Health & Human Services"
2088694,2026-01-21,House,1,"Introduced, referred to House Judiciary"
2088702,2026-01-21,House,1,"Introduced, referred to House Municipal Government & Housing"
2088707,2026-01-21,House,1,"Introduced, referred to House Finance"
2088717,2026-01-21,House,1,"Introduced, referred to House Finance"
2088723,2026-01-21,House,1,"Introduced, referred to House Municipal Government & Housing"
2088723,2026-01-23,House,2,"Scheduled for hearing and/or consideration (01/27/2026)"
2088733,2026-01-21,House,1,"Introduced, referred to House Judiciary"
2088740,2026-01-21,House,1,"Introduced, referred to House Judiciary"
2088740,2026-01-23,House,2,"Scheduled for hearing and/or consideration (01/29/2026)"
2088753,2026-01-21,House,1,"Introduced, referred to House State Government & Elections"
2088763,2026-01-21,House,1,"Introduced, referred to House Health & Human Services"
2088763,2026-01-23,House,2,"Scheduled for hearing and/or consideration (01/29/2026)"
2088768,2026-01-21,House,1,"Introduced, referred to House Finance"
2088777,2026-01-21,House,1,"Introduced, referred to House Finance"
2088784,2026-01-21,House,1,"Introduced, referred to House Health & Human Services"
2088792,2026-01-21,House,1,"Introduced, referred to House Municipal Government & Housing"
2088792,2026-01-23,House,2,"Scheduled for hearing and/or consideration (01/27/2026)"
2088800,2026-01-21,House,1,"Introduced, referred to House Corporations"
2088811,2026-01-21,House,1,"Introduced, referred to House Finance"
2088819,2026-01-21,House,1,"Introduced, referred to House Municipal Government & Housing"
2088826,2026-01-21,House,1,"Introduced, referred to House Corporations"
2088834,2026-01-21,House,1,"Introduced, referred to House Finance"
2088843,2026-01-21,House,1,"Introduced, referred to House Municipal Government & Housing"
2088843,2026-01-23,House,2,"Scheduled for hearing and/or consideration (01/27/2026)"
2088852,2026-01-21,House,1,"Introduced, referred to House State Government & Elections"
2088852,2026-01-23,House,2,"Scheduled for hearing and/or consideration (01/27/2026)"
2088860,2026-01-21,House,1,"Introduced, referred to House Judiciary"
2088860,2026-01-23,House,2,"Scheduled for hearing and/or consideration (01/29/2026)"
2088870,2026-01-21,House,1,"Introduced, referred to House Finance"
2088877,2026-01-21,House,1,"Introduced, referred to House Municipal Government & Housing"
2088885,2026-01-21,House,1,"Introduced, referred to House Environment and Natural Resources"
2088892,2026-01-21,House,1,"Introduced, referred to House Judiciary"
2088892,2026-01-23,House,2,"Scheduled for hearing and/or consideration (01/29/2026)"
2088901,2026-01-21,House,1,"Introduced, referred to House Finance"
2088908,2026-01-21,House,1,"Introduced, referred to House State Government & Elections"
2088915,2026-01-21,House,1,"Introduced, referred to House Judiciary"
2088920,2026-01-21,House,1,"Introduced, referred to House Judiciary"
2090373,2026-01-22,Senate,1,"Recommended for Immediate Consideration"
2090373,2026-01-22,Senate,2,"Senate read and passed"
2090578,2026-01-22,Senate,1,"Recommended for Immediate Consideration"
2090578,2026-01-22,Senate,2,"Senate read and passed"
2090783,2026-01-22,Senate,1,"Recommended for Immediate Consideration"
2090783,2026-01-22,Senate,2,"Senate read and passed"
2090787,2026-01-22,House,1,"House read and passed"
2090867,2026-01-22,House,1,"House read and passed"
2090951,2026-01-22,House,1,"House read and passed"
2091033,2026-01-22,House,1,"House read and passed"
2091117,2026-01-22,House,1,"House read and passed"
2091496,2026-01-23,Senate,1,"Introduced, referred to Senate Housing and Municipal Government"
2091497,2026-01-23,Senate,1,"Introduced, referred to Senate Judiciary"
2091500,2026-01-23,Senate,1,"Introduced, referred to Senate Judiciary"
2091502,2026-01-23,Senate,1,"Introduced, referred to Senate Commerce"
2091503,2026-01-23,Senate,1,"Introduced, referred to Senate Judiciary"
2091507,2026-01-23,Senate,1,"Introduced, referred to Senate Housing and Municipal Government"
2091509,2026-01-23,Senate,1,"Introduced, referred to Senate Judiciary"
2091516,2026-01-23,Senate,1,"Introduced, referred to Senate Artificial Intelligence & Emerging Technol"
2091517,2026-01-23,Senate,1,"Introduced, referred to Senate Health and Human Services"
2091519,2026-01-23,Senate,1,"Introduced, referred to Senate Health and Human Services"
2091521,2026-01-23,Senate,1,"Introduced, referred to Senate Judiciary"
2091524,2026-01-23,Senate,1,"Introduced, referred to Senate Finance"
2091528,2026-01-23,Senate,1,"Introduced, referred to Senate Finance"
2091531,2026-01-23,Senate,1,"Introduced, referred to Senate Finance"
2091533,2026-01-23,Senate,1,"Introduced, referred to Senate Housing and Municipal Government"
2091536,2026-01-23,Senate,1,"Introduced, referred to Senate Judiciary"
2091540,2026-01-23,Senate,1,"Introduced, referred to Senate Finance"
2091541,2026-01-23,Senate,1,"Introduced, referred to Senate Artificial Intelligence & Emerging Technol"
2091544,2026-01-23,Senate,1,"Introduced, referred to Senate Housing and Municipal Government"
2091545,2026-01-23,Senate,1,"Introduced, referred to Senate Special Legislation and Veterans Affairs"
2091549,2026-01-23,Senate,1,"Introduced, referred to Senate Housing and Municipal Government"
2091551,2026-01-23,Senate,1,"Introduced, referred to Senate Education"
2091555,2026-01-23,Senate,1,"Introduced, referred to Senate Judiciary"
2091557,2026-01-23,Senate,1,"Introduced, referred to Senate Special Legislation and Veterans Affairs"
2091559,2026-01-23,Senate,1,"Introduced, referred to Senate Labor and Gaming"
2091564,2026-01-23,Senate,1,"Introduced, referred to Senate Commerce"
2091566,2026-01-23,Senate,1,"Introduced, referred to Senate Education"
2091572,2026-01-23,Senate,1,"Introduced, referred to Senate Labor and Gaming"
2091574,2026-01-23,Senate,1,"Introduced, referred to Senate Housing and Municipal Government"
2091577,2026-01-23,Senate,1,"Introduced, referred to Senate Commerce"
2091580,2026-01-23,Senate,1,"Introduced, referred to Senate Environment and Agriculture"
2091582,2026-01-23,Senate,1,"Introduced, referred to Senate Judiciary"
2091583,2026-01-23,Senate,1,"Introduced, referred to Senate Judiciary"
2091590,2026-01-23,Senate,1,"Introduced, referred to Senate Artificial Intelligence & Emerging Technol"
2091591,2026-01-23,Senate,1,"Introduced, referred to Senate Education"
2091593,2026-01-23,Senate,1,"Introduced, referred to Senate Housing and Municipal Government"
2091599,2026-01-23,Senate,1,"Introduced, referred to Senate Finance"
2091600,2026-01-23,Senate,1,"Introduced, referred to Senate Judiciary"
2091603,2026-01-23,Senate,1,"Introduced, referred to Senate Housing and Municipal Government"
2091607,2026-01-23,Senate,1,"Introduced, referred to Senate Judiciary"
2091609,2026-01-23,Senate,1,"Introduced, referred to Senate Finance"
2091612,2026-01-23,Senate,1,"Introduced, referred to Senate Finance"
2091615,2026-01-23,Senate,1,"Introduced, referred to Senate Finance"
2091616,2026-01-23,Senate,1,"Introduced, referred to Senate Judiciary"
2091619,2026-01-23,Senate,1,"Introduced, referred to Senate Judiciary"
2091623,2026-01-23,Senate,1,"Introduced, referred to Senate Judiciary"
2091628,2026-01-23,Senate,1,"Introduced, referred to Senate Finance"
2091631,2026-01-23,Senate,1,"Introduced, referred to Senate Education"
2091632,2026-01-23,Senate,1,"Introduced, referred to Senate Special Legislation and Veterans Affairs"
2091635,2026-01-23,Senate,1,"Introduced, referred to Senate Education"
2091636,2026-01-23,Senate,1,"Introduced, referred to Senate Judiciary"
2091645,2026-01-23,Senate,1,"Introduced, referred to Senate Judiciary"
2091647,2026-01-23,Senate,1,"Introduced, referred to Senate Environment and Agriculture"
2091649,2026-01-23,Senate,1,"Introduced, referred to Senate Judiciary"
2091652,2026-01-23,Senate,1,"Introduced, referred to Senate Finance"
2091657,2026-01-23,Senate,1,"Introduced, referred to Senate Finance"
2091658,2026-01-23,Senate,1,"Introduced, referred to Senate Housing and Municipal Government"
2091662,2026-01-23,Senate,1,"Introduced, referred to Senate Finance"
2091665,2026-01-23,Senate,1,"Introduced, referred to Senate Finance"
2091669,2026-01-23,Senate,1,"Introduced, referred to Senate Finance"
2091670,2026-01-23,Senate,1,"Introduced, referred to Senate Labor and Gaming"
2091671,2026-01-23,Senate,1,"Introduced, referred to Senate Special Legislation and Veterans Affairs"
2091677,2026-01-23,Senate,1,"Introduced, referred to Senate Finance"
2091679,2026-01-23,Senate,1,"Introduced, referred to Senate Finance"
2091682,2026-01-23,Senate,1,"Introduced, referred to Senate Health and Human Services"
2091683,2026-01-23,Senate,1,"Introduced, referred to Senate Finance"
2091690,2026-01-23,Senate,1,"Introduced, referred to Senate Education"
2091692,2026-01-23,Senate,1,"Introduced, referred to Senate Environment and Agriculture"
2091693,2026-01-23,Senate,1,"Introduced, referred to Senate Labor and Gaming"
2091697,2026-01-23,Senate,1,"Introduced, referred to Senate Judiciary"
2091698,2026-01-23,Senate,1,"Introduced, referred to Senate Education"
2091699,2026-01-23,Senate,1,"Introduced, referred to Senate Housing and Municipal Government"
2091702,2026-01-23,Senate,1,"Introduced, referred to Senate Finance"
2091709,2026-01-23,Senate,1,"Introduced, referred to Senate Judiciary"
2091710,2026-01-23,Senate,1,"Introduced, referred to Senate Housing and Municipal Government"
2091714,2026-01-23,Senate,1,"Introduced, referred to Senate Environment and Agriculture"
2091716,2026-01-23,Senate,1,"Introduced, referred to Senate Finance"
2091721,2026-01-23,Senate,1,"Introduced, referred to Senate Judiciary"
2091722,2026-01-23,Senate,1,"Introduced, referred to Senate Judiciary"
2091723,2026-01-23,Senate,1,"Introduced, referred to Senate Housing and Municipal Government"
2091726,2026-01-23,Senate,1,"Introduced, referred to Senate Commerce"
2091730,2026-01-23,Senate,1,"Introduced, referred to Senate Health and Human Services"
2091733,2026-01-23,Senate,1,"Introduced, referred to Senate Commerce"
2091734,2026-01-23,Senate,1,"Introduced, referred to Senate Judiciary"
2091740,2026-01-23,Senate,1,"Introduced, referred to Senate Environment and Agriculture"
2091743,2026-01-23,Senate,1,"Introduced, referred to Senate Health and Human Services"
2091744,2026-01-23,Senate,1,"Introduced, referred to Senate Commerce"
2091748,2026-01-23,Senate,1,"Introduced, referred to Senate Education"
2091751,2026-01-23,Senate,1,"Introduced, referred to Senate Judiciary"
2091755,2026-01-23,Senate,1,"Introduced, referred to Senate Finance"
2091759,2026-01-23,Senate,1,"Introduced, referred to Senate Judiciary"
2091760,2026-01-23,Senate,1,"Introduced, referred to Senate Judiciary"
2091761,2026-01-23,Senate,1,"Introduced, referred to Senate Environment and Agriculture"
2091768,2026-01-23,Senate,1,"Introduced, referred to Senate Judiciary"
2091769,2026-01-23,Senate,1,"Introduced, referred to Senate Judiciary"
2091775,2026-01-23,Senate,1,"Introduced, referred to Senate Education"
2091776,2026-01-23,Senate,1,"Introduced, referred to Senate Health and Human Services"
2091777,2026-01-23,Senate,1,"Introduced, referred to Senate Judiciary"
2091782,2026-01-23,Senate,1,"Introduced, referred to Senate Labor and Gaming"
2091783,2026-01-23,Senate,1,"Introduced, referred to Senate Housing and Municipal Government"
2091785,2026-01-23,Senate,1,"Introduced, referred to Senate Finance"
2091791,2026-01-23,Senate,1,"Introduced, referred to Senate Special Legislation and Veterans Affairs"
2091792,2026-01-23,Senate,1,"Introduced, referred to Senate Judiciary"
2091796,2026-01-23,Senate,1,"Introduced, referred to Senate Judiciary"
2091798,2026-01-23,Senate,1,"Introduced, referred to Senate Labor and Gaming"
2091800,2026-01-23,Senate,1,"Introduced, referred to Senate Finance"
2091806,2026-01-23,Senate,1,"Introduced, referred to Senate Judiciary"
2091808,2026-01-23,Senate,1,"Introduced, referred to Senate Commerce"
2091810,2026-01-23,Senate,1,"Introduced, referred to Senate Judiciary"
2091812,2026-01-23,Senate,1,"Introduced, referred to Senate Finance"
2091816,2026-01-23,Senate,1,"Introduced, referred to Senate Labor and Gaming"
2091818,2026-01-23,Senate,1,"Introduced, referred to Senate Housing and Municipal Government"
2091823,2026-01-23,Senate,1,"Introduced, referred to Senate Finance"
2091824,2026-01-23,Senate,1,"Introduced, referred to Senate Housing and Municipal Government"
2091831,2026-01-23,Senate,1,"Introduced, referred to Senate Special Legislation and Veterans Affairs"
2091832,2026-01-23,Senate,1,"Introduced, referred to Senate Environment and Agriculture"
2091835,2026-01-23,Senate,1,"Introduced, referred to Senate Judiciary"
2091839,2026-01-23,Senate,1,"Introduced, referred to Senate Housing and Municipal Government"
2091840,2026-01-23,Senate,1,"Introduced, referred to Senate Judiciary"
2091845,2026-01-23,Senate,1,"Introduced, referred to Senate Judiciary"
2091846,2026-01-23,Senate,1,"Introduced, referred to Senate Judiciary"
2091849,2026-01-23,Senate,1,"Introduced, referred to Senate Judiciary"
2091851,2026-01-23,Senate,1,"Introduced, referred to Senate Special Legislation and Veterans Affairs"
2091856,2026-01-23,Senate,1,"Introduced, referred to Senate Environment and Agriculture"
2091858,2026-01-23,Senate,1,"Introduced, referred to Senate Housing and Municipal Government"
2091861,2026-01-23,Senate,1,"Introduced, referred to Senate Labor and Gaming"
2091863,2026-01-23,Senate,1,"Introduced, referred to Senate Judiciary"
2091867,2026-01-23,Senate,1,"Introduced, referred to Senate Finance"
2091868,2026-01-23,Senate,1,"Introduced, referred to Senate Commerce"
2091874,2026-01-23,Senate,1,"Introduced, referred to Senate Housing and Municipal Government"
2091875,2026-01-23,Senate,1,"Introduced, referred to Senate Artificial Intelligence & Emerging Technol"
2091876,2026-01-23,Senate,1,"Introduced, referred to Senate Finance"
2091883,2026-01-23,Senate,1,"Introduced, referred to Senate Labor and Gaming"
2091885,2026-01-23,Senate,1,"Introduced, referred to Senate Special Legislation and Veterans Affairs"
2091890,2026-01-23,Senate,1,"Introduced, referred to Senate Finance"
2091891,2026-01-23,Senate,1,"Introduced, referred to Senate Judiciary"
2091893,2026-01-23,Senate,1,"Introduced, referred to Senate Environment and Agriculture"
2091897,2026-01-23,Senate,1,"Introduced, referred to Senate Judiciary"
2091898,2026-01-23,Senate,1,"Introduced, referred to Senate Judiciary"
2091899,2026-01-23,Senate,1,"Introduced, referred to Senate Education"
2091921,2026-01-23,House,1,"Introduced, referred to House Finance"
2091926,2026-01-23,House,1,"Introduced, referred to House Finance"
2091936,2026-01-23,House,1,"Introduced, referred to House Judiciary"
2091943,2026-01-23,House,1,"Introduced, referred to House Finance"
2091951,2026-01-23,House,1,"Introduced, referred to House Finance"
2091959,2026-01-23,House,1,"Introduced, referred to House Judiciary"
2091959,2026-01-23,House,2,"Scheduled for hearing and/or consideration (01/29/2026)"
2091967,2026-01-23,House,1,"Introduced, referred to House Health & Human Services"
2091974,2026-01-23,House,1,"Introduced, referred to House Judiciary"
2091984,2026-01-23,House,1,"Introduced, referred to House Municipal Government & Housing"
2091991,2026-01-23,House,1,"Introduced, referred to House Corporations"
2092001,2026-01-23,House,1,"Introduced, referred to House Judiciary"
2092001,2026-01-23,House,2,"Scheduled for hearing and/or consideration (01/29/2026)"
2092008,2026-01-23,House,1,"Introduced, referred to House Health & Human Services"
2092008,2026-01-23,House,2,"Scheduled for hearing and/or consideration (01/29/2026)"
2092014,2026-01-23,House,1,"Introduced, referred to House State Government & Elections"
2092022,2026-01-23,House,1,"Introduced, referred to House Finance"
2092034,2026-01-23,House,1,"Introduced, referred to House Finance"
2092040,2026-01-23,House,1,"Introduced, referred to House Corporations"
2092049,2026-01-23,House,1,"Introduced, referred to House Finance"
2092057,2026-01-23,House,1,"Introduced, referred to House Health & Human Services"
2092064,2026-01-23,House,1,"Introduced, referred to House Finance"
2092078,2026-01-23,House,1,"Introduced, referred to House Finance"
2092084,2026-01-23,House,1,"Introduced, referred to House Finance"
2092093,2026-01-23,House,1,"Introduced, referred to House Municipal Government & Housing"
2092100,2026-01-23,House,1,"Introduced, referred to House Judiciary"
2092108,2026-01-23,House,1,"Introduced, referred to House Municipal Government & Housing"
2092108,2026-01-23,House,2,"Scheduled for hearing and/or consideration (01/27/2026)"
2092116,2026-01-23,House,1,"Introduced, referred to House Municipal Government & Housing"
2092125,2026-01-23,House,1,"Introduced, referred to House Health & Human Services"
2092133,2026-01-23,House,1,"Introduced, referred to House Municipal Government & Housing"
2092143,2026-01-23,House,1,"Introduced, referred to House Corporations"
2092150,2026-01-23,House,1,"Introduced, referred to House Municipal Government & Housing"
2092164,2026-01-23,House,1,"Introduced, referred to House State Government & Elections"
2092164,2026-01-23,House,2,"Scheduled for hearing and/or consideration (01/27/2026)"
2092170,2026-01-23,House,1,"Introduced, referred to House Corporations"
2092170,2026-01-23,House,2,"Scheduled for hearing and/or consideration (01/27/2026)"
2092177,2026-01-23,House,1,"Introduced, referred to House Judiciary"
2092186,2026-01-23,House,1,"Introduced, referred to House Judiciary"
2092186,2026-01-23,House,2,"Scheduled for hearing and/or consideration (01/29/2026)"
2092195,2026-01-23,House,1,"Introduced, referred to House State Government & Elections"
2092195,2026-01-23,House,2,"Scheduled for hearing and/or consideration (01/27/2026)"
2092205,2026-01-23,House,1,"Introduced, referred to House Municipal Government & Housing"
2092205,2026-01-23,House,2,"Scheduled for hearing and/or consideration (01/27/2026)"
2092212,2026-01-23,House,1,"Introduced, referred to House Finance"
2092220,2026-01-23,House,1,"Introduced, referred to House Judiciary"
2092228,2026-01-23,House,1,"Introduced, referred to House Health & Human Services"
2092237,2026-01-23,House,1,"Introduced, referred to House State Government & Elections"
2092246,2026-01-23,House,1,"Introduced, referred to House Municipal Government & Housing"
2092255,2026-01-23,House,1,"Introduced, referred to House Judiciary"
2092262,2026-01-23,House,1,"Introduced, referred to House State Government & Elections"
2092271,2026-01-23,House,1,"Introduced, referred to House Education"
2092280,2026-01-23,House,1,"Introduced, referred to House Judiciary"
2092291,2026-01-23,House,1,"Introduced, referred to House Finance"
2092298,2026-01-23,House,1,"Introduced, referred to House Corporations"
2092306,2026-01-23,House,1,"Introduced, referred to House State Government & Elections"
2092306,2026-01-23,House,2,"Scheduled for hearing and/or consideration (01/27/2026)"
2092312,2026-01-23,House,1,"Introduced, referred to House Municipal Government & Housing"
2092312,2026-01-23,House,2,"Scheduled for hearing and/or consideration (01/27/2026)"
2092320,2026-01-23,House,1,"Introduced, referred to House State Government & Elections"
2092332,2026-01-23,House,1,"Introduced, referred to House Municipal Government & Housing"
2092338,2026-01-23,House,1,"Introduced, referred to House Corporations"
2092338,2026-01-23,House,2,"Scheduled for hearing and/or consideration (01/27/2026)"
2092348,2026-01-23,House,1,"Introduced, referred to House Finance"
2092355,2026-01-23,House,1,"Introduced, referred to House Health & Human Services"
2092364,2026-01-23,House,1,"Introduced, referred to House Health & Human Services"
2092374,2026-01-23,House,1,"Introduced, referred to House Special Legislation"
2092381,2026-01-23,House,1,"Introduced, referred to House Labor"
2092387,2026-01-23,House,1,"Introduced, referred to House Finance"
2092397,2026-01-23,House,1,"Introduced, referred to House Labor"
2092403,2026-01-23,House,1,"Introduced, referred to House Finance"
2092408,2026-01-23,House,1,"Introduced, referred to House Health & Human Services"
