bill_id,session_id,bill_number,status,status_desc,status_date,title,description,committee_id,committee,last_action_date,last_action,url,state_link
2079678,2243,HB1001,1,Introduced,2026-01-14,"Housing Developments on Qualifying Properties","Concerning the promotion of residential developments on qualifying properties.",4687,"House Transportation, Housing & Local Government",2026-01-14,"Introduced In House - Assigned to Transportation, Housing & Local Government",https://legiscan.com/CO/bill/HB1001/2026,https://leg.colorado.gov/bills/HB26-1001
2079710,2243,HB1002,1,Introduced,2026-01-14,"Provider Participation in Health Insurance","Concerning measures to increase patient access to behavioral health providers, and, in connection therewith, efforts to enhance provider participation in health-care provider networks, reimbursement of prelicensed providers who provide mental health services under the supervision of a licensed provider, and decreasing the clinical hours required to become a licensed clinical social worker.",906,"House Health and Human Services",2026-01-14,"Introduced In House - Assigned to Health & Human Services",https://legiscan.com/CO/bill/HB1002/2026,https://leg.colorado.gov/bills/HB26-1002
2079718,2243,HB1003,1,Introduced,2026-01-14,"Small Business Recovery Modifications","Concerning modifications to the small business recovery and resiliency loan program.",902,"House Business Affairs and Labor",2026-01-14,"Introduced In House - Assigned to Business Affairs & Labor",https://legiscan.com/CO/bill/HB1003/2026,https://leg.colorado.gov/bills/HB26-1003
2079711,2243,HB1004,1,Introduced,2026-01-14,"Continuation of Child Care Contribution Tax Credit","Concerning a continuation of the income tax credit for a qualifying contribution to promote child care in the state.",905,"House Finance",2026-01-14,"Introduced In House - Assigned to Finance",https://legiscan.com/CO/bill/HB1004/2026,https://leg.colorado.gov/bills/HB26-1004
2079691,2243,HB1005,1,Introduced,2026-01-14,"Worker Protection Collective Bargaining","Concerning measures to reduce barriers in the ""Labor Peace Act"" to promote good faith collective bargaining negotiations.",902,"House Business Affairs and Labor",2026-01-14,"Introduced In House - Assigned to Business Affairs & Labor",https://legiscan.com/CO/bill/HB1005/2026,https://leg.colorado.gov/bills/HB26-1005
2079707,2243,HB1006,1,Introduced,2026-01-14,"Thriving Institution Designations for Higher Education","Concerning the designation of state institutions of higher education as thriving institutions.",904,"House Education",2026-01-14,"Introduced In House - Assigned to Education",https://legiscan.com/CO/bill/HB1006/2026,https://leg.colorado.gov/bills/HB26-1006
2079697,2243,HB1007,1,Introduced,2026-01-14,"Improve Customer Use Distributed Energy Resources","Concerning measures to improve a customer's ability to use distributed energy resources.",3785,"House Energy & Environment",2026-01-14,"Introduced In House - Assigned to Energy & Environment",https://legiscan.com/CO/bill/HB1007/2026,https://leg.colorado.gov/bills/HB26-1007
2079721,2243,HB1008,1,Introduced,2026-01-14,"Colorado Outdoor Opportunities Act","Concerning measures to enhance outdoor recreation opportunities in the state, and, in connection therewith, expanding the division of parks and wildlife's capacity for outdoor recreation coordination, planning, and management.",4686,"House Agriculture, Water & Natural Resources",2026-01-14,"Introduced In House - Assigned to Agriculture, Water & Natural Resources",https://legiscan.com/CO/bill/HB1008/2026,https://leg.colorado.gov/bills/HB26-1008
2079700,2243,HB1009,1,Introduced,2026-01-14,"Colorado Mandatory Lethality Assessment Act","Concerning using a mandatory lethality assessment when responding to a domestic violence incident.",907,"House Judiciary",2026-01-14,"Introduced In House - Assigned to Judiciary",https://legiscan.com/CO/bill/HB1009/2026,https://leg.colorado.gov/bills/HB26-1009
2079686,2243,HB1010,1,Introduced,2026-01-14,"Older Adult Support &amp; Representation in Workforce","Concerning increasing support for older adults in the workforce.",902,"House Business Affairs and Labor",2026-01-14,"Introduced In House - Assigned to Business Affairs & Labor",https://legiscan.com/CO/bill/HB1010/2026,https://leg.colorado.gov/bills/HB26-1010
2079694,2243,HB1011,1,Introduced,2026-01-14,"Transfers of Certain Pet Animals","Concerning the transfer of certain pet animals in Colorado.",4686,"House Agriculture, Water & Natural Resources",2026-01-14,"Introduced In House - Assigned to Agriculture, Water & Natural Resources",https://legiscan.com/CO/bill/HB1011/2026,https://leg.colorado.gov/bills/HB26-1011
2079706,2243,HB1012,1,Introduced,2026-01-14,"Consumer Protections to Promote Fair Market Pricing","Concerning consumer protections to promote fair market pricing practices in the state.",907,"House Judiciary",2026-01-14,"Introduced In House - Assigned to Judiciary",https://legiscan.com/CO/bill/HB1012/2026,https://leg.colorado.gov/bills/HB26-1012
2079674,2243,HB1013,1,Introduced,2026-01-14,"Ratio Utility Billing Systems","Concerning the use of a ratio utility billing system by a landlord to allocate utility charges to tenants.",902,"House Business Affairs and Labor",2026-01-14,"Introduced In House - Assigned to Business Affairs & Labor",https://legiscan.com/CO/bill/HB1013/2026,https://leg.colorado.gov/bills/HB26-1013
2079701,2243,HB1014,1,Introduced,2026-01-14,"Extend Colorado Job Growth Incentive Tax Credit","Concerning an extension of the Colorado job growth incentive tax credit through state income tax year 2034.",905,"House Finance",2026-01-14,"Introduced In House - Assigned to Finance",https://legiscan.com/CO/bill/HB1014/2026,https://leg.colorado.gov/bills/HB26-1014
2079714,2243,HB1015,1,Introduced,2026-01-14,"Colorado Homeless Contribution Tax Credit Extension","Concerning the extension of the Colorado homeless contribution tax credit through income tax year 2030.",905,"House Finance",2026-01-14,"Introduced In House - Assigned to Finance",https://legiscan.com/CO/bill/HB1015/2026,https://leg.colorado.gov/bills/HB26-1015
2079684,2243,HB1016,1,Introduced,2026-01-14,"Continuation of Open Educational Resources Program","Concerning the continuation of open educational resources policies.",0,,2026-01-29,"House Committee on Education Refer Unamended to Appropriations",https://legiscan.com/CO/bill/HB1016/2026,https://leg.colorado.gov/bills/HB26-1016
2079719,2243,HB1017,1,Introduced,2026-01-14,"Criminal Restitution Prohibited for Insurers","Concerning prohibiting an insurer from receiving restitution through the criminal restitution process.",907,"House Judiciary",2026-01-14,"Introduced In House - Assigned to Judiciary",https://legiscan.com/CO/bill/HB1017/2026,https://leg.colorado.gov/bills/HB26-1017
2079696,2243,HB1018,1,Introduced,2026-01-14,"Long-term Care Services for Nursing Home Residents","Concerning the establishment of long-term services and supports for an individual transitioning out of a nursing facility.",906,"House Health and Human Services",2026-01-14,"Introduced In House - Assigned to Health & Human Services",https://legiscan.com/CO/bill/HB1018/2026,https://leg.colorado.gov/bills/HB26-1018
2079708,2243,HB1019,1,Introduced,2026-01-14,"Kidney Screening Mandatory Preventive Coverage","Concerning mandatory health-care coverage for preventive kidney function screening services.",906,"House Health and Human Services",2026-01-14,"Introduced In House - Assigned to Health & Human Services",https://legiscan.com/CO/bill/HB1019/2026,https://leg.colorado.gov/bills/HB26-1019
2079689,2243,HB1020,1,Introduced,2026-01-14,"Colorimetric Field Drug Tests in Drug Possessions","Concerning colorimetric field drug tests in cases involving drug possession.",907,"House Judiciary",2026-01-14,"Introduced In House - Assigned to Judiciary",https://legiscan.com/CO/bill/HB1020/2026,https://leg.colorado.gov/bills/HB26-1020
2080042,2243,HB1021,1,Introduced,2026-01-14,"Second Amendment Protection Act","Concerning measures to protect second amendment rights.",907,"House Judiciary",2026-01-14,"Introduced In House - Assigned to Judiciary",https://legiscan.com/CO/bill/HB1021/2026,https://leg.colorado.gov/bills/HB26-1021
2080071,2243,HB1022,1,Introduced,2026-01-14,"Jury Duty Opt-Out for People 72 Years or Older","Concerning an opt-out from jury service for people who are at least seventy-two years old.",901,"House Appropriations",2026-01-29,"House Committee on State, Civic, Military, & Veterans Affairs Refer Amended to Appropriations",https://legiscan.com/CO/bill/HB1022/2026,https://leg.colorado.gov/bills/HB26-1022
2080359,2243,HB1023,1,Introduced,2026-01-14,"Political Party Liability for Accessibility Requirements","Concerning clarification of a political party's liability for certain accessibility requirements relating to ballot access for persons with disabilities.",4473,"House State, Civic, Military and Veterans Affairs",2026-01-14,"Introduced In House - Assigned to State, Civic, Military, & Veterans Affairs",https://legiscan.com/CO/bill/HB1023/2026,https://leg.colorado.gov/bills/HB26-1023
2080253,2243,HB1024,1,Introduced,2026-01-14,"Raising Age of Voluntary Relinquishment of Child","Concerning raising the age of a child who may be voluntarily relinquished from seventy-two hours old to thirty days old or younger.",906,"House Health and Human Services",2026-01-14,"Introduced In House - Assigned to Health & Human Services",https://legiscan.com/CO/bill/HB1024/2026,https://leg.colorado.gov/bills/HB26-1024
2080420,2243,HB1025,1,Introduced,2026-01-14,"Exempt Auctioneers Charitable Solicitation Requirements","Concerning an exemption for auctioneers from certain requirements of the ""Colorado Charitable Solicitations Act"".",4686,"House Agriculture, Water & Natural Resources",2026-01-14,"Introduced In House - Assigned to Agriculture, Water & Natural Resources",https://legiscan.com/CO/bill/HB1025/2026,https://leg.colorado.gov/bills/HB26-1025
2080238,2243,HB1026,1,Introduced,2026-01-14,"Expanding Plan Options for PERA","Concerning an expansion of plan options for the public employees' retirement association.",905,"House Finance",2026-01-14,"Introduced In House - Assigned to Finance",https://legiscan.com/CO/bill/HB1026/2026,https://leg.colorado.gov/bills/HB26-1026
2080013,2243,HB1027,1,Introduced,2026-01-14,"BOCES Definition &amp; Executive Director","Concerning boards of cooperative services, and, in connection therewith, permitting a retiree to work as an executive director of a board of cooperative services without losing retirement benefits and clarifying board of cooperative services eligibility for postsecondary and workforce readiness funding.",921,"House Committee of the Whole",2026-01-29,"House Committee on Education Refer Amended to House Committee of the Whole",https://legiscan.com/CO/bill/HB1027/2026,https://leg.colorado.gov/bills/HB26-1027
2079832,2243,HB1028,1,Introduced,2026-01-14,"Second Language Educational Program for High School Students","Concerning second language diploma endorsements for graduating high school students.",904,"House Education",2026-01-14,"Introduced In House - Assigned to Education",https://legiscan.com/CO/bill/HB1028/2026,https://leg.colorado.gov/bills/HB26-1028
2080117,2243,HB1029,1,Introduced,2026-01-14,"Student Representation Commission on Higher Education","Concerning enhancing representation in higher education by altering the membership of certain entities involved in higher education policy development in the state.",904,"House Education",2026-01-14,"Introduced In House - Assigned to Education",https://legiscan.com/CO/bill/HB1029/2026,https://leg.colorado.gov/bills/HB26-1029
2079907,2243,HB1030,1,Introduced,2026-01-14,"Data Center &amp; Utility Modernization","Concerning facilitation of data center development while supporting utility resources, and, in connection therewith, creating the ""Colorado Data Center Workforce, Clean Energy, Grid Modernization, and Consumer and Environmental Protection Act"".",3785,"House Energy & Environment",2026-01-14,"Introduced In House - Assigned to Energy & Environment",https://legiscan.com/CO/bill/HB1030/2026,https://leg.colorado.gov/bills/HB26-1030
2080192,2243,HB1031,1,Introduced,2026-01-14,"Protections for Agricultural Products Grown in Colorado","Concerning protections for certain agricultural products grown in Colorado.",4686,"House Agriculture, Water & Natural Resources",2026-01-14,"Introduced In House - Assigned to Agriculture, Water & Natural Resources",https://legiscan.com/CO/bill/HB1031/2026,https://leg.colorado.gov/bills/HB26-1031
2080163,2243,HB1032,1,Introduced,2026-01-14,"Fallen Firefighter Special License Plate","Concerning the creation of a fallen firefighter special license plate.",0,,2026-01-29,"House Committee on Finance Refer Unamended to Appropriations",https://legiscan.com/CO/bill/HB1032/2026,https://leg.colorado.gov/bills/HB26-1032
2079817,2243,HB1033,1,Introduced,2026-01-14,"Expanding the Colorado Cottage Foods Act","Concerning expanding the scope of the ""Colorado Cottage Foods Act"".",4686,"House Agriculture, Water & Natural Resources",2026-01-14,"Introduced In House - Assigned to Agriculture, Water & Natural Resources",https://legiscan.com/CO/bill/HB1033/2026,https://leg.colorado.gov/bills/HB26-1033
2080329,2243,HB1034,1,Introduced,2026-01-14,"Modifications to Standards for Irrigation Equipment","Concerning modifications to environmental standards for certain irrigation equipment.",4686,"House Agriculture, Water & Natural Resources",2026-01-14,"Introduced In House - Assigned to Agriculture, Water & Natural Resources",https://legiscan.com/CO/bill/HB1034/2026,https://leg.colorado.gov/bills/HB26-1034
2079969,2243,HB1035,1,Introduced,2026-01-14,"Enactment of Colorado Revised Statutes 2025","Concerning the enactment of the Colorado Revised Statutes 2025 as the positive and statutory law of the state of Colorado.",907,"House Judiciary",2026-01-14,"Introduced In House - Assigned to Judiciary",https://legiscan.com/CO/bill/HB1035/2026,https://leg.colorado.gov/bills/HB26-1035
2080025,2243,HB1036,1,Introduced,2026-01-14,"Local Taxes on Vacant Residential Property","Concerning authorization for a local government to impose taxes on vacant residential properties, and, in connection therewith, allowing a local government to levy an excise tax based on the characteristics of a residential property, allowing a local government to create a new property tax classification for vacant residential properties and levy an additional property tax on those properties, and allowing local governments to contract to form a local housing tax authority.",905,"House Finance",2026-01-14,"Introduced In House - Assigned to Finance",https://legiscan.com/CO/bill/HB1036/2026,https://leg.colorado.gov/bills/HB26-1036
2079923,2243,HB1037,1,Introduced,2026-01-14,"Ban Government Purchase of Personal Data from Third Party","Concerning prohibiting a government entity from obtaining certain personal data from a third party for use by a government entity in exchange for anything of value.",907,"House Judiciary",2026-01-14,"Introduced In House - Assigned to Judiciary",https://legiscan.com/CO/bill/HB1037/2026,https://leg.colorado.gov/bills/HB26-1037
2079849,2243,HB1038,1,Introduced,2026-01-14,"County Commissioner Redistricting","Concerning county commissioner redistricting.",4473,"House State, Civic, Military and Veterans Affairs",2026-01-14,"Introduced In House - Assigned to State, Civic, Military, & Veterans Affairs",https://legiscan.com/CO/bill/HB1038/2026,https://leg.colorado.gov/bills/HB26-1038
2079981,2243,HB1039,1,Introduced,2026-01-14,"Adding Municipal Jails to County Jail Oversight Requirements","Concerning requirements for municipal jails.",907,"House Judiciary",2026-01-14,"Introduced In House - Assigned to Judiciary",https://legiscan.com/CO/bill/HB1039/2026,https://leg.colorado.gov/bills/HB26-1039
2080135,2243,HB1040,1,Introduced,2026-01-14,"Sterilization Rights of Person with Disabilities","Concerning the sterilization rights of a person with intellectual and developmental disabilities.",906,"House Health and Human Services",2026-01-14,"Introduced In House - Assigned to Health & Human Services",https://legiscan.com/CO/bill/HB1040/2026,https://leg.colorado.gov/bills/HB26-1040
2079996,2243,HB1041,1,Introduced,2026-01-14,"Electronic Vehicle Records","Concerning the use of an electronic vehicle record for a certificate of title, and, in connection therewith, repealing the requirement for a paper certificate of title.",4687,"House Transportation, Housing & Local Government",2026-01-14,"Introduced In House - Assigned to Transportation, Housing & Local Government",https://legiscan.com/CO/bill/HB1041/2026,https://leg.colorado.gov/bills/HB26-1041
2079936,2243,HB1042,1,Introduced,2026-01-14,"Dry Needling by Occupational Therapists","Concerning dry needling by occupational therapists.",906,"House Health and Human Services",2026-01-14,"Introduced In House - Assigned to Health & Human Services",https://legiscan.com/CO/bill/HB1042/2026,https://leg.colorado.gov/bills/HB26-1042
2080219,2243,HB1043,1,Introduced,2026-01-14,"Transportation Network Company Discriminatory Practices","Concerning measures to address discriminatory conduct engaged in by transportation network company drivers in providing services to riders.",902,"House Business Affairs and Labor",2026-01-14,"Introduced In House - Assigned to Business Affairs & Labor",https://legiscan.com/CO/bill/HB1043/2026,https://leg.colorado.gov/bills/HB26-1043
2079787,2243,HB1044,1,Introduced,2026-01-14,"Measures to Improve Black Maternal Health Equity","Concerning measures to improve equity in maternal health.",906,"House Health and Human Services",2026-01-14,"Introduced In House - Assigned to Health & Human Services",https://legiscan.com/CO/bill/HB1044/2026,https://leg.colorado.gov/bills/HB26-1044
2080386,2243,HB1045,1,Introduced,2026-01-14,"Disabilities Housing Protections","Concerning housing protections for individuals with disabilities.",921,"House Committee of the Whole",2026-01-27,"House Committee on Transportation, Housing & Local Government Refer Amended to House Committee of the Whole",https://legiscan.com/CO/bill/HB1045/2026,https://leg.colorado.gov/bills/HB26-1045
2080432,2243,HB1046,1,Introduced,2026-01-14,"Regulate Earned-Wage Access Services","Concerning the regulation of earned-wage access services.",905,"House Finance",2026-01-14,"Introduced In House - Assigned to Finance",https://legiscan.com/CO/bill/HB1046/2026,https://leg.colorado.gov/bills/HB26-1046
2080103,2243,HB1047,1,Introduced,2026-01-14,"Protections for Residential Tenants","Concerning protections for residential tenants, and, in connection therewith, requiring a plaintiff that files a complaint regarding the unlawful detention of real property to include certain information with the complaint; requiring court records of certain eviction actions to remain suppressed; requiring a landlord to include certain information in, and to redact personal identifying information from, a written demand or notice; and requiring a landlord to provide a tenant at least one rent payment option that does not require the tenant to access an online portal or pay a transaction fee.",907,"House Judiciary",2026-01-14,"Introduced In House - Assigned to Judiciary",https://legiscan.com/CO/bill/HB1047/2026,https://leg.colorado.gov/bills/HB26-1047
2080207,2243,HB1048,1,Introduced,2026-01-14,"Back-to-School Sales Tax Holiday","Concerning a sales and use tax holiday for back-to-school items.",905,"House Finance",2026-01-14,"Introduced In House - Assigned to Finance",https://legiscan.com/CO/bill/HB1048/2026,https://leg.colorado.gov/bills/HB26-1048
2079805,2243,HB1049,1,Introduced,2026-01-14,"Prohibit Use of Personally Identifying Feature","Concerning prohibiting the use of another individual's personally identifying feature without permission.",4473,"House State, Civic, Military and Veterans Affairs",2026-01-14,"Introduced In House - Assigned to State, Civic, Military, & Veterans Affairs",https://legiscan.com/CO/bill/HB1049/2026,https://leg.colorado.gov/bills/HB26-1049
2080313,2243,HB1050,1,Introduced,2026-01-14,"Optional Individualized Readiness Plan for School","Concerning making it optional for a local education provider to provide an individualized readiness plan to a student who satisfies minimum requirements.",921,"House Committee of the Whole",2026-01-29,"House Committee on Education Refer Amended to House Committee of the Whole",https://legiscan.com/CO/bill/HB1050/2026,https://leg.colorado.gov/bills/HB26-1050
2080447,2243,HB1051,1,Introduced,2026-01-14,"Continue Microgrid Community Resilience Grant Program","Concerning continuing the microgrids for community resilience grant program.",3785,"House Energy & Environment",2026-01-14,"Introduced In House - Assigned to Energy & Environment",https://legiscan.com/CO/bill/HB1051/2026,https://leg.colorado.gov/bills/HB26-1051
2080267,2243,HB1052,1,Introduced,2026-01-14,"Rights for Victims of Certain Crimes","Concerning changes to the ""Victim Rights Act"".",907,"House Judiciary",2026-01-14,"Introduced In House - Assigned to Judiciary",https://legiscan.com/CO/bill/HB1052/2026,https://leg.colorado.gov/bills/HB26-1052
2079952,2243,HB1053,1,Introduced,2026-01-14,"Motor Vehicle Regulation Administration","Concerning the administration of duties related to the ownership of a vehicle.",905,"House Finance",2026-01-14,"Introduced In House - Assigned to Finance",https://legiscan.com/CO/bill/HB1053/2026,https://leg.colorado.gov/bills/HB26-1053
2080284,2243,HB1054,1,Introduced,2026-01-14,"Protections for Worker Safety","Concerning worker safety protections.",902,"House Business Affairs and Labor",2026-01-14,"Introduced In House - Assigned to Business Affairs & Labor",https://legiscan.com/CO/bill/HB1054/2026,https://leg.colorado.gov/bills/HB26-1054
2079892,2243,HB1055,1,Introduced,2026-01-14,"My Colorado Card Pilot Program","Concerning the creation of the my Colorado card pilot program, and, in connection therewith, providing youth in grades six through twelve with access to cultural, arts, recreational, or extracurricular facilities throughout Colorado.",904,"House Education",2026-01-14,"Introduced In House - Assigned to Education",https://legiscan.com/CO/bill/HB1055/2026,https://leg.colorado.gov/bills/HB26-1055
2080179,2243,HB1056,1,Introduced,2026-01-14,"Prescription Drug Benefit Information Transparency","Concerning prescription drug sourcing provided pursuant to a health benefit plan.",906,"House Health and Human Services",2026-01-14,"Introduced In House - Assigned to Health & Human Services",https://legiscan.com/CO/bill/HB1056/2026,https://leg.colorado.gov/bills/HB26-1056
2080085,2243,HB1057,1,Introduced,2026-01-14,"Veteran Disability License Plates &amp; Taxes &amp; Fees","Concerning the registration by a veteran with a disability of certain vehicles without paying the required amounts.",905,"House Finance",2026-01-14,"Introduced In House - Assigned to Finance",https://legiscan.com/CO/bill/HB1057/2026,https://leg.colorado.gov/bills/HB26-1057
2079757,2243,HB1058,1,Introduced,2026-01-14,"Protections for Minors Featured in Digital Content","Concerning protections for minors who are featured in digital content.",921,"House Committee of the Whole",2026-01-28,"House Committee on Judiciary Refer Amended to House Committee of the Whole",https://legiscan.com/CO/bill/HB1058/2026,https://leg.colorado.gov/bills/HB26-1058
2079862,2243,HB1059,1,Introduced,2026-01-14,"Cost Recovery Cash Fund Consolidation","Concerning the cash funds created in connection with money retained by the department of revenue to mitigate the administrative costs incurred by the department in collecting certain charges.",0,,2026-01-29,"House Committee on Finance Refer Unamended to Appropriations",https://legiscan.com/CO/bill/HB1059/2026,https://leg.colorado.gov/bills/HB26-1059
2080342,2243,HB1060,1,Introduced,2026-01-14,"Expand Criminal Jurisdiction for Out-of-State Conduct","Concerning clarifying the criminal jurisdiction of prosecutions to include harms committed against people located in Colorado regardless of where the defendant is located.",907,"House Judiciary",2026-01-14,"Introduced In House - Assigned to Judiciary",https://legiscan.com/CO/bill/HB1060/2026,https://leg.colorado.gov/bills/HB26-1060
2080404,2243,HB1061,1,Introduced,2026-01-14,"Community Integration Housing Tax Credits","Concerning funding for community integration housing, and, in connection therewith, requiring ten percent of federal low-income housing tax credits be set aside and priority for state affordable housing tax credits be given to developments that qualify as community integration housing for persons with intellectual and developmental disabilities.",4687,"House Transportation, Housing & Local Government",2026-01-14,"Introduced In House - Assigned to Transportation, Housing & Local Government",https://legiscan.com/CO/bill/HB1061/2026,https://leg.colorado.gov/bills/HB26-1061
2079742,2243,HB1062,1,Introduced,2026-01-14,"Expand Deduction for Retirement Benefits","Concerning an expansion of the state income tax subtraction for retirement benefits to allow an individual to subtract all such benefits from federal taxable income for the purpose of calculating state taxable income.",905,"House Finance",2026-01-14,"Introduced In House - Assigned to Finance",https://legiscan.com/CO/bill/HB1062/2026,https://leg.colorado.gov/bills/HB26-1062
2079769,2243,HB1063,1,Introduced,2026-01-14,"Treating People with Behavioral Health Disorder","Concerning treating individuals with a behavioral health disorder, and, in connection therewith, reimbursing licensed providers who administer medication-assisted treatment and providing protections related to secure transportation for persons experiencing a behavioral health crisis.",906,"House Health and Human Services",2026-01-14,"Introduced In House - Assigned to Health & Human Services",https://legiscan.com/CO/bill/HB1063/2026,https://leg.colorado.gov/bills/HB26-1063
2080146,2243,HB1064,1,Introduced,2026-01-14,"Youthful Offender System Updates","Concerning modifications to the youthful offender system.",906,"House Health and Human Services",2026-01-14,"Introduced In House - Assigned to Health & Human Services",https://legiscan.com/CO/bill/HB1064/2026,https://leg.colorado.gov/bills/HB26-1064
2089045,2243,HB1065,1,Introduced,2026-01-21,"Transit and Housing Investment Zones","Concerning transit and housing investment zones.",905,"House Finance",2026-01-21,"Introduced In House - Assigned to Finance",https://legiscan.com/CO/bill/HB1065/2026,https://leg.colorado.gov/bills/HB26-1065
2089162,2243,HB1066,1,Introduced,2026-01-21,"Tax Exemptions Low Income Rental Property Development","Concerning the expansion of property tax exemptions to include development of low-income rental property.",905,"House Finance",2026-01-21,"Introduced In House - Assigned to Finance",https://legiscan.com/CO/bill/HB1066/2026,https://leg.colorado.gov/bills/HB26-1066
2089282,2243,HB1067,1,Introduced,2026-01-21,"Diseased Livestock Indemnity Fund","Concerning using money in the diseased livestock indemnity fund to address threats to livestock health.",4686,"House Agriculture, Water & Natural Resources",2026-01-21,"Introduced In House - Assigned to Agriculture, Water & Natural Resources",https://legiscan.com/CO/bill/HB1067/2026,https://leg.colorado.gov/bills/HB26-1067
2089397,2243,HB1068,1,Introduced,2026-01-21,"Remote Participation Policies for Joint Committees","Concerning the authority of the executive committee of the legislative council to establish policies for legislators to participate remotely in meetings of committees consisting of members from both chambers that are held at any time during the year.",0,,2026-01-29,"House Committee on State, Civic, Military, & Veterans Affairs Refer Unamended to House Committee of the Whole",https://legiscan.com/CO/bill/HB1068/2026,https://leg.colorado.gov/bills/HB26-1068
2095488,2243,HB1069,1,Introduced,2026-01-27,"Availability of Emergency Medical Services","Concerning increasing the availability of emergency medical services.",906,"House Health and Human Services",2026-01-27,"Introduced In House - Assigned to Health & Human Services",https://legiscan.com/CO/bill/HB1069/2026,https://leg.colorado.gov/bills/HB26-1069
2094875,2243,HB1070,1,Introduced,2026-01-27,"Third-Party Network Agreements for Dental Services","Concerning third-party network lease agreements for dental services.",906,"House Health and Human Services",2026-01-27,"Introduced In House - Assigned to Health & Human Services",https://legiscan.com/CO/bill/HB1070/2026,https://leg.colorado.gov/bills/HB26-1070
2095508,2243,HB1071,1,Introduced,2026-01-27,"Local Government Vehicle Identification System on Interstate Highways","Concerning allowing a local government to locate an automated vehicle identification system on an interstate highway.",4687,"House Transportation, Housing & Local Government",2026-01-27,"Introduced In House - Assigned to Transportation, Housing & Local Government",https://legiscan.com/CO/bill/HB1071/2026,https://leg.colorado.gov/bills/HB26-1071
2080053,2243,HR1001,4,Passed,2026-01-20,"House Officers &amp; Employees","Concerning employees and positions for the House of Representatives convened in the Second Regular Session of the Seventy-fifth General Assembly.",0,,2026-01-20,"Signed by the Speaker of the House",https://legiscan.com/CO/bill/HR1001/2026,https://leg.colorado.gov/bills/HR26-1001
2079878,2243,HJR1001,4,Passed,2026-01-21,"General Assembly Positions &amp; Salary Ranges","Concerning the officers and employees of the Second Regular Session of the Seventy-fifth General Assembly.",0,,2026-01-21,"Signed by the President of the Senate",https://legiscan.com/CO/bill/HJR1001/2026,https://leg.colorado.gov/bills/HJR26-1001
2081572,2243,HJR1002,4,Passed,2026-01-20,"MLK Jr. Day","Concerning the commemoration of Martin Luther King Jr. Day.",0,,2026-01-20,"Signed by the President of the Senate",https://legiscan.com/CO/bill/HJR1002/2026,https://leg.colorado.gov/bills/HJR26-1002
2082584,2243,HJR1003,4,Passed,2026-01-26,"National Blood Donor Month","Concerning national blood donor month.",0,,2026-01-26,"Signed by the President of the Senate",https://legiscan.com/CO/bill/HJR1003/2026,https://leg.colorado.gov/bills/HJR26-1003
2079682,2243,SB001,1,Introduced,2026-01-14,"Workforce Housing &amp; Housing Tax Credit","Concerning housing, and, in connection therewith, authorizing a board of county commissioners to appropriate money to support specified types of housing and making the middle-income housing tax credit available to transferees who do not own an interest in a qualified development.",922,"Senate Committee of the Whole",2026-01-29,"Senate Committee on Local Government & Housing Refer Amended to Senate Committee of the Whole",https://legiscan.com/CO/bill/SB001/2026,https://leg.colorado.gov/bills/SB26-001
2079693,2243,SB002,1,Introduced,2026-01-14,"Energy Affordability","Concerning energy affordability, and, in connection therewith, establishing a first allotment of residential electricity service program that provides income-qualified utility customers a minimum level of electricity service at a marginal cost rate.",3784,"Senate Transportation & Energy",2026-01-14,"Introduced In Senate - Assigned to Transportation & Energy",https://legiscan.com/CO/bill/SB002/2026,https://leg.colorado.gov/bills/SB26-002
2079717,2243,SB003,1,Introduced,2026-01-14,"End-of-Life Management of Electric Vehicle Batteries","Concerning expanding the scope of the ""Battery Stewardship Act"" to cover the end-of-life management of electric vehicle batteries.",3784,"Senate Transportation & Energy",2026-01-14,"Introduced In Senate - Assigned to Transportation & Energy",https://legiscan.com/CO/bill/SB003/2026,https://leg.colorado.gov/bills/SB26-003
2079712,2243,SB004,1,Introduced,2026-01-14,"Expand List of Petitioners for Protection Order","Concerning who may petition a court for an extreme risk protection order.",0,,2026-01-30,"Senate Second Reading Laid Over to 02/02/2026 - No Amendments",https://legiscan.com/CO/bill/SB004/2026,https://leg.colorado.gov/bills/SB26-004
2079685,2243,SB005,1,Introduced,2026-01-14,"Rights Violation in Immigration Enforcement Remedy","Concerning state court remedies for violations of federal constitutional rights occurring during immigration enforcement.",917,"Senate Judiciary",2026-01-14,"Introduced In Senate - Assigned to Judiciary",https://legiscan.com/CO/bill/SB005/2026,https://leg.colorado.gov/bills/SB26-005
2079715,2243,SB006,1,Introduced,2026-01-14,"Parity for Non-Opioid Pain Management Drugs","Concerning parity for the use of non-opioid pain management drugs.",916,"Senate Health and Human Services",2026-01-14,"Introduced In Senate - Assigned to Health & Human Services",https://legiscan.com/CO/bill/SB006/2026,https://leg.colorado.gov/bills/SB26-006
2079676,2243,SB007,1,Introduced,2026-01-14,"Medical Marijuana Use in Health Facilities","Concerning the use of medical marijuana by terminally ill patients in health facilities.",916,"Senate Health and Human Services",2026-01-14,"Introduced In Senate - Assigned to Health & Human Services",https://legiscan.com/CO/bill/SB007/2026,https://leg.colorado.gov/bills/SB26-007
2079673,2243,SB008,1,Introduced,2026-01-14,"Mental Health Access","Concerning measures to improve access to mental health services, and, in connection therewith, creating an enterprise to impose a fee to fund mental health services and creating a program to facilitate access to mental health services for adults.",916,"Senate Health and Human Services",2026-01-14,"Introduced In Senate - Assigned to Health & Human Services",https://legiscan.com/CO/bill/SB008/2026,https://leg.colorado.gov/bills/SB26-008
2079720,2243,SB009,1,Introduced,2026-01-14,"Charitable Organization State Sales &amp; Use Tax","Concerning the determination of whether an entity is a charitable organization for purposes of state sales and use tax.",915,"Senate Finance",2026-01-14,"Introduced In Senate - Assigned to Finance",https://legiscan.com/CO/bill/SB009/2026,https://leg.colorado.gov/bills/SB26-009
2079677,2243,SB010,1,Introduced,2026-01-14,"Agricultural Property Tax Definitions","Concerning clarification of definitions used in connection with the taxation of agricultural property.",0,,2026-01-28,"Senate Committee on Agriculture & Natural Resources Refer Unamended - Consent Calendar to Senate Committee of the Whole",https://legiscan.com/CO/bill/SB010/2026,https://leg.colorado.gov/bills/SB26-010
2079680,2243,SB011,1,Introduced,2026-01-14,"Search Warrants Provided to Covered Platforms","Concerning search warrant requirements for operators of certain electronic platforms.",917,"Senate Judiciary",2026-01-14,"Introduced In Senate - Assigned to Judiciary",https://legiscan.com/CO/bill/SB011/2026,https://leg.colorado.gov/bills/SB26-011
2079709,2243,SB012,1,Introduced,2026-01-14,"Compensable Losses for Tribal Members","Concerning compensable losses under the ""Colorado Crime Victim Compensation Act"" for enrolled members of a federally recognized tribe.",917,"Senate Judiciary",2026-01-14,"Introduced In Senate - Assigned to Judiciary",https://legiscan.com/CO/bill/SB012/2026,https://leg.colorado.gov/bills/SB26-012
2079692,2243,SB013,1,Introduced,2026-01-14,"Exclude Cohabitation from Elements of Bigamy","Concerning cohabitation as a means to commit the offense of bigamy.",917,"Senate Judiciary",2026-01-14,"Introduced In Senate - Assigned to Judiciary",https://legiscan.com/CO/bill/SB013/2026,https://leg.colorado.gov/bills/SB26-013
2079705,2243,SB014,1,Introduced,2026-01-14,"Modification to Defense of Not Guilty by Reason of Insanity","Concerning modifications to the affirmative defense of not guilty by reason of insanity.",917,"Senate Judiciary",2026-01-14,"Introduced In Senate - Assigned to Judiciary",https://legiscan.com/CO/bill/SB014/2026,https://leg.colorado.gov/bills/SB26-014
2079671,2243,SB015,1,Introduced,2026-01-14,"Commercial Sexual Activity with a Child Offenses","Concerning offenses involving commercial sexual activity with a child.",917,"Senate Judiciary",2026-01-14,"Introduced In Senate - Assigned to Judiciary",https://legiscan.com/CO/bill/SB015/2026,https://leg.colorado.gov/bills/SB26-015
2080302,2243,SB016,1,Introduced,2026-01-14,"Prohibit Discharge Preproduction Plastic Materials","Concerning prohibiting the discharge of preproduction plastic materials.",3784,"Senate Transportation & Energy",2026-01-14,"Introduced In Senate - Assigned to Transportation & Energy",https://legiscan.com/CO/bill/SB016/2026,https://leg.colorado.gov/bills/SB26-016
2080374,2243,SB017,1,Introduced,2026-01-14,"Out-of-Network Health Insurance Dispute Resolution","Concerning changes to out-of-network health-care services dispute resolution processes for health insurance carriers.",912,"Senate Appropriations",2026-01-29,"Senate Committee on Health & Human Services Refer Amended to Appropriations",https://legiscan.com/CO/bill/SB017/2026,https://leg.colorado.gov/bills/SB26-017
2079703,2243,SB018,1,Introduced,2026-01-14,"Legal Protections for Dignity of Minors","Concerning legal protections for the dignity of a minor, and, in connection therewith, suppressing a court record associated with changing a minor's name and requiring the court to consider as a relevant factor when determining parenting time and allocation of decision-making responsibility whether the minor's parent recognizes the child's identity as it relates to a protected class.",917,"Senate Judiciary",2026-01-14,"Introduced In Senate - Assigned to Judiciary",https://legiscan.com/CO/bill/SB018/2026,https://leg.colorado.gov/bills/SB26-018
2079672,2243,SB019,1,Introduced,2026-01-14,"Early Childhood Local System Consolidation","Concerning changes to local early childhood infrastructure, and, in connection therewith, expanding the responsibilities and functions of early childhood councils to include certain responsibilities and functions formerly performed by local coordinating organizations and imposing new accountability requirements.",914,"Senate Education",2026-01-14,"Introduced In Senate - Assigned to Education",https://legiscan.com/CO/bill/SB019/2026,https://leg.colorado.gov/bills/SB26-019
2079713,2243,SB020,1,Introduced,2026-01-14,"Child Care Provider Licensing &amp; Quality","Concerning measures related to child care provider licensing, and, in connection therewith, expanding the use of a digital file system, increasing reliance on trained personnel from the department of early childhood for inspections and investigations, imposing certain requirements in connection with regulation by local governing authorities, and creating a task force.",914,"Senate Education",2026-01-14,"Introduced In Senate - Assigned to Education",https://legiscan.com/CO/bill/SB020/2026,https://leg.colorado.gov/bills/SB26-020
2079688,2243,SB021,1,Introduced,2026-01-14,"Clean Fleet Enterprise Replace Aging Diesel Trucks","Concerning authorizing the clean fleet enterprise to encourage the replacement of high-emitting trucks with low-emitting trucks in motor vehicle fleets.",3784,"Senate Transportation & Energy",2026-01-14,"Introduced In Senate - Assigned to Transportation & Energy",https://legiscan.com/CO/bill/SB021/2026,https://leg.colorado.gov/bills/SB26-021
2079690,2243,SB022,1,Introduced,2026-01-14,"Challenges Meeting 2030 Emissions Reduction Goals","Concerning an entity that encounters challenges in achieving the greenhouse gas emissions reduction goal included in the entity's clean energy plan.",3784,"Senate Transportation & Energy",2026-01-14,"Introduced In Senate - Assigned to Transportation & Energy",https://legiscan.com/CO/bill/SB022/2026,https://leg.colorado.gov/bills/SB26-022
2079699,2243,SB023,1,Introduced,2026-01-14,"School Finance Act","Concerning the financing of public schools.",914,"Senate Education",2026-01-14,"Introduced In Senate - Assigned to Education",https://legiscan.com/CO/bill/SB023/2026,https://leg.colorado.gov/bills/SB26-023
2079702,2243,SB024,1,Introduced,2026-01-14,"State &amp; Local Unmanned Aircraft Regulation","Concerning unmanned aircraft systems.",4688,"Senate Local Government & Housing",2026-01-14,"Introduced In Senate - Assigned to Local Government & Housing",https://legiscan.com/CO/bill/SB024/2026,https://leg.colorado.gov/bills/SB26-024
2079722,2243,SB025,1,Introduced,2026-01-14,"Monument Records Placement Submission Maintenance","Concerning land survey monumentation.",3784,"Senate Transportation & Energy",2026-01-14,"Introduced In Senate - Assigned to Transportation & Energy",https://legiscan.com/CO/bill/SB025/2026,https://leg.colorado.gov/bills/SB26-025
2079716,2243,SB026,1,Introduced,2026-01-14,"Weight for Vehicles with Child Restraint System","Concerning increasing the gross vehicle weight rating limit for a passenger motor vehicle for which the use of a child restraint system is required.",3784,"Senate Transportation & Energy",2026-01-14,"Introduced In Senate - Assigned to Transportation & Energy",https://legiscan.com/CO/bill/SB026/2026,https://leg.colorado.gov/bills/SB26-026
2079704,2243,SB027,1,Introduced,2026-01-14,"Parental Equality &amp; Child Empowerment Act","Concerning the creation of a rebuttable presumption that requires equal parenting time.",2718,"Senate State, Veterans, & Military Affairs",2026-01-14,"Introduced In Senate - Assigned to State, Veterans, & Military Affairs",https://legiscan.com/CO/bill/SB027/2026,https://leg.colorado.gov/bills/SB26-027
2079698,2243,SB028,1,Introduced,2026-01-14,"Removal of Wind Energy from State Energy Goals","Concerning removal of wind generation as a clean energy source related to the state's clean energy goals.",3784,"Senate Transportation & Energy",2026-01-14,"Introduced In Senate - Assigned to Transportation & Energy",https://legiscan.com/CO/bill/SB028/2026,https://leg.colorado.gov/bills/SB26-028
2079683,2243,SB029,1,Introduced,2026-01-14,"Health Savings Account Tax Credit","Concerning an income tax credit for a contribution to a health savings account.",2718,"Senate State, Veterans, & Military Affairs",2026-01-14,"Introduced In Senate - Assigned to State, Veterans, & Military Affairs",https://legiscan.com/CO/bill/SB029/2026,https://leg.colorado.gov/bills/SB26-029
2079681,2243,SB030,1,Introduced,2026-01-14,"Local Access State Parks Grant Program","Concerning a grant program for local governments to improve access to state parks.",2718,"Senate State, Veterans, & Military Affairs",2026-01-14,"Introduced In Senate - Assigned to State, Veterans, & Military Affairs",https://legiscan.com/CO/bill/SB030/2026,https://leg.colorado.gov/bills/SB26-030
2091200,2243,SB031,1,Introduced,2026-01-22,"Use of Prescription Product with Controlled Substance","Concerning the lawful use of a prescription drug product containing a schedule I controlled substance.",916,"Senate Health and Human Services",2026-01-22,"Introduced In Senate - Assigned to Health & Human Services",https://legiscan.com/CO/bill/SB031/2026,https://leg.colorado.gov/bills/SB26-031
2093866,2243,SB032,1,Introduced,2026-01-26,"Promoting Immunization Access","Concerning the promotion of immunization access.",922,"Senate Committee of the Whole",2026-01-29,"Senate Committee on Health & Human Services Refer Amended to Senate Committee of the Whole",https://legiscan.com/CO/bill/SB032/2026,https://leg.colorado.gov/bills/SB26-032
2094016,2243,SB033,1,Introduced,2026-01-26,"Clean Energy Permitting Processes","Concerning clean energy permitting processes, and, in connection therewith, creating the Colorado clean energy permitting coordination office.",2718,"Senate State, Veterans, & Military Affairs",2026-01-26,"Introduced In Senate - Assigned to State, Veterans, & Military Affairs",https://legiscan.com/CO/bill/SB033/2026,https://leg.colorado.gov/bills/SB26-033
2093979,2243,SB034,1,Introduced,2026-01-26,"Auraria Board Student &amp; Faculty Participation","Concerning expanding participation by members of the Auraria board of directors advisory committees.",914,"Senate Education",2026-01-26,"Introduced In Senate - Assigned to Education",https://legiscan.com/CO/bill/SB034/2026,https://leg.colorado.gov/bills/SB26-034
2094053,2243,SB035,1,Introduced,2026-01-26,"Increase of Traffic Violation Penalties","Concerning an increase of traffic violation penalties.",3784,"Senate Transportation & Energy",2026-01-26,"Introduced In Senate - Assigned to Transportation & Energy",https://legiscan.com/CO/bill/SB035/2026,https://leg.colorado.gov/bills/SB26-035
2093868,2243,SB036,1,Introduced,2026-01-26,"Prison Population Management Measures","Concerning increasing operational efficiency of existing prison population management measures.",917,"Senate Judiciary",2026-01-26,"Introduced In Senate - Assigned to Judiciary",https://legiscan.com/CO/bill/SB036/2026,https://leg.colorado.gov/bills/SB26-036
2093905,2243,SB037,1,Introduced,2026-01-26,"Modification of Bond Hearing Officer Process","Concerning allowing local elected judicial officers to set weekend bonds.",917,"Senate Judiciary",2026-01-26,"Introduced In Senate - Assigned to Judiciary",https://legiscan.com/CO/bill/SB037/2026,https://leg.colorado.gov/bills/SB26-037
2093942,2243,SB038,1,Introduced,2026-01-26,"Colorado State University Ordinance Compliance","Concerning Colorado state university compliance with ordinances imposed by a local government.",4688,"Senate Local Government & Housing",2026-01-26,"Introduced In Senate - Assigned to Local Government & Housing",https://legiscan.com/CO/bill/SB038/2026,https://leg.colorado.gov/bills/SB26-038
2095449,2243,SB039,1,Introduced,2026-01-27,"Fire and Police Pension Association Disability and Survivor Benefits","Concerning the administration by the fire and police pension association of disability and survivor benefits.",915,"Senate Finance",2026-01-27,"Introduced In Senate - Assigned to Finance",https://legiscan.com/CO/bill/SB039/2026,https://leg.colorado.gov/bills/SB26-039
2094763,2243,SB040,1,Introduced,2026-01-27,"Affordable Home Ownership Program","Concerning the affordable home ownership program.",4688,"Senate Local Government & Housing",2026-01-27,"Introduced In Senate - Assigned to Local Government & Housing",https://legiscan.com/CO/bill/SB040/2026,https://leg.colorado.gov/bills/SB26-040
2094933,2243,SB041,1,Introduced,2026-01-27,"Consumer Protections Medical Care Entities","Concerning consumer protections in transactions involving medical care entities.",916,"Senate Health and Human Services",2026-01-27,"Introduced In Senate - Assigned to Health & Human Services",https://legiscan.com/CO/bill/SB041/2026,https://leg.colorado.gov/bills/SB26-041
2094959,2243,SB042,1,Introduced,2026-01-27,"Revenue Classification Taxpayers Bill of Rights","Concerning the classification of certain state revenue for the purposes of calculating state fiscal year spending pursuant to section 20 of article X of the state constitution, and, in connection therewith, clarifying the statutory definitions of collections for another government and damage awards.",915,"Senate Finance",2026-01-27,"Introduced In Senate - Assigned to Finance",https://legiscan.com/CO/bill/SB042/2026,https://leg.colorado.gov/bills/SB26-042
2094789,2243,SB043,1,Introduced,2026-01-27,"Record Keeping &amp; Regulation of Sale of Firearm Barrel","Concerning the regulation of firearm barrel transfers, and, in connection therewith, creating a criminal penalty for the unlawful sale of a firearm barrel.",2718,"Senate State, Veterans, & Military Affairs",2026-01-27,"Introduced In Senate - Assigned to State, Veterans, & Military Affairs",https://legiscan.com/CO/bill/SB043/2026,https://leg.colorado.gov/bills/SB26-043
2094818,2243,SB044,1,Introduced,2026-01-27,"Tax Collection Mineral Rights County Treasurers","Concerning the collection of taxes on mineral rights by county treasurers.",915,"Senate Finance",2026-01-27,"Introduced In Senate - Assigned to Finance",https://legiscan.com/CO/bill/SB044/2026,https://leg.colorado.gov/bills/SB26-044
2094989,2243,SB045,1,Introduced,2026-01-27,"Nuclear Workforce Development &amp; Education Program","Concerning promoting workforce development opportunities in Colorado's nuclear sector.",914,"Senate Education",2026-01-27,"Introduced In Senate - Assigned to Education",https://legiscan.com/CO/bill/SB045/2026,https://leg.colorado.gov/bills/SB26-045
2094738,2243,SB046,1,Introduced,2026-01-27,"Property Tax Administrative Procedures","Concerning procedural requirements for the administration of property tax, and, in connection therewith, modifying deadlines and certain requirements for transmitting information related to taxable property.",915,"Senate Finance",2026-01-27,"Introduced In Senate - Assigned to Finance",https://legiscan.com/CO/bill/SB046/2026,https://leg.colorado.gov/bills/SB26-046
2094845,2243,SB047,1,Introduced,2026-01-27,"Colorado Firefighter Safety Act Petition Elections","Concerning changes to the definition of a general election for the purpose of submitting a question to the voters to allow firefighters to collectively bargain with their public employers.",2718,"Senate State, Veterans, & Military Affairs",2026-01-27,"Introduced In Senate - Assigned to State, Veterans, & Military Affairs",https://legiscan.com/CO/bill/SB047/2026,https://leg.colorado.gov/bills/SB26-047
2094904,2243,SB048,1,Introduced,2026-01-27,"Remove Exception to Marry with Judicial Approval","Concerning removing the exception that authorizes a minor who is sixteen years old or older to marry with judicial approval.",2718,"Senate State, Veterans, & Military Affairs",2026-01-27,"Introduced In Senate - Assigned to State, Veterans, & Military Affairs",https://legiscan.com/CO/bill/SB048/2026,https://leg.colorado.gov/bills/SB26-048
2095514,2243,SB049,1,Introduced,2026-01-27,"Homeowner Natural Disaster Mitigation","Concerning homeowner natural disaster mitigation.",915,"Senate Finance",2026-01-27,"Introduced In Senate - Assigned to Finance",https://legiscan.com/CO/bill/SB049/2026,https://leg.colorado.gov/bills/SB26-049
2095441,2243,SB050,1,Introduced,2026-01-27,"Child Care Center Required Policy Disclosures","Concerning certain disclosures of policies that a child care center must provide to the caregivers of children being served at the child care center.",2717,"Senate Business, Labor, & Technology",2026-01-27,"Introduced In Senate - Assigned to Business, Labor, & Technology",https://legiscan.com/CO/bill/SB050/2026,https://leg.colorado.gov/bills/SB26-050
2095460,2243,SB051,1,Introduced,2026-01-27,"Age Attestation on Computing Devices","Concerning age attestation for users of computing devices.",2717,"Senate Business, Labor, & Technology",2026-01-27,"Introduced In Senate - Assigned to Business, Labor, & Technology",https://legiscan.com/CO/bill/SB051/2026,https://leg.colorado.gov/bills/SB26-051
2095469,2243,SB052,1,Introduced,2026-01-27,"Coal Transition Community Investment","Concerning coal transition communities, and, in connection therewith, providing a hiring preference for coal transition workers in coal transition communities and expanding the allowable ways in which a public entity may deposit or invest just transition money.",911,"Senate Agriculture and Natural Resources",2026-01-27,"Introduced In Senate - Assigned to Agriculture & Natural Resources",https://legiscan.com/CO/bill/SB052/2026,https://leg.colorado.gov/bills/SB26-052
2095477,2243,SB053,1,Introduced,2026-01-27,"Colorado Housing and Finance Authority Mortgage POST Officers First Responders","Concerning the expansion of eligible borrowers for mortgages through the Colorado housing and finance authority.",4688,"Senate Local Government & Housing",2026-01-27,"Introduced In Senate - Assigned to Local Government & Housing",https://legiscan.com/CO/bill/SB053/2026,https://leg.colorado.gov/bills/SB26-053
2095498,2243,SB054,1,Introduced,2026-01-27,"Security Deposits &amp; Post-Closing Occupancy Agreements","Concerning an exception to the statutory limit on the amount that a landlord may require a tenant to provide as a security deposit in cases where the landlord and tenant have executed a post-closing occupancy agreement.",4688,"Senate Local Government & Housing",2026-01-27,"Introduced In Senate - Assigned to Local Government & Housing",https://legiscan.com/CO/bill/SB054/2026,https://leg.colorado.gov/bills/SB26-054
2101375,2243,SB055,1,Introduced,2026-01-28,"Registry in Colorado Department of Education for School Personnel","Concerning a registry in the department of education for the disciplinary history of school personnel.",2718,"Senate State, Veterans, & Military Affairs",2026-01-28,"Introduced In Senate - Assigned to State, Veterans, & Military Affairs",https://legiscan.com/CO/bill/SB055/2026,https://leg.colorado.gov/bills/SB26-055
2101288,2243,SB056,1,Introduced,2026-01-28,"State Overtime Compensation Income Tax","Concerning modifying the state income tax on overtime compensation to apply only in the 2026 income tax year.",2718,"Senate State, Veterans, & Military Affairs",2026-01-28,"Introduced In Senate - Assigned to State, Veterans, & Military Affairs",https://legiscan.com/CO/bill/SB056/2026,https://leg.colorado.gov/bills/SB26-056
2101334,2243,SB057,1,Introduced,2026-01-28,"School Board Elections Director District Residents","Concerning local school board directors elected by the eligible electors residing within the director district.",2718,"Senate State, Veterans, & Military Affairs",2026-01-28,"Introduced In Senate - Assigned to State, Veterans, & Military Affairs",https://legiscan.com/CO/bill/SB057/2026,https://leg.colorado.gov/bills/SB26-057
2101204,2243,SB058,1,Introduced,2026-01-28,"Modifications to Voter Registration","Concerning modifications to voter registration, and, in connection therewith, eliminating the automatic voter registration provisions for default registration of electors as unaffiliated voters and requiring the registration records of electors who fail to vote in two consecutive general elections to be marked inactive.",2718,"Senate State, Veterans, & Military Affairs",2026-01-28,"Introduced In Senate - Assigned to State, Veterans, & Military Affairs",https://legiscan.com/CO/bill/SB058/2026,https://leg.colorado.gov/bills/SB26-058
2101504,2243,SB059,1,Introduced,2026-01-28,"Multiple Elected Offices Prohibited for General Assembly","Concerning a prohibition on a member or member-elect of the general assembly holding multiple elected offices.",2718,"Senate State, Veterans, & Military Affairs",2026-01-28,"Introduced In Senate - Assigned to State, Veterans, & Military Affairs",https://legiscan.com/CO/bill/SB059/2026,https://leg.colorado.gov/bills/SB26-059
2101044,2243,SB060,1,Introduced,2026-01-28,"Mental Health Training in Concussion Education","Concerning information about youth athlete mental health training, and, in connection therewith, requiring mental health training for youth sports coaches and requiring the coaches to notify parents of possible mental health risks associated with concussions.",916,"Senate Health and Human Services",2026-01-28,"Introduced In Senate - Assigned to Health & Human Services",https://legiscan.com/CO/bill/SB060/2026,https://leg.colorado.gov/bills/SB26-060
2100502,2243,SB061,1,Introduced,2026-01-28,"Publication Counties Without Legal Newspapers","Concerning a change to legal notice publication requirements for a county without a requisite legal newspaper.",4688,"Senate Local Government & Housing",2026-01-28,"Introduced In Senate - Assigned to Local Government & Housing",https://legiscan.com/CO/bill/SB061/2026,https://leg.colorado.gov/bills/SB26-061
2100329,2243,SB062,1,Introduced,2026-01-28,"Rodenticide Use Restrictions","Concerning certain rodent control products in the state.",911,"Senate Agriculture and Natural Resources",2026-01-28,"Introduced In Senate - Assigned to Agriculture & Natural Resources",https://legiscan.com/CO/bill/SB062/2026,https://leg.colorado.gov/bills/SB26-062
2100934,2243,SB063,1,Introduced,2026-01-28,"Nonemergency Medical Transportation Services","Concerning nonemergency medical transportation services for medicaid members.",2717,"Senate Business, Labor, & Technology",2026-01-28,"Introduced In Senate - Assigned to Business, Labor, & Technology",https://legiscan.com/CO/bill/SB063/2026,https://leg.colorado.gov/bills/SB26-063
2101123,2243,SB064,1,Introduced,2026-01-28,"Modify Colorado Agricultural Future Loan Program","Concerning modifying the Colorado agricultural future loan program to allow certain eligible entities to qualify for funding from the program.",911,"Senate Agriculture and Natural Resources",2026-01-28,"Introduced In Senate - Assigned to Agriculture & Natural Resources",https://legiscan.com/CO/bill/SB064/2026,https://leg.colorado.gov/bills/SB26-064
2101164,2243,SB065,1,Introduced,2026-01-28,"Systemic Insecticide Use Limitations","Concerning limitations on the use of certain insecticides in the state.",911,"Senate Agriculture and Natural Resources",2026-01-28,"Introduced In Senate - Assigned to Agriculture & Natural Resources",https://legiscan.com/CO/bill/SB065/2026,https://leg.colorado.gov/bills/SB26-065
2101464,2243,SB066,1,Introduced,2026-01-28,"Regulation of Compounded Weight-Loss Medication","Concerning the regulation of compounded weight-loss medications that have not been approved by the United States food and drug administration.",916,"Senate Health and Human Services",2026-01-28,"Introduced In Senate - Assigned to Health & Human Services",https://legiscan.com/CO/bill/SB066/2026,https://leg.colorado.gov/bills/SB26-066
2101084,2243,SB067,1,Introduced,2026-01-28,"Tuition Waiver for Dependents of Veterans","Concerning a tuition waiver for dependents of qualified veterans.",914,"Senate Education",2026-01-28,"Introduced In Senate - Assigned to Education",https://legiscan.com/CO/bill/SB067/2026,https://leg.colorado.gov/bills/SB26-067
2100999,2243,SB068,1,Introduced,2026-01-28,"Modify Administration of Education Assessments","Concerning measures to modify the administration of education assessments.",914,"Senate Education",2026-01-28,"Introduced In Senate - Assigned to Education",https://legiscan.com/CO/bill/SB068/2026,https://leg.colorado.gov/bills/SB26-068
2101006,2243,SB069,1,Introduced,2026-01-28,"Colorado Domestic Exchange Program","Concerning establishment of a high school student domestic exchange program.",914,"Senate Education",2026-01-28,"Introduced In Senate - Assigned to Education",https://legiscan.com/CO/bill/SB069/2026,https://leg.colorado.gov/bills/SB26-069
2100416,2243,SB070,1,Introduced,2026-01-28,"Ban Government Access Historical Location Information Database","Concerning prohibiting a government entity from accessing a database that stores historical location information.",917,"Senate Judiciary",2026-01-28,"Introduced In Senate - Assigned to Judiciary",https://legiscan.com/CO/bill/SB070/2026,https://leg.colorado.gov/bills/SB26-070
2101418,2243,SB071,1,Introduced,2026-01-28,"Use of Surveillance Technology by Law Enforcement","Concerning the regulation of law enforcement surveillance technologies to protect citizens.",917,"Senate Judiciary",2026-01-28,"Introduced In Senate - Assigned to Judiciary",https://legiscan.com/CO/bill/SB071/2026,https://leg.colorado.gov/bills/SB26-071
2101248,2243,SB072,1,Introduced,2026-01-28,"Increased Penalty for Vehicular Homicide &amp; Assault","Concerning increasing criminal penalties related to assaultive conduct with a motor vehicle, and, in connection therewith, adding the conduct of causing the death of another person with a motor vehicle to the crime of criminally negligent homicide.",917,"Senate Judiciary",2026-01-28,"Introduced In Senate - Assigned to Judiciary",https://legiscan.com/CO/bill/SB072/2026,https://leg.colorado.gov/bills/SB26-072
2101546,2243,SB073,1,Introduced,2026-01-28,"Order of Additional Parenting Time","Concerning additional parenting time for a parent who is wrongfully denied court-ordered parenting time.",917,"Senate Judiciary",2026-01-28,"Introduced In Senate - Assigned to Judiciary",https://legiscan.com/CO/bill/SB073/2026,https://leg.colorado.gov/bills/SB26-073
2101588,2243,SB074,1,Introduced,2026-01-28,"Clarify Excessive Public Construction Bond Claim Penalty","Concerning clarification of the penalty for claiming an excessive amount in a public construction performance bond dispute.",917,"Senate Judiciary",2026-01-28,"Introduced In Senate - Assigned to Judiciary",https://legiscan.com/CO/bill/SB074/2026,https://leg.colorado.gov/bills/SB26-074
2100595,2243,SB075,1,Introduced,2026-01-28,"Trafficking &amp; Commercial Sexual Activity Offenses","Concerning modifying certain criminal law provisions, and, in connection therewith, changing sentencing requirements for human trafficking and certain pimping offenses, permitting a court to consider the source of funds when making bond determinations, and updating references to offenses involving commercial sexual activity with a child.",917,"Senate Judiciary",2026-01-28,"Introduced In Senate - Assigned to Judiciary",https://legiscan.com/CO/bill/SB075/2026,https://leg.colorado.gov/bills/SB26-075
2100766,2243,SB076,1,Introduced,2026-01-28,"Certification &amp; Practice of Certified Public Accountants","Concerning the practice of certified public accountants.",2717,"Senate Business, Labor, & Technology",2026-01-28,"Introduced In Senate - Assigned to Business, Labor, & Technology",https://legiscan.com/CO/bill/SB076/2026,https://leg.colorado.gov/bills/SB26-076
2100851,2243,SB077,1,Introduced,2026-01-28,"Epilepsy-Related Mortality Awareness","Concerning epilepsy-related mortality awareness.",916,"Senate Health and Human Services",2026-01-28,"Introduced In Senate - Assigned to Health & Human Services",https://legiscan.com/CO/bill/SB077/2026,https://leg.colorado.gov/bills/SB26-077
2100679,2243,SB078,1,Introduced,2026-01-28,"Changes to Institutions of Higher Education Statutes","Concerning modifications to certain statutes relating to institutions of higher education, and, in connection therewith, changing procedures relating to information sharing, data, and capital construction projects.",914,"Senate Education",2026-01-28,"Introduced In Senate - Assigned to Education",https://legiscan.com/CO/bill/SB078/2026,https://leg.colorado.gov/bills/SB26-078
2080457,2243,SR001,1,Introduced,2026-01-14,"Morgan County Road Improvements","Concerning demanding the Colorado Department of Transportation to implement road improvement projects in Morgan County.",3784,"Senate Transportation & Energy",2026-01-14,"Introduced In Senate - Assigned to Transportation & Energy",https://legiscan.com/CO/bill/SR001/2026,https://leg.colorado.gov/bills/SR26-001
2079687,2243,SR002,4,Passed,2026-01-15,"Senate Officers &amp; Employees","Concerning the appointment of Officers and Employees for the Senate convened in the Second Regular Session of the Seventy-fifth General Assembly.",0,,2026-01-15,"Signed by the President of the Senate",https://legiscan.com/CO/bill/SR002/2026,https://leg.colorado.gov/bills/SR26-002
2079675,2243,SJR001,1,Introduced,2026-01-14,"Water Projects Eligibility Lists","Concerning approval of water project revolving fund eligibility lists administered by the Colorado water resources and power development authority.",0,,2026-01-28,"Senate Committee on Agriculture & Natural Resources Refer Unamended to Senate Committee of the Whole",https://legiscan.com/CO/bill/SJR001/2026,https://leg.colorado.gov/bills/SJR26-001
2079679,2243,SJR002,4,Passed,2026-01-15,"State of the State","Concerning a Joint Session of the Senate and the House of Representatives for the purpose of hearing a message from The Honorable Governor Jared Polis, and appointing a committee to escort the Governor.",0,,2026-01-15,"Signed by the Speaker of the House",https://legiscan.com/CO/bill/SJR002/2026,https://leg.colorado.gov/bills/SJR26-002
2079695,2243,SJR003,4,Passed,2026-01-15,"Joint Session Address by Tribal Councils","Concerning a Joint Session of the Senate and the House of Representatives for the purpose of hearing a message from Representatives of the Ute Mountain Ute Tribal Council and the Southern Ute Tribal Council, and, in connection therewith, appointing a committee to escort the Tribal Representatives.",0,,2026-01-15,"Signed by the Speaker of the House",https://legiscan.com/CO/bill/SJR003/2026,https://leg.colorado.gov/bills/SJR26-003
2085079,2243,SJR004,1,Introduced,2026-01-16,"Frontotemporal Degeneration Awareness Week","Concerning recognizing the week of September 20 through September 26, 2026, as ""Frontotemporal Degeneration Awareness Week"".",0,,2026-01-30,"Senate Third Reading Passed - No Amendments",https://legiscan.com/CO/bill/SJR004/2026,https://leg.colorado.gov/bills/SJR26-004
2089513,2243,SJR005,4,Passed,2026-01-28,"Colorado 4-H Day","Concerning the designation of ""Colorado 4-H Day"".",0,,2026-01-28,"Signed by the Speaker of the House",https://legiscan.com/CO/bill/SJR005/2026,https://leg.colorado.gov/bills/SJR26-005
2101966,2243,SJR006,1,Introduced,2026-01-29,"Coloradans Navigating Complex United States Immigration System","Concerning the commitment to Coloradans navigating the complex United States immigration system and ensuring transparency in federal enforcement in our state.",0,,2026-01-29,"Introduced In Senate - Assigned to",https://legiscan.com/CO/bill/SJR006/2026,https://leg.colorado.gov/bills/SJR26-006
2103022,2243,SJR007,1,Introduced,2026-01-30,"Black History Month February of 2026","Concerning recognizing February of 2026 as Black History Month.",0,,2026-01-30,"Senate Third Reading Laid Over to 02/03/2026 - No Amendments",https://legiscan.com/CO/bill/SJR007/2026,https://leg.colorado.gov/bills/SJR26-007
