bill_id,document_id,document_type,document_size,document_mime,document_desc,url,state_link
2087582,3325122,text,54966,application/pdf,Introduced,https://legiscan.com/ND/text/HB1621/id/3325122,https://ndlegis.gov/assembly/69-2025/special/documents/25-1383-01000.pdf
2087582,3327684,text,70330,application/pdf,"Comm Sub",https://legiscan.com/ND/text/HB1621/id/3327684,https://ndlegis.gov/assembly/69-2025/special/documents/25-1383-01004m.pdf
2087582,3327685,text,64352,application/pdf,Engrossed,https://legiscan.com/ND/text/HB1621/id/3327685,https://ndlegis.gov/assembly/69-2025/special/documents/25-1383-03000.pdf
2087569,3325109,text,159862,application/pdf,Introduced,https://legiscan.com/ND/text/HB1622/id/3325109,https://ndlegis.gov/assembly/69-2025/special/documents/25-1385-01000.pdf
2087543,3325084,text,58896,application/pdf,Introduced,https://legiscan.com/ND/text/HB1623/id/3325084,https://ndlegis.gov/assembly/69-2025/special/documents/25-1392-01000.pdf
2087543,3327617,text,76371,application/pdf,"Comm Sub",https://legiscan.com/ND/text/HB1623/id/3327617,https://ndlegis.gov/assembly/69-2025/special/documents/25-1392-01005m.pdf
2087543,3327618,text,74574,application/pdf,Engrossed,https://legiscan.com/ND/text/HB1623/id/3327618,https://ndlegis.gov/assembly/69-2025/special/documents/25-1392-02000.pdf
2087595,3325136,text,62326,application/pdf,Introduced,https://legiscan.com/ND/text/HB1624/id/3325136,https://ndlegis.gov/assembly/69-2025/special/documents/25-1395-03000.pdf
2087595,3327691,text,62547,application/pdf,Engrossed,https://legiscan.com/ND/text/HB1624/id/3327691,https://ndlegis.gov/assembly/69-2025/special/documents/25-1395-05000.pdf
2087606,3325148,text,56901,application/pdf,Introduced,https://legiscan.com/ND/text/HB1625/id/3325148,https://ndlegis.gov/assembly/69-2025/special/documents/25-1396-02000.pdf
2087479,3325019,text,59176,application/pdf,Introduced,https://legiscan.com/ND/text/HB1626/id/3325019,https://ndlegis.gov/assembly/69-2025/special/documents/25-1400-01000.pdf
2087466,3325006,text,48064,application/pdf,Introduced,https://legiscan.com/ND/text/HB1627/id/3325006,https://ndlegis.gov/assembly/69-2025/special/documents/25-1417-01000.pdf
2087531,3325074,text,54375,application/pdf,Introduced,https://legiscan.com/ND/text/HCR3038/id/3325074,https://ndlegis.gov/assembly/69-2025/special/documents/25-3120-01000.pdf
2087505,3325046,text,58600,application/pdf,Introduced,https://legiscan.com/ND/text/SB2401/id/3325046,https://ndlegis.gov/assembly/69-2025/special/documents/25-1384-01000.pdf
2087505,3327686,text,59374,application/pdf,Engrossed,https://legiscan.com/ND/text/SB2401/id/3327686,https://ndlegis.gov/assembly/69-2025/special/documents/25-1384-02000.pdf
2087493,3325033,text,94254,application/pdf,Introduced,https://legiscan.com/ND/text/SB2402/id/3325033,https://ndlegis.gov/assembly/69-2025/special/documents/25-1386-01000.pdf
2087493,3327667,text,98450,application/pdf,"Comm Sub",https://legiscan.com/ND/text/SB2402/id/3327667,https://ndlegis.gov/assembly/69-2025/special/documents/25-1386-01003m.pdf
2087493,3327668,text,95047,application/pdf,Engrossed,https://legiscan.com/ND/text/SB2402/id/3327668,https://ndlegis.gov/assembly/69-2025/special/documents/25-1386-03000.pdf
2087556,3325097,text,64273,application/pdf,Introduced,https://legiscan.com/ND/text/SB2403/id/3325097,https://ndlegis.gov/assembly/69-2025/special/documents/25-1408-01000.pdf
2087556,3328999,text,64405,application/pdf,Engrossed,https://legiscan.com/ND/text/SB2403/id/3328999,https://ndlegis.gov/assembly/69-2025/special/documents/25-1408-02000.pdf
2087518,3325061,text,50987,application/pdf,Introduced,https://legiscan.com/ND/text/SB2404/id/3325061,https://ndlegis.gov/assembly/69-2025/special/documents/25-1413-01000.pdf
2087582,267819,amendment,70330,application/pdf,"House Amendment 25.1383.01004",https://legiscan.com/ND/amendment/HB1621/id/267819,https://ndlegis.gov/assembly/69-2025/special/documents/25-1383-01004m.pdf
2087543,267812,amendment,76371,application/pdf,"House Amendment 25.1392.01005",https://legiscan.com/ND/amendment/HB1623/id/267812,https://ndlegis.gov/assembly/69-2025/special/documents/25-1392-01005m.pdf
2087493,267816,amendment,98450,application/pdf,"Senate Amendment 25.1386.01003",https://legiscan.com/ND/amendment/SB2402/id/267816,https://ndlegis.gov/assembly/69-2025/special/documents/25-1386-01003m.pdf
