people_id,name,first_name,middle_name,last_name,suffix,nickname,party_id,party,role_id,role,district,followthemoney_eid,votesmart_id,opensecrets_id,ballotpedia,knowwho_pid,committee_id
7707,"Dan Ruby",Dan,,Ruby,,,2,R,1,Rep,HD-038,6636464,41879,,Dan_Ruby_(North_Dakota),205810,0
7736,"Keith Kempenich",Keith,,Kempenich,,,2,R,1,Rep,HD-039,6605333,7735,,Keith_Kempenich,196804,0
7737,"Karen Karls",Karen,,Karls,,,2,R,1,Rep,HD-035,6670078,58774,,Karen_Karls,249527,0
7738,"Lisa Meier",Lisa,M.,Meier,,,2,R,1,Rep,HD-032,6636429,41722,,Lisa_Meier,205808,0
7741,"Lawrence Klemin",Lawrence,R.,Klemin,,,2,R,1,Rep,HD-047,6605354,21155,,Lawrence_Klemin,196820,0
7747,"Bob Martinson",Bob,,Martinson,,,2,R,1,Rep,HD-035,6605439,54863,,Bob_Martinson,196824,0
7749,"Robin Weisz",Robin,,Weisz,,,2,R,1,Rep,HD-014,6636314,11376,,Robin_Weisz,196754,0
7754,"Todd Porter",Todd,,Porter,,,2,R,1,Rep,HD-034,13004159,21198,,Todd_Porter,196794,0
7758,"Craig Headland",Craig,,Headland,,,2,R,1,Rep,HD-029,6605296,41708,,Craig_Headland,213186,0
7762,"Mike Schatz",Mike,,Schatz,,,2,R,1,Rep,HD-039,6676162,104876,,Mike_Schatz,271797,0
7764,"Donald Vigesaa",Donald,W.,Vigesaa,,Don,2,R,1,Rep,HD-029,6659812,41782,,Don_Vigesaa,222791,0
7769,"Mary Schneider",Mary,,Schneider,,,1,D,1,Rep,HD-021,10009409,152060,,Mary_Schneider,494974,0
7776,"Mike Nathe",Mike,,Nathe,,,2,R,1,Rep,HD-030,6676152,104865,,Mike_Nathe,271796,0
7780,"Patrick Hatlestad",Patrick,R.,Hatlestad,,,2,R,1,Rep,HD-001,6670066,59288,,Patrick_Hatlestad,249507,0
7785,"James Kasper",James,M.,Kasper,,Jim,2,R,1,Rep,HD-046,6636403,41759,,James_Kasper,205812,0
7795,"David Monson",David,,Monson,,,2,R,1,Rep,HD-019,6636209,7748,,David_Monson,196745,0
7798,"Michael Brandenburg",Michael,Don,Brandenburg,,Mike,2,R,1,Rep,HD-028,6636020,11418,,Michael_Don_Brandenburg,227956,0
7806,"Judy Lee",Judy,E.,Lee,,,2,R,2,Sen,SD-013,13012779,7660,,Judy_Lee,196690,0
7812,"Jerry Klein",Jerry,,Klein,,,2,R,2,Sen,SD-014,6636416,11289,,Jerry_Klein,196691,0
7813,"Terry Wanzek",Terry,M.,Wanzek,,,2,R,2,Sen,SD-029,6605639,7685,,Terry_Wanzek,196706,0
7821,"Dick Dever",Dick,,Dever,,,2,R,2,Sen,SD-032,6636075,11444,,Dick_Dever,209169,0
7826,"David Hogue",David,,Hogue,,,2,R,2,Sen,SD-038,6676129,104823,,David_Hogue,271790,0
7840,"Richard Marcellais",Richard,,Marcellais,,,1,D,2,Sen,SD-009,13012775,69376,,Richard_Marcellais,249535,0
7844,"Tim Mathern",Tim,,Mathern,,,1,D,2,Sen,SD-011,1424365,7663,,Tim_Mathern,196688,0
7848,"Robert Erbele",Robert,S.,Erbele,,,2,R,2,Sen,SD-028,6636361,41754,,Robert_Erbele,208684,0
10426,"Mark Sanford",Mark,,Sanford,,,2,R,1,Rep,HD-017,6687022,121218,,Mark_Sanford_(North_Dakota),293499,0
10428,"Larry Luick",Larry,,Luick,,,2,R,2,Sen,SD-025,6687099,121272,,Larry_Luick,292292,0
10885,"Jon Nelson",Jon,O.,Nelson,,,2,R,1,Rep,HD-014,6605465,11341,,Jon_Nelson,196740,0
10887,"Ronald Sorvaag",Ronald,,Sorvaag,,,2,R,2,Sen,SD-045,6687117,121290,,Ronald_Sorvaag,290258,0
10889,"Scott Louser",Scott,,Louser,,,2,R,1,Rep,HD-005,6687015,121241,,Scott_Louser,290261,0
10893,"Donald Schaible",Donald,,Schaible,,,2,R,2,Sen,SD-031,6687109,121268,,Donald_Schaible,292296,0
10894,"Vicky Steiner",Vicky,,Steiner,,,2,R,1,Rep,HD-037,6687057,121258,,Vicky_Steiner,292316,0
10895,"Karen Rohr",Karen,M.,Rohr,,,2,R,1,Rep,HD-031,6687050,121209,,Karen_Rohr,292311,0
10900,"Randall Burckhard",Randall,A.,Burckhard,,Randy,2,R,2,Sen,SD-005,6687082,74678,,Randy_Burckhard,290253,0
10902,"Dick Anderson",Dick,,Anderson,,,2,R,1,Rep,HD-006,6670057,57815,,Dick_Anderson_(North_Dakota),292298,0
10905,"Kathy Hogan",Kathy,,Hogan,,,1,D,2,Sen,SD-021,6520243,121213,,Kathy_Hogan,283163,0
14225,"Legislative Management",,,,,,0,,3,Jnt,,0,0,,,0,2697
14239,"Jason Dockter",Jason,,Dockter,,,2,R,1,Rep,HD-007,11029652,139347,,Jason_Dockter,411944,0
14240,"Diane Larson",Diane,,Larson,,,2,R,2,Sen,SD-030,11029681,139375,,Diane_Larson,411894,0
14243,"Nathan Toman",Nathan,P.,Toman,,,2,R,1,Rep,HD-034,11029684,139378,,Nathan_Toman,411909,0
14461,"Ben Koppelman",Ben,,Koppelman,,,2,R,1,Rep,HD-016,11029662,139357,,Ben_Koppelman,411867,0
14801,"Joshua Boschee",Joshua,A.,Boschee,,,1,D,2,Sen,SD-044,11029693,139387,,Joshua_Boschee,411933,0
14804,"Dwight Kiefert",Dwight,,Kiefert,,,2,R,1,Rep,HD-024,6676139,104856,,Dwight_Kiefert,411876,0
16369,"Alisa Mitskog",Alisa,,Mitskog,,,1,D,1,Rep,HD-025,16662861,152064,,Alisa_Mitskog,494976,0
16372,"Brad Bekkedahl",Brad,,Bekkedahl,,,2,R,2,Sen,SD-001,7860034,152033,,Brad_Bekkedahl,493741,0
16382,"Mike Lefor",Mike,,Lefor,,,2,R,1,Rep,HD-037,16662529,152074,,Mike_Lefor,493985,0
16597,"Kyle Davison",Kyle,R.,Davison,,,2,R,2,Sen,SD-041,23424890,152044,,Kyle_Davison,494964,0
16602,"Bert Anderson",Bert,,Anderson,,,2,R,1,Rep,HD-002,6670057,156120,,Bert_Anderson,522261,0
18111,"Glenn Bosch",Glenn,,Bosch,,,2,R,1,Rep,HD-030,40626143,170703,,Glenn_Bosch,579135,0
18112,"Brandy Pyle",Brandy,L.,Pyle,,,2,R,1,Rep,HD-022,40626229,170697,,Brandy_Pyle,579116,0
18117,"Andrew Marschall",Andrew,,Marschall,,,2,R,1,Rep,HD-016,6687070,121163,,Andrew_Marschall,290279,0
18118,"Scott Meyer",Scott,,Meyer,,,2,R,2,Sen,SD-018,40626209,170584,,Scott_Meyer,579027,0
18119,"Bernie Satrom",Bernie,,Satrom,,,2,R,1,Rep,HD-012,11029950,139327,,Bernie_Satrom,411599,0
18408,"Gretchen Dobervich",Gretchen,,Dobervich,,,1,D,1,Rep,HD-011,43091924,176020,,Gretchen_Dobervich,604849,0
18409,"Donald Longmuir",Donald,,Longmuir,,,2,R,1,Rep,HD-002,40626199,170633,,Donald_Longmuir,579060,0
18414,"David Clemens",David,,Clemens,,,2,R,2,Sen,SD-016,40626151,170582,,David_Clemens,579026,0
18415,"Matthew Ruby",Matthew,,Ruby,,,2,R,1,Rep,HD-040,6636464,170719,,Matthew_Ruby,579155,0
18417,"Jeffery Magrum",Jeffery,J.,Magrum,,,2,R,2,Sen,SD-008,11029676,139370,,Jeffery_Magrum,411885,0
18471,"Jim Grueneich",Jim,,Grueneich,,,2,R,1,Rep,HD-028,6636377,41766,,Jim_Grueneich,579097,0
18472,"Patrick Heinert",Patrick,D.,Heinert,,,2,R,1,Rep,HD-032,40626177,170706,,Patrick_Heinert,579140,0
18474,"Janne Myrdal",Janne,,Myrdal,,,2,R,2,Sen,SD-019,40626212,170567,,Janne_Myrdal,579017,0
18477,"Daniel Johnston",Daniel,,Johnston,,,2,R,1,Rep,HD-024,40626187,170699,,Daniel_Johnston,579123,0
18482,"Kathy Skroch",Kathy,,Skroch,,,2,R,1,Rep,HD-025,11029674,139368,,Kathy_Skroch,411881,0
18483,"Steve Vetter",Steve,,Vetter,,,2,R,1,Rep,HD-018,6520173,104864,,Steve_Vetter,579104,0
19598,"Karla Hanson",Karla,Rose,Hanson,,,1,D,1,Rep,HD-044,11029661,170726,,Karla_Rose_Hanson,579158,0
19946,"Mike Dwyer",Michael,,Dwyer,,Mike,2,R,2,Sen,SD-047,10013580,181443,,Mike_Dwyer_(North_Dakota),662934,0
19947,"Kristin Roers",Kristin,,Roers,,,2,R,2,Sen,SD-027,45030909,181436,,Kristin_Roers,655531,0
19949,"Jeff Hoverson",Jeff,,Hoverson,,,2,R,1,Rep,HD-003,45030930,181349,,Jeff_Hoverson,662943,0
19950,"Austen Schauer",Austen,,Schauer,,,2,R,1,Rep,HD-013,45030949,181378,,Austen_Schauer,662956,0
19952,"Bob Paulson",Bob,,Paulson,,,2,R,2,Sen,SD-003,45030944,181351,,Bob_Paulson,662947,0
19958,"Dale Patten",Dale,,Patten,,,2,R,2,Sen,SD-026,10018839,93619,,Dale_Patten,662931,0
20035,"Clayton Fegley",Clayton,,Fegley,,,2,R,1,Rep,HD-004,14795585,185922,,Clayton_Fegley,690766,0
20036,"Jay Fisher",Jay,,Fisher,,,2,R,1,Rep,HD-005,45030925,181372,,Jay_Fisher,662950,0
20037,"Bill Tveit",Bill,,Tveit,,,2,R,1,Rep,HD-033,17743074,164378,,Bill_Tveit,662972,0
20163,"David Richter",David,,Richter,,,2,R,1,Rep,HD-001,45030947,181347,,David_Richter_(North_Dakota),662940,0
20174,"Lauriebeth Hager",Lauriebeth,,Hager,,,1,D,1,Rep,HD-021,45030929,181397,,LaurieBeth_Hager,662959,0
21344,"Randy Lemm",Randy,D.,Lemm,,,2,R,2,Sen,SD-020,38350181,186281,,Randy_Lemm,700977,0
21441,"Claire Cory",Claire,Mara,Cory,,,2,R,2,Sen,SD-042,48691514,187509,,Claire_Cory,720752,0
21634,"Mitch Ostlie",Mitchell,,Ostlie,,Mitch,2,R,1,Rep,HD-012,49638371,190497,,Mitch_Ostlie,733585,0
21919,"Mike Beltz",Mike,,Beltz,,,2,R,1,Rep,HD-020,49638375,191687,,Mike_Beltz,738126,0
22121,"Zachary Ista",Zachary,,Ista,,Zac,1,D,1,Rep,HD-043,6519823,57242,,Zac_Ista,753627,0
22122,"Paul Thomas",Paul,J.,Thomas,,,2,R,2,Sen,SD-006,49638364,191659,,Paul_Thomas,738070,0
22123,"Mark Weber",Mark,,Weber,,,2,R,2,Sen,SD-022,49638379,191726,,Mark_Weber,738035,0
22174,"Jared Hagert",Jared,,Hagert,,,2,R,1,Rep,HD-020,49638376,191688,,Jared_Hagert,738128,0
22213,"Cole Conley",Cole,,Conley,,,2,R,2,Sen,SD-012,6659701,41790,,Cole_Conley,738010,0
22216,"Greg Stemen",Greg,,Stemen,,,2,R,1,Rep,HD-027,52835917,195730,,Greg_Stemen,642085,0
22217,"Mike Wobbema",Michael,,Wobbema,,Mike,2,R,2,Sen,SD-024,49638382,191725,,Mike_Wobbema,738037,0
22902,"Dori Hauck",Dori,,Hauck,,,2,R,1,Rep,HD-036,55499557,195897,,Dori_Hauck,770582,0
23158,"Jonathan Sickler",Jonathan,L.,Sickler,,,2,R,2,Sen,SD-017,55499606,205917,,Jonathan_Sickler,806097,0
23700,"Liz Conmy",Liz,,Conmy,,,1,D,1,Rep,HD-011,55499498,205937,,Liz_Conmy,0,0
23701,"Matthew Heilman",Matthew,,Heilman,,,2,R,1,Rep,HD-007,55499480,205931,,Matthew_Heilman,0,0
23702,"Jorin Johnson",Jorin,James,Johnson,,,2,R,1,Rep,HD-041,55499566,205971,,Jorin_Johnson,0,0
23703,"Jim Jonas",Jim,,Jonas,,,2,R,1,Rep,HD-013,55499500,205940,,Jim_Jonas,0,0
23704,"Carrie McLeod",Carrie,,McLeod,,,2,R,1,Rep,HD-045,55499577,205975,,Carrie_McLeod,0,0
23705,"Michael Motschenbacher",Michael,,Motschenbacher,,Mike,2,R,1,Rep,HD-047,55499582,205976,,Mike_Motschenbacher,0,0
23706,"Eric Murphy",Eric,J.,Murphy,,,2,R,1,Rep,HD-043,55499570,205973,,Eric_Murphy_(North_Dakota),0,0
23707,"Anna Novak",Anna,,Novak,,Garrett,2,R,1,Rep,HD-033,55499549,205963,,Anna_Novak,0,0
23709,"SuAnn Olson",SuAnn,,Olson,,,2,R,1,Rep,HD-008,55499485,205933,,SuAnn_Olson,0,0
23711,"Nico Rios",Nico,,Rios,,,2,R,1,Rep,HD-023,55499519,205950,,Nico_Rios,0,0
23712,"Steve Swiontek",Steve,,Swiontek,,,2,R,1,Rep,HD-010,55499494,205936,,Steve_Swiontek,0,0
23713,"Scott Wagner",Scott,,Wagner,,,2,R,1,Rep,HD-045,55499578,96051,,Scott_Wagner_(North_Dakota),0,0
23714,"Jonathan Warrey",Jonathan,,Warrey,,,2,R,1,Rep,HD-022,0,211293,,Jonathan_Warrey,0,0
23715,"Michelle Axtman",Michelle,,Axtman,,,2,R,2,Sen,SD-007,55499593,205912,,Michelle_Axtman,0,0
23716,"Jeff Barta",Jeff,,Barta,,,2,R,2,Sen,SD-043,55499635,205928,,Jeff_Barta,0,0
23717,"Todd Beard",Todd,,Beard,,,2,R,2,Sen,SD-023,55499614,205919,,Todd_Beard,0,0
23718,"Keith Boehm",Keith,,Boehm,,,2,R,2,Sen,SD-033,55499626,205921,,Keith_Boehm,0,0
23719,"Sean Cleary",Sean,,Cleary,,,2,R,2,Sen,SD-035,55499628,205923,,Sean_Cleary_(North_Dakota),0,0
23720,"Dean Rummel",Dean,,Rummel,,,2,R,2,Sen,SD-037,55499631,205925,,Dean_Rummel,0,0
23792,"Karen Anderson",Karen,A.,Anderson,,,2,R,1,Rep,HD-019,55499510,164423,,Karen_Anderson_(North_Dakota),0,0
23793,"Landon Bahl",Landon,,Bahl,,,2,R,1,Rep,HD-017,55499505,205943,,Landon_Bahl,0,0
23796,"Jayme Davis",Jayme,M.,Davis,,,1,D,1,Rep,HD-009,55499487,210278,,Jayme_Davis,385266,0
23798,"Lisa Finley-Deville",Lisa,,Finley-Deville,,,1,D,1,Rep,HD-004,55499473,191737,,Lisa_Finley-DeVille,738003,0
23799,"Kathy Frelich",Kathy,,Frelich,,,2,R,1,Rep,HD-015,55499504,205941,,Kathy_Frelich,0,0
23800,"Donna Henderson",Donna,,Henderson,,,2,R,1,Rep,HD-015,55499490,210280,,Donna_Henderson,806190,0
23801,"Dawson Holle",Dawson,,Holle,,,2,R,1,Rep,HD-031,55499544,205962,,Dawson_Holle,0,0
23802,"Kelby Timmons",Kelby,,Timmons,,,2,R,1,Rep,HD-026,55499530,205955,,Kelby_Timmons,0,0
23803,"Lori VanWinkle",Lori,,VanWinkle,,,2,R,1,Rep,HD-003,55499471,205930,,Lori_VanWinkle,0,0
23804,"Ryan Braunberger",Ryan,,Braunberger,,,1,D,2,Sen,SD-010,55499600,205915,,Ryan_Braunberger,0,0
23806,"Greg Kessel",Greg,,Kessel,,,2,R,2,Sen,SD-039,55499633,205926,,Greg_Kessel,0,0
23807,"Kent Weston",Kent,,Weston,,,2,R,2,Sen,SD-015,55499596,205914,,Kent_Weston,0,0
24960,"Justin Gerhardt",Justin,,Gerhardt,,,2,R,2,Sen,SD-034,0,0,,Justin_Gerhardt,0,0
25628,"Dennis Nehring",Dennis,,Nehring,,,2,R,1,Rep,HD-023,60490533,218294,,Dennis_Nehring,0,0
25681,"Mike Berg",Mike,,Berg,,,2,R,1,Rep,HD-008,55499483,207265,,Mike_Berg_(North_Dakota),0,0
25682,"Macy Bolinske",Macy,,Bolinske,,,2,R,1,Rep,HD-040,59857987,216711,,Macy_Bolinske,0,0
25683,"Collette Brown",Collette,,Brown,,,1,D,1,Rep,HD-009,59858050,205916,,Collette_Brown,0,0
25684,"Nels Christianson",Nels,,Christianson,,,2,R,1,Rep,HD-018,59858009,216696,,Nels_Christianson,0,0
25685,"Ty Dressler",Ty,,Dressler,,,2,R,1,Rep,HD-036,59858118,216708,,Ty_Dressler,0,0
25686,"Austin Foss",Austin,,Foss,,,1,D,1,Rep,HD-044,59857860,216717,,Austin_Foss,0,0
25687,"Karen Grindberg",Karen,James,Grindberg,,,2,R,1,Rep,HD-041,0,220678,,Karen_Grindberg,0,0
25688,"Jared Hendrix",Jared,,Hendrix,,,2,R,1,Rep,HD-010,59857962,216690,,Jared_Hendrix,0,0
25689,"Roger Maki",Roger,,Maki,,,2,R,1,Rep,HD-026,59858034,216701,,Roger_Maki_(North_Dakota),0,0
25690,"Desiree Morton",Desiree,,Morton,,,2,R,1,Rep,HD-046,59857890,216718,,Desiree_Morton,0,0
25691,"Doug Osowski",Doug,,Osowski,,,2,R,1,Rep,HD-042,59858087,216716,,Doug_Osowski,0,0
25692,"Dan Vollmer",Dan,,Vollmer,,,2,R,1,Rep,HD-006,59858029,216661,,Dan_Vollmer,0,0
25693,"Christina Wolff",Christina,,Wolff,,,2,R,1,Rep,HD-038,59858031,216710,,Christina_Wolff,0,0
25694,"Jose Castaneda",Jose,,Castaneda,,,2,R,2,Sen,SD-040,59858134,216649,,Jose_Castaneda_(North_Dakota),0,0
25695,"Mark Enget",Mark,,Enget,,,2,R,2,Sen,SD-002,59858039,216569,,Mark_Enget,0,0
25696,"Michelle Powers",Michelle,,Powers,,,2,R,2,Sen,SD-046,59858125,216654,,Michelle_Powers,0,0
25697,"Desiree Van Oosting",Desiree,,"Van Oosting",,,2,R,2,Sen,SD-036,59858086,216647,,Desiree_Van_Oosting,0,0
25698,"Chuck Walen",Chuck,,Walen,,,2,R,2,Sen,SD-004,59857993,216618,,Chuck_Walen,0,0
26430,"TJ Brown",Timothy,,Brown,,TJ,2,R,1,Rep,HD-027,0,221860,,Timothy_Brown_(North_Dakota),0,0
26615,"Dustin McNally",Dustin,,McNally,,,2,R,1,Rep,HD-042,0,216651,,Dustin_McNally,0,0
