bill_id,roll_call_id,date,chamber,description,yea,nay,nv,absent,total
2087466,1616445,2026-01-22,House,"House Second reading",45,48,0,1,94
2087479,1616444,2026-01-22,House,"House Second reading",93,0,0,1,94
2087493,1616004,2026-01-22,Senate,"Senate Second reading",46,0,0,1,47
2087505,1616029,2026-01-22,Senate,"Senate Second reading",44,2,0,1,47
2087518,1616018,2026-01-22,Senate,"Senate Second reading",46,0,0,1,47
2087531,1616446,2026-01-22,House,"House Second reading, adopted yeas 93 nays 0",93,0,0,1,94
2087543,1616441,2026-01-22,House,"House Second reading",90,2,0,2,94
2087556,1616044,2026-01-22,Senate,"Senate Second reading",46,0,0,1,47
2087569,1616440,2026-01-22,House,"House Second reading",93,0,0,1,94
2087582,1616439,2026-01-22,House,"House Second reading",90,2,0,2,94
2087595,1616442,2026-01-22,House,"House Second reading",55,38,0,1,94
2087606,1616443,2026-01-22,House,"House Second reading",93,0,0,1,94
