bill_id,session_id,bill_number,status,status_desc,status_date,title,description,committee_id,committee,last_action_date,last_action,url,state_link
2087582,2255,HB1621,4,Passed,2026-01-23,"Requiring the presidential physical fitness test in physical education courses in elementary, middle, and high schools and providing exceptions to the test; and to provide an effective date.","AN ACT to amend and reenact subsection 1 of section 15.1-21-01 and section 15.1-21-02 of the North Dakota Century Code, relating to requiring the presidential physical fitness test in physical education courses in elementary, middle, and high schools and providing exceptions to the test; and to provide an effective date.",0,,2026-01-28,"Filed with Secretary Of State 01/23",https://legiscan.com/ND/bill/HB1621/2026/X1,https://ndlegis.gov/assembly/69-2025/special/bill-overview/bo1621.html
2087569,2255,HB1622,4,Passed,2026-01-23,"The requirements of physician assistants privileged to practice under the physician assistant licensure compact; and to provide an effective date.","AN ACT to create and enact chapter 43-17.5 of the North Dakota Century Code, relating to the physician assistant licensure compact; to amend and reenact section 43-17-01, subsection 1 of section 43-17-02.1, and sections 43-17-02.2 and 43-17-46 of the North Dakota Century Code, relating to the requirements of physician assistants privileged to practice under the physician assistant licensure compact; and to provide an effective date.",0,,2026-01-28,"Filed with Secretary Of State 01/23",https://legiscan.com/ND/bill/HB1622/2026/X1,https://ndlegis.gov/assembly/69-2025/special/bill-overview/bo1622.html
2087543,2255,HB1623,4,Passed,2026-01-23,"A rural health loan program under the medical facility infrastructure loan fund; to provide an exemption; to provide for a legislative management report; to provide for application; to provide a report; and to provide an effective date.","AN ACT to provide an appropriation to the department of health and human services for federal rural health transformation program grant funds; to provide an appropriation to the Bank of North Dakota to administer a loan program; to provide for a transfer; to amend and reenact section 6-09-47 of the North Dakota Century Code, relating to a rural health loan program under the medical facility infrastructure loan fund; to provide an exemption; to provide for a legislative management report; to provide for application; to provide a report; and to provide an effective date.",0,,2026-01-28,"Filed with Secretary Of State 01/23",https://legiscan.com/ND/bill/HB1623/2026/X1,https://ndlegis.gov/assembly/69-2025/special/bill-overview/bo1623.html
2087595,2255,HB1624,2,Engrossed,2026-01-22,"Offering school breakfast and lunch at no cost and the school meals fund; to provide an appropriation; to provide for a transfer; and to provide an effective date.","A BILL for an Act to create and enact two new sections to chapter 15.1-07 of the North Dakota Century Code, relating to offering school breakfast and lunch at no cost and the school meals fund; to provide an appropriation; to provide for a transfer; and to provide an effective date.",0,,2026-01-23,"Second reading, failed to pass, yeas 22 nays 24",https://legiscan.com/ND/bill/HB1624/2026/X1,https://ndlegis.gov/assembly/69-2025/special/bill-overview/bo1624.html
2087606,2255,HB1625,4,Passed,2026-01-23,"The sale of the Ray Richards golf course; to provide an appropriation; and to provide an effective date.","AN ACT to amend and reenact section 15-10-64 of the North Dakota Century Code, relating to the sale of the Ray Richards golf course; to provide an appropriation; and to provide an effective date.",0,,2026-01-28,"Filed with Secretary Of State 01/23",https://legiscan.com/ND/bill/HB1625/2026/X1,https://ndlegis.gov/assembly/69-2025/special/bill-overview/bo1625.html
2087479,2255,HB1626,4,Passed,2026-01-23,"Application of the primary residence credit and discount for early payment of tax; and to provide an effective date.","AN ACT to amend and reenact subdivision d of subsection 1 of section 57-02-08.9, section 57-20-09, and subsection 1 of section 57-55-03 of the North Dakota Century Code, relating to application of the primary residence credit and discount for early payment of tax; and to provide an effective date.",0,,2026-01-28,"Filed with Secretary Of State 01/23",https://legiscan.com/ND/bill/HB1626/2026/X1,https://ndlegis.gov/assembly/69-2025/special/bill-overview/bo1626.html
2087466,2255,HB1627,1,Introduced,2026-01-21,"A BILL for an Act to provide an appropriation to the department of public instruction to provide school meals at no cost to eligible students; and to provide an effective date.","A BILL for an Act to provide an appropriation to the department of public instruction to provide school meals at no cost to eligible students; and to provide an effective date.",0,,2026-01-22,"Second reading, failed to pass, yeas 45 nays 48",https://legiscan.com/ND/bill/HB1627/2026/X1,https://ndlegis.gov/assembly/69-2025/special/bill-overview/bo1627.html
2087531,2255,HCR3038,4,Passed,2026-01-23,"A concurrent resolution to recognize and congratulate the Young Men's Christian Association on its 175th anniversary.","A concurrent resolution to recognize and congratulate the Young Men's Christian Association on its 175th anniversary.",0,,2026-01-23,"Filed with Secretary Of State 01/23",https://legiscan.com/ND/bill/HCR3038/2026/X1,https://ndlegis.gov/assembly/69-2025/special/bill-overview/bo3038.html
2087505,2255,SB2401,4,Passed,2026-01-23,"Physician continuing education requirements; to provide a statement of legislative intent; and to provide an effective date.","AN ACT to create and enact a new subdivision to subsection 2 of section 12-60-24 of the North Dakota Century Code, relating to criminal history record checks by the board of occupational therapy practice; to amend and reenact section 43-17-27.1 of the North Dakota Century Code, relating to physician continuing education requirements; to provide a statement of legislative intent; and to provide an effective date.",0,,2026-01-28,"Filed with Secretary Of State 01/23",https://legiscan.com/ND/bill/SB2401/2026/X1,https://ndlegis.gov/assembly/69-2025/special/bill-overview/bo2401.html
2087493,2255,SB2402,4,Passed,2026-01-23,"Approved laboratory tests; and to provide an effective date.","AN ACT to create and enact two new sections to chapter 43-15 and a new subsection to section 43-48-03 of the North Dakota Century Code, relating to the prescriptive authority of pharmacists and therapeutic substitution; to amend and reenact subsection 1 of section 26.1-36.11-01 and section 43-15-01 of the North Dakota Century Code, relating to the scope of practice of pharmacists; to repeal section 43-15-25.3 of the North Dakota Century Code, relating to approved laboratory tests; and to provide an effective date.",0,,2026-01-28,"Filed with Secretary Of State 01/23",https://legiscan.com/ND/bill/SB2402/2026/X1,https://ndlegis.gov/assembly/69-2025/special/bill-overview/bo2402.html
2087556,2255,SB2403,4,Passed,2026-01-23,"A medical facility emergency operating loan program under the medical facility infrastructure loan fund; to provide an appropriation; to provide a transfer; to provide an effective date; and to provide an expiration date.","AN ACT to amend and reenact section 6-09-47 of the North Dakota Century Code, relating to a medical facility emergency operating loan program under the medical facility infrastructure loan fund; to provide an appropriation; to provide a transfer; to provide an effective date; and to provide an expiration date.",0,,2026-01-28,"Filed with Secretary Of State 01/23",https://legiscan.com/ND/bill/SB2403/2026/X1,https://ndlegis.gov/assembly/69-2025/special/bill-overview/bo2403.html
2087518,2255,SB2404,4,Passed,2026-01-23,"AN ACT to provide appropriations to the information technology department and public service commission; to provide contingent loan authorization; and to provide an effective date.","AN ACT to provide appropriations to the information technology department and public service commission; to provide contingent loan authorization; and to provide an effective date.",0,,2026-01-28,"Filed with Secretary Of State 01/23",https://legiscan.com/ND/bill/SB2404/2026/X1,https://ndlegis.gov/assembly/69-2025/special/bill-overview/bo2404.html
