bill_id,date,chamber,sequence,action
2087466,2026-01-21,House,1,"Introduced, first reading, referred to Joint Appropriations"
2087466,2026-01-21,House,2,"Committee Hearing 01:30 (Joint Appropriations)"
2087466,2026-01-21,House,3,"Reported back without recommendation 12 10 1"
2087466,2026-01-22,House,4,"Second reading, failed to pass, yeas 45 nays 48"
2087479,2026-01-21,House,1,"Introduced, first reading, referred to Joint Policy"
2087479,2026-01-21,House,2,"Committee Hearing 02:30 (Joint Policy)"
2087479,2026-01-21,House,3,"Reported back, do pass, place on calendar 14 0 0"
2087479,2026-01-22,House,4,"Second reading, passed, yeas 93 nays 0"
2087479,2026-01-22,Senate,5,"Received from House"
2087479,2026-01-22,Senate,6,"Introduced, first reading, referred to Joint Policy"
2087479,2026-01-22,Senate,7,"Reported back, do pass, place on calendar 13 1 0"
2087479,2026-01-23,Senate,8,"Second reading, passed, yeas 40 nays 6"
2087479,2026-01-23,House,9,"Returned to House"
2087479,2026-01-23,Senate,10,"Signed by President"
2087479,2026-01-23,House,11,"Signed by Speaker"
2087479,2026-01-23,House,12,"Sent to Governor"
2087479,2026-01-23,House,13,"Signed by Governor 01/23"
2087479,2026-01-28,House,14,"Filed with Secretary Of State 01/23"
2087493,2026-01-21,Senate,1,"Introduced, first reading, referred to Joint Policy"
2087493,2026-01-21,Senate,2,"Committee Hearing 01:00 (Joint Policy)"
2087493,2026-01-21,Senate,3,"Reported back amended, do pass, amendment placed on calendar 14 0 0"
2087493,2026-01-22,Senate,4,"Amendment adopted, placed on calendar"
2087493,2026-01-22,Senate,5,"Second reading, passed, yeas 46 nays 0"
2087493,2026-01-22,House,6,"Received from Senate"
2087493,2026-01-22,House,7,"Introduced, first reading, referred to Joint Policy"
2087493,2026-01-22,House,8,"Engrossment placed on calendar 14 0 0"
2087493,2026-01-23,House,9,"Second reading, passed, yeas 91 nays 1"
2087493,2026-01-23,Senate,10,"Returned to Senate"
2087493,2026-01-23,House,11,"Signed by Speaker"
2087493,2026-01-23,Senate,12,"Signed by President"
2087493,2026-01-23,Senate,13,"Sent to Governor"
2087493,2026-01-23,Senate,14,"Signed by Governor 01/23"
2087493,2026-01-28,Senate,15,"Filed with Secretary Of State 01/23"
2087505,2026-01-21,Senate,1,"Introduced, first reading, referred to Joint Policy"
2087505,2026-01-21,Senate,2,"Committee Hearing 10:30 (Joint Policy)"
2087505,2026-01-21,Senate,3,"Committee Hearing 01:00 (Joint Policy)"
2087505,2026-01-21,Senate,4,"Reported back amended, do pass, amendment placed on calendar 12 2 0"
2087505,2026-01-22,Senate,5,"Amendment adopted, placed on calendar"
2087505,2026-01-22,Senate,6,"Second reading, passed, yeas 44 nays 2"
2087505,2026-01-22,House,7,"Received from Senate"
2087505,2026-01-22,House,8,"Introduced, first reading, referred to Joint Policy"
2087505,2026-01-22,House,9,"Engrossment placed on calendar 13 0 1"
2087505,2026-01-23,House,10,"Second reading, passed, yeas 92 nays 0"
2087505,2026-01-23,Senate,11,"Returned to Senate"
2087505,2026-01-23,House,12,"Signed by Speaker"
2087505,2026-01-23,Senate,13,"Signed by President"
2087505,2026-01-23,Senate,14,"Sent to Governor"
2087505,2026-01-23,Senate,15,"Signed by Governor 01/23"
2087505,2026-01-28,Senate,16,"Filed with Secretary Of State 01/23"
2087518,2026-01-21,Senate,1,"Introduced, first reading, referred to Joint Appropriations"
2087518,2026-01-21,Senate,2,"Committee Hearing 03:00 (Joint Appropriations)"
2087518,2026-01-21,Senate,3,"Reported back, do pass, place on calendar 16 0 0"
2087518,2026-01-22,Senate,4,"Second reading, passed, yeas 46 nays 0"
2087518,2026-01-22,House,5,"Received from Senate"
2087518,2026-01-22,House,6,"Introduced, first reading, referred to Joint Appropriations"
2087518,2026-01-22,House,7,"Reported back, do pass, place on calendar 23 0 0"
2087518,2026-01-23,House,8,"Second reading, passed, yeas 92 nays 0"
2087518,2026-01-23,Senate,9,"Returned to Senate"
2087518,2026-01-23,House,10,"Signed by Speaker"
2087518,2026-01-23,Senate,11,"Signed by President"
2087518,2026-01-23,Senate,12,"Sent to Governor"
2087518,2026-01-23,Senate,13,"Signed by Governor 01/23"
2087518,2026-01-28,Senate,14,"Filed with Secretary Of State 01/23"
2087531,2026-01-21,House,1,"Introduced, first reading, referred to Joint Policy"
2087531,2026-01-21,House,2,"Committee Hearing 03:00 (Joint Policy)"
2087531,2026-01-21,House,3,"Reported back, do pass, place on calendar 14 0 0"
2087531,2026-01-22,House,4,"Second reading, adopted yeas 93 nays 0"
2087531,2026-01-22,Senate,5,"Received from House"
2087531,2026-01-22,Senate,6,"Introduced, first reading, referred to Joint Policy"
2087531,2026-01-22,Senate,7,"Reported back, do pass, place on calendar 14 0 0"
2087531,2026-01-23,Senate,8,"Second reading, adopted"
2087531,2026-01-23,House,9,"Returned to House"
2087531,2026-01-23,Senate,10,"Signed by President"
2087531,2026-01-23,House,11,"Signed by Speaker"
2087531,2026-01-23,House,12,"Filed with Secretary Of State 01/23"
2087543,2026-01-21,House,1,"Introduced, first reading, referred to Joint Appropriations"
2087543,2026-01-21,House,2,"Committee Hearing 10:30 (Joint Appropriations)"
2087543,2026-01-21,House,3,"Reported back amended, do pass, amendment placed on calendar 22 0 1"
2087543,2026-01-22,House,4,"Amendment adopted, placed on calendar"
2087543,2026-01-22,House,5,"Second reading, passed, yeas 90 nays 2"
2087543,2026-01-22,Senate,6,"Received from House"
2087543,2026-01-22,Senate,7,"Introduced, first reading, referred to Joint Appropriations"
2087543,2026-01-22,Senate,8,"Engrossment placed on calendar 14 0 2"
2087543,2026-01-23,Senate,9,"Second reading, passed, yeas 46 nays 0"
2087543,2026-01-23,House,10,"Returned to House"
2087543,2026-01-23,Senate,11,"Signed by President"
2087543,2026-01-23,House,12,"Signed by Speaker"
2087543,2026-01-23,House,13,"Sent to Governor"
2087543,2026-01-23,House,14,"Signed by Governor 01/23"
2087543,2026-01-28,House,15,"Filed with Secretary Of State 01/23"
2087556,2026-01-21,Senate,1,"Introduced, first reading, referred to Joint Appropriations"
2087556,2026-01-21,Senate,2,"Committee Hearing 02:30 (Joint Appropriations)"
2087556,2026-01-22,Senate,3,"Reported back amended, do pass, amendment placed on calendar 15 0 1"
2087556,2026-01-22,Senate,4,"Amendment adopted, placed on calendar"
2087556,2026-01-22,Senate,5,"Second reading, passed, yeas 46 nays 0"
2087556,2026-01-22,House,6,"Received from Senate"
2087556,2026-01-22,House,7,"Introduced, first reading, referred to Joint Appropriations"
2087556,2026-01-22,House,8,"Engrossment placed on calendar 22 0 1"
2087556,2026-01-23,House,9,"Second reading, passed, yeas 80 nays 12"
2087556,2026-01-23,Senate,10,"Returned to Senate"
2087556,2026-01-23,House,11,"Signed by Speaker"
2087556,2026-01-23,Senate,12,"Signed by President"
2087556,2026-01-23,Senate,13,"Sent to Governor"
2087556,2026-01-23,Senate,14,"Signed by Governor 01/23"
2087556,2026-01-28,Senate,15,"Filed with Secretary Of State 01/23"
2087569,2026-01-21,House,1,"Introduced, first reading, referred to Joint Policy"
2087569,2026-01-21,House,2,"Committee Hearing 11:30 (Joint Policy)"
2087569,2026-01-21,House,3,"Committee Hearing 01:00 (Joint Policy)"
2087569,2026-01-21,House,4,"Reported back, do pass, place on calendar 13 0 1"
2087569,2026-01-22,House,5,"Second reading, passed, yeas 93 nays 0"
2087569,2026-01-22,Senate,6,"Received from House"
2087569,2026-01-22,Senate,7,"Introduced, first reading, referred to Joint Policy"
2087569,2026-01-22,Senate,8,"Reported back, do pass, placed on calendar 14 0 0"
2087569,2026-01-23,Senate,9,"Second reading, passed, yeas 46 nays 0"
2087569,2026-01-23,House,10,"Returned to House"
2087569,2026-01-23,Senate,11,"Signed by President"
2087569,2026-01-23,House,12,"Signed by Speaker"
2087569,2026-01-23,House,13,"Sent to Governor"
2087569,2026-01-23,House,14,"Signed by Governor 01/23"
2087569,2026-01-28,House,15,"Filed with Secretary Of State 01/23"
2087582,2026-01-21,House,1,"Introduced, first reading, referred to Joint Policy"
2087582,2026-01-21,House,2,"Committee Hearing 11:00 (Joint Policy)"
2087582,2026-01-21,House,3,"Committee Hearing 01:00 (Joint Policy)"
2087582,2026-01-21,House,4,"Reported back amended, do pass, amendment placed on calendar 12 1 1"
2087582,2026-01-22,House,5,"Amendment adopted, placed on calendar"
2087582,2026-01-22,House,6,"Second reading, passed, yeas 90 nays 2"
2087582,2026-01-22,Senate,7,"Received from House"
2087582,2026-01-22,Senate,8,"Introduced, first reading, referred to Joint Policy"
2087582,2026-01-22,Senate,9,"Engrossment placed on calendar 12 2 0"
2087582,2026-01-23,Senate,10,"Second reading, passed, yeas 43 nays 3"
2087582,2026-01-23,House,11,"Returned to House"
2087582,2026-01-23,Senate,12,"Signed by President"
2087582,2026-01-23,House,13,"Signed by Speaker"
2087582,2026-01-23,House,14,"Sent to Governor"
2087582,2026-01-23,House,15,"Signed by Governor 01/23"
2087582,2026-01-28,House,16,"Filed with Secretary Of State 01/23"
2087595,2026-01-21,House,1,"Introduced, first reading, referred to Joint Appropriations"
2087595,2026-01-21,House,2,"Committee Hearing 12:30 (Joint Appropriations)"
2087595,2026-01-21,House,3,"Reported back amended, do pass, amendment placed on calendar 17 5 1"
2087595,2026-01-22,House,4,"Amendment adopted, placed on calendar"
2087595,2026-01-22,House,5,"Second reading, passed, yeas 55 nays 38"
2087595,2026-01-22,Senate,6,"Received from House"
2087595,2026-01-22,Senate,7,"Introduced, first reading, referred to Joint Appropriations"
2087595,2026-01-22,Senate,8,"Engrossment placed on calendar 8 7 1"
2087595,2026-01-23,Senate,9,"Amendment proposed on floor"
2087595,2026-01-23,Senate,10,"Amendment failed"
2087595,2026-01-23,Senate,11,"Second reading, failed to pass, yeas 22 nays 24"
2087606,2026-01-21,House,1,"Introduced, first reading, referred to Joint Appropriations"
2087606,2026-01-21,House,2,"Committee Hearing 03:30 (Joint Appropriations)"
2087606,2026-01-21,House,3,"Reported back, do pass, place on calendar 22 0 1"
2087606,2026-01-22,House,4,"Second reading, passed, yeas 93 nays 0"
2087606,2026-01-22,Senate,5,"Received from House"
2087606,2026-01-22,Senate,6,"Introduced, first reading, referred to Joint Appropriations"
2087606,2026-01-22,Senate,7,"Reported back, do pass, place on calendar 16 0 0"
2087606,2026-01-23,Senate,8,"Second reading, passed, yeas 46 nays 0"
2087606,2026-01-23,House,9,"Returned to House"
2087606,2026-01-23,Senate,10,"Signed by President"
2087606,2026-01-23,House,11,"Signed by Speaker"
2087606,2026-01-23,House,12,"Sent to Governor"
2087606,2026-01-23,House,13,"Signed by Governor 01/23"
2087606,2026-01-28,House,14,"Filed with Secretary Of State 01/23"
