bill_id,roll_call_id,date,chamber,description,yea,nay,nv,absent,total
1956588,1602699,2025-02-06,House,"House  Amendment 6 rejected - 26 YEAS to 126 NAYS",26,126,0,7,159
1956588,1602700,2025-02-06,House,"House Amendment 8 rejected - 26 YEAS to 126 NAYS",26,126,0,7,159
1956588,1602701,2025-02-06,House,"House  Amendment 16 rejected - 26 YEAS to 126 NAYS",26,126,0,7,159
1956588,1602702,2025-02-06,House,"House  Amendment 18 rejected - 25 YEAS to 127 NAYS",25,127,0,7,159
1956588,1602703,2025-02-06,House,"House  Decision of the Chair stands - 128 YEAS to 24 NAYS",128,24,0,7,159
1956588,1602704,2025-02-06,House,"House  Decision of the Chair stands - 128 YEAS to 24 NAYS",128,24,0,7,159
1956588,1602705,2025-02-06,House,"House  Amendment 27 adopted, as changed - 127 YEAS to 25 NAYS",127,25,0,7,159
1956588,1602706,2025-02-06,House,"House  Amendment 24 adopted, as changed - 152 YEAS to 0 NAYS",152,0,0,7,159
1956588,1602707,2025-02-06,House,"House  Amendment 15 adopted, as changed - 152 YEAS to 0 NAYS",152,0,0,7,159
1956588,1602708,2025-02-06,House,"House  Amendment 9 adopted, as changed - 152 YEAS to 0 NAYS",152,0,0,7,159
1959228,1602709,2025-02-12,Senate,"Senate  Amendment #2",5,33,0,1,39
1959228,1602710,2025-02-12,Senate,"Senate  Amendment #9",6,32,0,1,39
1959228,1602711,2025-02-12,Senate,"Senate  Amendment #10",5,33,0,1,39
1959228,1602712,2025-02-12,Senate,"Senate  Amendment #13",6,32,0,1,39
1959228,1602713,2025-02-12,Senate,"Senate  Amendment #22",9,29,0,1,39
1959228,1602714,2025-02-12,Senate,"Senate  Amendment #26",38,0,0,1,39
1959228,1602715,2025-02-12,Senate,"Senate  Amendment #29",6,32,0,1,39
1959766,1602716,2025-02-13,Senate,"Senate  Amendment #35",5,32,0,2,39
1959766,1602717,2025-02-13,Senate,"Senate  Amendment #36",6,31,0,2,39
1959766,1602718,2025-02-13,Senate,"Senate  Amendment #3",5,33,0,1,39
1959766,1602719,2025-02-13,Senate,"Senate  Amendment #10",6,32,0,1,39
1959766,1602720,2025-02-13,Senate,"Senate  Amendment #19",6,31,0,2,39
1959766,1602721,2025-02-13,Senate,"Senate  Amendment #25",6,32,0,1,39
1962802,1602722,2025-02-06,House,"House  Passed to be engrossed - 126 YEAS to 26 NAYS",126,26,0,7,159
1962802,1602723,2025-02-12,Senate,"Senate  Passed to be engrossed -  Roll Call #16",33,6,0,1,40
1962802,1602724,2025-02-25,House,"House  House concurred in the Senate amendment with a further amendment, see text of House document numbered 61 - 128 YEAS to 23 NAYS",128,23,0,7,158
1962802,1602725,2025-02-26,House,"House  Enacted - 127 YEAS to 23 NAYS",127,23,0,8,158
1962802,1602726,2025-02-26,Senate,"Senate  Enacted  Roll Call #25",32,7,0,0,39
1964103,1602727,2025-02-12,Senate,"Senate  Amendment #1",38,0,0,1,39
1964103,1602728,2025-02-12,Senate,"Senate  Amendment #3",38,0,0,1,39
1964103,1602729,2025-02-12,Senate,"Senate  Amendment #7",8,30,0,1,39
1964103,1602730,2025-02-12,Senate,"Senate  Amendment #14",12,26,0,1,39
1964103,1602731,2025-02-12,Senate,"Senate  Amendment #18",6,32,0,1,39
1964103,1602732,2025-02-12,Senate,"Senate  Amendment #21",10,28,0,1,39
1964103,1602733,2025-02-12,Senate,"Senate  Amendment #66",6,32,0,1,39
1975654,1602734,2025-02-13,Senate,"Senate  Report accepted, as amended -  Roll Call #24",39,0,0,1,40
1981418,1602735,2025-02-25,House,"House  Amendment 18 rejected - 23 YEAS to 128 NAYS",23,128,0,7,158
1981418,1602736,2025-02-25,House,"House  Amendment 17 rejected - 24 YEAS to 127 NAYS",24,127,0,7,158
1981418,1602737,2025-02-25,House,"House  Amendment 2 rejected - 23 YEAS to 128 NAYS",23,128,0,7,158
1981418,1602738,2025-02-25,House,"House  Amendment 3 rejected - 23 YEAS to 128 NAYS",23,128,0,7,158
1981565,1602739,2025-02-25,House,"House  Amendment 2 rejected - 23 YEAS to 128 NAYS",23,128,0,7,158
1981565,1602740,2025-02-25,House,"House  Amendment 3 rejected - 23 YEAS to 128 NAYS",23,128,0,7,158
1981565,1602741,2025-02-25,House,"House  Amendment 4 rejected - 23 YEAS to 128 NAYS",23,128,0,7,158
1981565,1602742,2025-02-25,House,"House  Amendment 5 rejected - 23 YEAS to 128 NAYS",23,128,0,7,158
1981565,1602743,2025-02-25,House,"House  Amendment 6 rejected - 23 YEAS to 128 NAYS",23,128,0,7,158
1981565,1602744,2025-02-25,House,"House  Amendment 7 rejected - 23 YEAS to 128 NAYS",23,128,0,7,158
1981565,1602745,2025-02-25,House,"House  Order adopted - 128 YEAS to 23 NAYS",128,23,0,7,158
1985505,1602746,2025-02-25,House,"House  Order adopted - 128 YEAS to 23 NAYS",128,23,0,7,158
1997851,1614271,2026-01-15,Senate,"Senate  Passed to be engrossed  Roll Call #119",38,0,0,1,39
2021035,1602747,2025-04-09,House,"House Consolidated amendment A adopted - 151 YEAS to 4 NAYS",151,4,0,3,158
2021035,1602748,2025-04-09,House,"House Amendment 10 rejected - 25 YEAS to 129 NAYS",25,129,0,4,158
2021035,1602749,2025-04-09,House,"House Consolidated amendment B adopted - 134 YEAS to 20 NAYS",134,20,0,4,158
2021035,1602750,2025-04-09,House,"House Passed to be engrossed - 140 YEAS to 14 NAYS",140,14,0,4,158
2022716,1602751,2025-04-09,House,"House Passed to be engrossed - 140 YEAS to 14 NAYS",140,14,0,4,158
2022716,1602752,2025-05-08,Senate,"Senate  Passed to be engrossed  Roll Call #26",40,0,0,0,40
2024637,1602753,0000-00-00,House,"House Social Services and Veteran Services and Soldiers' Homes) adopted - 157 YEAS to 0 NAYS",157,0,0,1,158
2024637,1602754,0000-00-00,House,"House Aging and Independence) adopted - 144 YEAS to 12 NAYS",144,12,1,1,158
2024637,1602755,0000-00-00,House,"House adopted - 154 YEAS to 2 NAYS",154,2,0,2,158
2024637,1602756,0000-00-00,House,"House Administration and Transportation) adopted - 154 YEAS to 3 NAYS",154,3,0,1,158
2024637,1602757,0000-00-00,House,"House adopted - 154 YEAS to 3 NAYS",154,3,0,1,158
2024637,1602758,0000-00-00,House,"House adopted - 154 YEAS to 3 NAYS",154,3,0,1,158
2024637,1602759,2025-04-28,House,"House Amendment 556 rejected - 25 YEAS to 132 NAYS",25,132,0,1,158
2024637,1602760,2025-04-28,House,"House Ordered to a third reading - 154 YEAS to 3 NAYS",154,3,0,1,158
2024637,1602761,2025-04-29,House,"House Amendment 616 rejected - 26 YEAS to 130 NAYS",26,130,0,2,158
2024637,1602762,2025-04-29,House,"House Amendment 1643 rejected - 26 YEAS to 130 NAYS",26,130,0,2,158
2024637,1602763,2025-04-29,House,"House Amendment 554 rejected - 25 YEAS to 131 NAYS",25,131,0,2,158
2024637,1602764,2025-04-29,House,"House Amendment 417 rejected - 27 YEAS to 129 NAYS",27,129,0,2,158
2024637,1602765,2025-04-29,House,"House Amendment 606 rejected - 27 YEAS to 129 NAYS",28,128,0,2,158
2024637,1602766,2025-04-29,House,"House Amendment 311 rejected - 30 YEAS to 126 NAYS",30,126,0,2,158
2024637,1602767,2025-04-29,House,"House  Consolidated amendment D",134,21,1,2,158
2024637,1602768,2025-04-29,House,"House  Amendment 409 rejected - 25 YEAS to 131 NAYS",25,131,0,2,158
2024637,1602769,2025-04-30,House,"House Decision of the Chair sustained on appeal - 132 YEAS to 25 NAYS",132,25,0,1,158
2024637,1602770,2025-04-30,House,"House Amendment 404 rejected - 21 YEAS to 136 NAYS",21,136,0,1,158
2028594,1602771,2025-04-30,House,"House Passed to be engrossed - 151 YEAS to 6 NAYS",151,6,0,1,158
2028594,1602772,2025-05-22,Senate,"Senate  Passed to be engrossed  Roll Call #48",38,2,0,0,40
2029035,1602773,2025-05-20,Senate,"Senate  Amendment #249",40,0,0,0,40
2029035,1602774,2025-05-20,Senate,"Senate  Amendment #452",39,0,0,0,39
2029035,1602775,2025-05-20,Senate,"Senate  Amendment #543",39,0,0,0,39
2029035,1602776,2025-05-20,Senate,"Senate  Amendment #493",39,0,0,0,39
2029035,1602777,2025-05-20,Senate,"Senate  Amendment #459",39,0,0,0,39
2029035,1602778,2025-05-20,Senate,"Senate  Amendment #693",39,0,0,0,39
2029035,1602779,2025-05-21,Senate,"Senate  Amendment #541",34,5,0,0,39
2029035,1602780,2025-05-21,Senate,"Senate  Amendment #803",40,0,0,0,40
2029035,1602781,2025-05-21,Senate,"Senate  Amendment #476",39,0,0,0,39
2029035,1602782,2025-05-21,Senate,"Senate  Amendment #508",39,0,0,0,39
2029035,1602783,2025-05-21,Senate,"Senate  Amendment #491",39,0,0,0,39
2029035,1602784,2025-05-21,Senate,"Senate  Amendment #524",39,0,0,0,39
2029035,1602785,2025-05-21,Senate,"Senate  Amendment #574",39,0,0,0,39
2029035,1602786,2025-05-21,Senate,"Senate  Amendment #324",39,0,0,0,39
2029035,1602787,2025-05-22,Senate,"Senate  Amendment #786",39,0,0,0,39
2029035,1602788,2025-05-22,Senate,"Senate  Amendment #924",12,28,0,0,40
2029035,1602789,2025-05-22,Senate,"Senate  Amendment #13",5,34,0,0,39
2029035,1602790,2025-05-22,Senate,"Senate  Amendment #96",5,34,0,0,39
2029035,1602791,2025-05-22,Senate,"Senate  Amendment #263",5,34,0,0,39
2029035,1602792,2025-05-22,Senate,"Senate  Amendment #373",9,30,0,0,39
2029035,1602793,2025-05-22,Senate,"Senate  Amendment #756",5,34,0,0,39
2032646,1602794,2025-05-21,House,"House Amendment 61 adopted - 150 YEAS to 1 NAYS",150,1,0,8,159
2032646,1602795,2025-05-21,House,"House Amendment 27 adopted, as changed 151 YEAS to 0 NAYS",151,0,0,8,159
2032646,1602796,2025-05-21,House,"House Consolidated amendment A adopted - 149 YEAS to 1 NAYS",149,1,0,9,159
2033170,1602797,2025-05-21,House,"House Passed to be engrossed - 149 YEAS to 1 NAYS",149,1,0,9,159
2033937,1602798,2025-05-29,Senate,"Senate  Passed to be engrossed  Roll Call #49",39,0,0,0,39
2035231,1602799,2025-06-04,House,"House Amendment 29 adopted - 153 YEAS to 0 NAYS",153,0,0,6,159
2035231,1602800,2025-06-04,House,"House Amendment 36 adopted, as changed - 154 YEAS to 0 NAYS",154,0,0,5,159
2035785,1602801,2025-06-04,House,"House Passed to be engrossed - 153 YEAS to 0 NAYS",153,0,0,6,159
2035785,1609682,2025-11-19,Senate,"Senate  Passed to be engrossed  Roll Call #116",30,7,0,1,38
2037104,1602802,2025-06-18,Senate,"Senate  Amendment #25",5,34,0,0,39
2037104,1602803,2025-06-18,Senate,"Senate  Amendment #24",6,33,0,0,39
2037397,1602804,2025-06-18,Senate,"Senate  Enacted  Roll Call #52",40,0,0,0,40
2037397,1602805,2025-06-18,House,"House Committee of conference report accepted - 150 YEAS to 3 NAYS",150,3,0,6,159
2037397,1602806,2025-06-18,House,"House Enacted - 148 YEAS to 4 NAYS",148,4,0,7,159
2037599,1602807,2025-06-26,Senate,"Senate  Amendment #6",39,0,0,0,39
2037599,1602808,2025-06-26,Senate,"Senate  Amendment #21",5,34,0,0,39
2037818,1602809,2025-06-18,Senate,"Senate  Passed to be engrossed  Roll Call #53",38,2,0,0,40
2037894,1602810,2025-06-26,Senate,"Senate  Committee of conference report accepted  Roll Call #54",40,0,0,0,40
2037894,1602811,2025-06-26,House,"House  Committee of conference report accepted, in concurrence - 147 YEAS to 2 NAYS",147,2,0,10,159
2038208,1602812,2025-06-30,House,"House Passed to be engrossed - 143 YEAS to 1 NAYS",143,1,0,15,159
2038208,1602813,2025-06-30,House,"House Enacted - 144 YEAS to 1 NAYS",144,1,0,14,159
2038620,1602814,2025-06-30,Senate,"Senate  Committee of conference report accepted, in concurrence  Roll Call #58",38,2,0,0,40
2038620,1602815,2025-06-30,House,"House Committee of conference report accepted - 139 YEAS to 6 NAYS",139,6,0,14,159
2038620,1602816,2025-06-30,House,"House Enacted - 139 YEAS to 6 NAYS",139,6,0,14,159
2038620,1603811,2025-10-08,House,"House  Item 1231-1000 passed over veto - 143 YEAS to 11 NAYS",143,11,0,5,159
2038620,1603812,2025-10-08,House,"House  Item 2810-0100 passed over veto - 151 YEAS to 3 NAYS",151,3,0,6,160
2038620,1603813,2025-10-08,House,"House  Item 4000-0051 passed over veto - 133 YEAS to 22 NAYS",133,22,0,5,160
2038620,1603814,2025-10-08,House,"House  Item 4000-0641 passed over veto - 155 YEAS to 0 NAYS",155,0,0,5,160
2038620,1603815,2025-10-08,House,"House  Item 4110-1000 passed over veto - 155 YEAS to 0 NAYS",155,0,0,5,160
2038620,1603816,2025-10-08,House,"House  Item 4512-0200 passed over veto - 147 YEAS to 8 NAYS",147,8,0,5,160
2038620,1603817,2025-10-08,House,"House  Item 4513-1020 passed over veto - 139 YEAS to 16 NAYS",139,16,0,5,160
2038620,1603818,2025-10-08,House,"House  Item 7002-1091 passed over veto - 142 YEAS to 13 NAYS",142,13,0,5,160
2038620,1603819,2025-10-08,House,"House  Item 7003-0606 passed over veto - 132 YEAS to 14 NAYS",141,14,0,5,160
2038620,1603820,2025-10-08,House,"House  Item 7004-0109 passed over veto - 131 YEAS to 24 NAYS",131,24,0,5,160
2038620,1603821,2025-10-08,House,"House  Item 7004-3036 passed over veto - 131 YEAS to 24 NAYS",131,24,0,5,160
2038620,1603822,2025-10-08,House,"House  Item 7007-0150 passed over veto - 153 YEAS to 2 NAYS",153,2,0,5,160
2038620,1603823,2025-10-08,House,"House  Item 7061-9010 passed over veto - 155 YEAS to 0 NAYS",155,0,0,5,160
2038620,1603824,2025-10-08,House,"House  Item 7077-0023 passed over veto - 148 YEAS to 7 NAYS",148,7,0,5,160
2038620,1604098,2025-10-08,House,"House  Item 0330-0300 passed over veto - 132 YEAS to 23 NAYS",132,23,0,5,160
2038620,1604171,2025-10-23,Senate,"Senate  Item 0330-0300 passed over veto  Roll Call #75",35,3,0,0,38
2038620,1604172,2025-10-23,Senate,"Senate  Item 1231-1000 passed over veto  Roll Call #76",38,0,0,0,38
2038620,1604173,2025-10-23,Senate,"Senate  Item 2810-0100 passed over veto  Roll Call #77",37,1,0,0,38
2038620,1604174,2025-10-23,Senate,"Senate  Item 4000-0051 passed over veto  Roll Call #78",35,3,0,0,38
2038620,1604175,2025-10-23,Senate,"Senate  Item 4000-0641 passed over veto  Roll Call #79",38,0,0,0,38
2038620,1604176,2025-10-23,Senate,"Senate  Item 4110-1000 passed over veto  Roll Call #80",38,0,0,0,38
2038620,1604177,2025-10-23,Senate,"Senate  Item 4512-0200 passed over veto  Roll Call #81",38,0,0,0,38
2038620,1604178,2025-10-23,Senate,"Senate  Item 4513-1020 passed over veto  Roll Call #82",38,0,0,0,38
2038620,1604179,2025-10-23,Senate,"Senate  Item 7002-1091 passed over veto  Roll Call #83",37,1,0,0,38
2038620,1604180,2025-10-23,Senate,"Senate  Item 7003-0606 passed over veto  Roll Call #84",36,2,0,0,38
2038620,1604181,2025-10-23,Senate,"Senate  Item 7004-0109 passed over veto  Roll Call #85",33,5,0,0,38
2038620,1604182,2025-10-23,Senate,"Senate  Item 7004-3036 passed over veto  Roll Call #86",34,4,0,0,38
2038620,1604183,2025-10-23,Senate,"Senate  Item 7007-0150 passed over veto  Roll Call #87",38,0,0,0,38
2038620,1604184,2025-10-23,Senate,"Senate  Item 7061-9010 passed over veto  Roll Call #88",38,0,0,0,38
2038620,1604185,2025-10-23,Senate,"Senate  Item 7077-0023 passed over veto  Roll Call #89",38,0,0,0,38
2038714,1602817,2025-07-16,House,"House  Amendment 8 rejected - 30 YEAS to 129 NAYS",30,129,0,1,160
2038714,1602818,2025-07-16,House,"House  Amendment 6 adopted, as changed - 130 YEAS to 29 NAYS",130,29,0,1,160
2038714,1602819,2025-07-16,House,"House  Passed to be engrossed - 136 YEAS to 23 NAYS",136,23,0,1,160
2038714,1602820,2025-07-31,Senate,"Senate  Enacted  Roll Call #68",37,3,0,0,40
2038714,1602821,2025-07-31,House,"House  House concurred in the Senate amendment - 132 YEAS to 24 NAYS",132,24,0,4,160
2038714,1602822,2025-07-31,House,"House  Enacted - 132 YEAS to 24 NAYS",132,24,0,4,160
2039130,1602823,2025-07-17,Senate,"Senate  Passed to be engrossed  Roll Call #59",39,0,0,0,39
2039724,1602824,2025-07-24,Senate,"Senate  Amendment #1",39,0,0,0,39
2039724,1602825,2025-07-24,Senate,"Senate  Amendment #2",5,34,0,0,39
2039869,1602826,2025-07-17,Senate,"Senate  Passed to be engrossed  Roll Call #60",39,0,0,0,39
2040165,1602827,2025-07-23,House,"House  Passed to be engrossed - 156 YEAS to 0 NAYS",156,0,0,4,160
2040165,1602828,2025-07-31,Senate,"Senate  Enacted  Roll Call #67",39,0,0,0,39
2040165,1602829,2025-07-31,House,"House  Enacted - 156 YEAS to 0 NAYS",156,0,0,4,160
2040603,1602830,2025-07-24,Senate,"Senate  Passed to be engrossed -  Roll Call #61",40,0,0,0,40
2040603,1609087,2025-11-05,House,"House  Passed to be engrossed - 154 YEAS to 0 NAYS",154,0,0,6,160
2040608,1602831,2025-07-24,Senate,"Senate  Passed to be engrossed -  Roll Call #65",39,0,0,0,39
2040614,1602832,2025-07-24,Senate,"Senate  Passed to be engrossed -  Roll Call #62",40,0,0,0,40
2040726,1609649,2025-11-19,House,"House  Enacted - 156 YEAS to 0 NAYS",156,0,0,4,160
2040726,1609710,2025-11-19,Senate,"Senate  Enacted  Roll Call #115",37,0,0,1,38
2040733,1602833,2025-07-30,House,"House  Passed to be engrossed - 158 YEAS to 0 NAYS",158,0,0,2,160
2040741,1602834,2025-07-30,House,"House  Passed to be engrossed - 158 YEAS to 0 NAYS",158,0,0,2,160
2040877,1602835,2025-07-31,House,"House  Committee of conference report accepted, in concurrence - 150 YEAS to 6 NAYS",150,6,0,4,160
2041015,1609638,2025-11-19,Senate,"Senate  Enacted  Roll Call #108",37,0,0,1,38
2041015,1609639,2025-11-19,House,"House  Enacted - 158 YEAS to 0 NAYS",156,0,0,4,160
2043674,1602856,2025-09-18,Senate,"Senate  Passed to be engrossed  Roll Call #69",39,0,0,0,39
2044124,1602838,2025-09-17,House,"House  Passed to be engrossed - 148 YEAS to 1 NAYS",148,1,0,11,160
2044124,1602858,2025-09-18,Senate,"Senate  Passed to be engrossed  Roll Call #70",39,0,0,0,39
2044504,1603114,2025-09-25,Senate,"Senate  Passed to be engrossed  Roll Call #71",40,0,0,0,40
2045124,1603116,2025-09-25,Senate,"Senate  Passed to be engrossed  Roll Call #71",40,0,0,0,40
2046124,1603969,2025-10-16,Senate,"Senate  Passed to be engrossed  Roll Call #74",39,0,0,0,39
2046130,1603968,2025-10-16,Senate,"Senate  Passed to be engrossed  Roll Call #72",39,0,0,0,39
2046133,1603966,2025-10-16,Senate,"Senate  Passed to be engrossed  Roll Call #73",39,0,0,0,39
2046264,1603956,2025-10-15,House,"House  Amendment 70 adopted, as changed - 147 YEAS to 8 NAYS",146,8,0,6,160
2046264,1603957,2025-10-15,House,"House  Consolidated amendment A adopted - 144 YEAS to 11 NAYS",144,11,0,5,160
2046264,1603958,2025-10-15,House,"House  Consolidated amendment B adopted - 151 YEAS to 4 NAYS",151,4,0,5,160
2046264,1603959,2025-10-15,House,"House  Passed to be engrossed - 141 YEAS to 14 NAYS",141,14,0,5,160
2046700,1603965,2025-10-15,House,"House  Passed to be engrossed - 141 YEAS to 14 NAYS",141,14,0,5,160
2046700,1604187,2025-10-23,Senate,"Senate  Passed to be engrossed  Roll Call #93",39,0,0,0,39
2046766,1603972,2025-10-16,Senate,"Senate  Passed to be engrossed -  Roll Call #74",39,0,0,0,39
2047063,1604149,2025-10-22,House,"House  Amendment 17 adopted, as changed - 159 YEAS to 1 NAYS",159,1,0,0,160
2047063,1604150,2025-10-22,House,"House  Amendment 5 adopted, as changed - 160 YEAS to 0 NAYS",160,0,0,0,160
2047063,1604151,2025-10-22,House,"House  Passed to be engrossed - 159 YEAS to 1 NAYS",159,1,0,0,160
2047077,1604188,2025-10-23,Senate,"Senate  Amendment #89",5,33,0,0,38
2047077,1604189,2025-10-23,Senate,"Senate  Amendment #3",38,0,0,0,38
2047077,1604190,2025-10-23,Senate,"Senate  Amendment #2",38,0,0,0,38
2047084,1604117,2025-10-22,House,"House  Passed to be engrossed - 160 YEAS to 0 NAYS",160,0,0,0,160
2047084,1609305,2025-11-13,Senate,"Senate  Passed to be engrossed  Roll Call #98",38,0,0,1,39
2047255,1604163,2025-10-22,House,"House  Passed to be engrossed - 159 YEAS to 1 NAYS",159,1,0,0,160
2047557,1608171,2025-10-29,House,"House  Passed to be engrossed - 155 YEAS to 0 NAYS",155,0,0,5,160
2047572,1604373,2025-10-29,House,"House  Passed to be engrossed - 155 YEAS to 0 NAYS",155,0,0,5,160
2047587,1604382,2025-10-29,House,"House  Amendment 6 rejected - 23 YEAS to 131 NAYS",23,131,0,6,160
2047587,1604383,2025-10-29,House,"House  Amendment 9 adopted, as changed - 140 YEAS to 15 NAYS",140,15,0,5,160
2047587,1604384,2025-10-29,House,"House  Amendment 8 adopted, as changed - 133 YEAS to 22 NAYS",133,22,0,5,160
2047587,1604385,2025-10-29,House,"House  Amendment 10 adopted, as changed - 133 YEAS to 22 NAYS",133,22,0,5,160
2047587,1604386,2025-10-29,House,"House  Amendment 12 adopted, as changed - 155 YEAS to 0 NAYS",155,0,0,5,160
2047587,1604387,2025-10-29,House,"House  Passed to be engrossed - 155 YEAS to 0 NAYS",155,0,0,5,160
2051103,1609131,2025-11-06,Senate,"Senate  Passed to be engrossed  Roll Call #94",39,0,0,0,39
2051147,1608957,2025-10-29,House,"House  Passed to be engrossed - 155 YEAS to 0 NAYS",155,0,0,5,160
2051155,1609129,2025-11-06,Senate,"Senate  Amendment #4",38,0,0,0,38
2051155,1609130,2025-11-06,Senate,"Senate  Passed to be engrossed  Roll Call #96",38,0,0,0,38
2051177,1609635,2025-11-19,Senate,"Senate  Amendment #1",5,33,0,1,39
2051177,1609636,2025-11-19,Senate,"Senate  Adopted  Roll Call #106",34,4,0,1,39
2051177,1609637,2025-11-19,House,"House  Resolutions adopted - 155 YEAS to 3 NAYS",155,3,0,2,160
2051505,1609055,2025-11-05,House,"House  Amendment 5 adopted, as changed - 154 YEAS to 0 NAYS",154,0,0,6,160
2051505,1609056,2025-11-05,House,"House  Passed to be engrossed - 153 YEAS to 0 NAYS",153,1,0,6,160
2051836,1609306,2025-11-13,Senate,"Senate  Amendment #4",37,0,0,1,38
2051836,1609307,2025-11-13,Senate,"Senate  Amendment #8",6,32,0,1,39
2051836,1609308,2025-11-13,Senate,"Senate  Amendment #10",7,30,0,1,38
2051836,1609309,2025-11-13,Senate,"Senate  Amendment #13",5,32,0,1,38
2051836,1609310,2025-11-13,Senate,"Senate  Amendment #16",5,32,0,1,38
2051836,1609311,2025-11-13,Senate,"Senate  Passed to be engrossed  Roll Call #104",35,3,0,1,39
2051939,1609133,2025-11-06,Senate,"Senate  Passed to be engrossed  Roll Call #96",38,0,0,0,38
2051956,1609134,2025-11-06,Senate,"Senate  Passed to be engrossed  Roll Call #94",39,0,0,0,39
2052107,1609274,2025-11-13,Senate,"Senate  Passed to be engrossed  Roll Call # 97",37,0,0,1,38
2052454,1609671,2025-11-19,Senate,"Senate  Amendment #16",2,35,0,1,38
2052454,1609672,2025-11-19,Senate,"Senate  Amendment #9",11,26,0,1,38
2052454,1609673,2025-11-19,Senate,"Senate  Amendment #25",8,29,0,1,38
2052454,1609674,2025-11-19,Senate,"Senate  Amendment #26",8,29,0,1,38
2052762,1609515,2025-11-18,House,"House  Consolidated amendment A adopted - 149 YEAS to 4 NAYS",149,4,0,7,160
2052762,1609516,2025-11-18,House,"House  Passed to be engrossed - 148 YEAS to 5 NAYS",148,5,0,7,160
2052773,1609353,2025-11-13,Senate,"Senate  Passed to be engrossed  Roll Call #104",35,3,0,1,39
2052836,1609529,2025-11-18,House,"House  Committee of conference report accepted - 145 YEAS to 8 NAYS",145,8,0,7,160
2052836,1609632,2025-11-19,Senate,"Senate  Enacted  Roll Call #107",38,0,0,1,39
2052836,1609633,2025-11-19,House,"House  Enacted - 149 YEAS to 9 NAYS",146,9,0,5,160
2053017,1609646,2025-11-19,House,"House  Passed to be engrossed - 158 YEAS to 0 NAYS",158,0,0,2,160
2053202,1609584,2025-11-18,House,"House  Passed to be engrossed - 148 YEAS to 5 NAYS",148,5,0,7,160
2053290,1609650,2025-11-19,House,"House  Enacted - 153 YEAS to 0 NAYS",153,0,0,7,160
2053290,1609709,2025-11-19,Senate,"Senate  Enacted  Roll Call #114",37,0,0,1,38
2068913,1614220,2026-01-15,Senate,"Senate  Amendment #6",5,33,0,1,39
2068913,1614221,2026-01-15,Senate,"Senate  Passed to be engrossed  Roll Call #118",37,1,0,1,39
2068950,1614238,2026-01-15,Senate,"Senate  Amendment #6",36,1,0,1,38
2068950,1614239,2026-01-15,Senate,"Senate  Amendment #9",36,1,0,1,38
2068950,1614240,2026-01-15,Senate,"Senate  Passed to be engrossed  Roll Call #122",37,1,0,1,39
2068975,1614270,2026-01-15,Senate,"Senate  Passed to be engrossed  Roll Call #124",37,0,0,1,38
2069006,1614250,2026-01-15,Senate,"Senate  Amendment #6",6,31,0,1,38
2069006,1614251,2026-01-15,Senate,"Senate  Amendment #14",34,3,0,1,38
2069006,1614252,2026-01-15,Senate,"Senate  Passed to be engrossed  Roll Call #127",38,0,0,1,39
2069040,1614276,2026-01-15,Senate,"Senate  Passed to be engrossed  Roll Call #123",37,0,0,1,38
2069069,1614233,2026-01-15,Senate,"Senate  Passed to be engrossed  Roll Call #128",38,0,0,1,39
2086461,1614376,2026-01-15,Senate,"Senate  Passed to be engrossed  Roll Call #123",37,0,0,1,38
2086488,1614377,2026-01-15,Senate,"Senate  Passed to be engrossed  Roll Call #118",37,1,0,1,39
