bill_id,date,chamber,sequence,action
2060579,2026-01-13,House,1,"First read in House and referred to House Agriculture and Natural Resources H.J. 11"
2060579,2026-01-22,House,2,"Scheduled for hearing H.J. 1"
2060579,2026-01-22,House,3,"Agriculture and Natural Resources Do Pass, Passed, YEAS 11, NAYS 0. H.J. 5"
2060579,2026-01-23,House,4,"House of Representatives Deferred to another day, Passed H.J. 128"
2060580,2026-01-13,Senate,1,"First read in Senate and referred to Senate Taxation S.J. 17"
2060580,2026-01-16,Senate,2,"Scheduled for hearing"
2060580,2026-01-16,Senate,3,"Taxation Motion to amend, Passed S.J. 1 Amendment 7A"
2060580,2026-01-16,Senate,4,"Taxation Motion to amend, Passed S.J. 1 Amendment 7B"
2060580,2026-01-21,Senate,5,"Scheduled for hearing S.J. 1"
2060580,2026-01-21,Senate,6,"Taxation Deferred to the 41st legislative day, Passed, YEAS 7, NAYS 0. S.J. 3"
2060581,2026-01-13,House,1,"First read in House and referred to House Education H.J. 12"
2060581,2026-01-16,House,2,"Scheduled for hearing"
2060581,2026-01-26,House,3,"Scheduled for hearing"
2060582,2026-01-13,Senate,1,"First read in Senate and referred to Senate State Affairs S.J. 15"
2060582,2026-01-16,Senate,2,"Scheduled for hearing S.J. 1"
2060582,2026-01-16,Senate,3,"State Affairs Do Pass, Passed, YEAS 8, NAYS 0. S.J. 1"
2060582,2026-01-16,Senate,4,"Certified uncontested, placed on consent S.J. 1"
2060582,2026-01-20,Senate,5,"Senate Do Pass, Passed, YEAS 32, NAYS 0. S.J. 67"
2060582,2026-01-21,House,6,"First Reading House H.J. 105"
2060582,2026-01-22,House,7,"Referred to House State Affairs H.J. 114"
2060582,2026-01-26,House,8,"Scheduled for hearing H.J. 1"
2060583,2026-01-13,Senate,1,"First read in Senate and referred to Senate Transportation S.J. 17"
2060583,2026-01-16,Senate,2,"Scheduled for hearing S.J. 1"
2060583,2026-01-16,Senate,3,"Transportation Motion to amend, Passed S.J. 1 Amendment 10A"
2060583,2026-01-16,Senate,4,"Transportation Do Pass Amended, Passed, YEAS 5, NAYS 0. S.J. 1"
2060583,2026-01-21,Senate,5,"Senate Do Pass Amended, Passed, YEAS 30, NAYS 3. S.J. 76"
2060583,2026-01-22,House,6,"First read in House and referred to House Transportation H.J. 114"
2060584,2026-01-13,Senate,1,"First read in Senate and referred to Senate State Affairs S.J. 15"
2060584,2026-01-16,Senate,2,"Scheduled for hearing S.J. 1"
2060584,2026-01-16,Senate,3,"State Affairs Motion to amend, Passed S.J. 1 Amendment 1A"
2060584,2026-01-16,Senate,4,"State Affairs Do Pass Amended, Failed, YEAS 4, NAYS 4. S.J. 1"
2060584,2026-01-26,Senate,5,"Scheduled for hearing S.J. 1"
2060585,2026-01-13,Senate,1,"First read in Senate and referred to Senate Judiciary S.J. 13"
2060585,2026-01-22,Senate,2,"Scheduled for hearing"
2060585,2026-01-22,Senate,3,"Judiciary Do Pass, Passed, YEAS 7, NAYS 0. S.J. 5"
2060585,2026-01-23,Senate,4,"Senate Motion to amend, Passed S.J. 93 Amendment 2A"
2060585,2026-01-23,Senate,5,"Senate Do Pass Amended, Passed, YEAS 34, NAYS 0. S.J. 93"
2060586,2026-01-13,House,1,"First Reading House H.J. 15"
2060586,2026-01-14,House,2,"Referred to House Local Government H.J. 25"
2060586,2026-01-22,House,3,"Scheduled for hearing"
2060586,2026-01-22,House,4,"Local Government Deferred to the 41st legislative day, Passed, YEAS 9, NAYS 3. H.J. 1"
2060586,2026-01-23,House,5,"Recalled from committee (Rule 7-7) House Local Government, Passed H.J. 123"
2060586,2026-01-23,House,6,"Local Government Report out of committee without recommendation, Passed"
2060587,2026-01-13,Senate,1,"First read in Senate and referred to Senate Commerce and Energy S.J. 10"
2060587,2026-01-20,Senate,2,"Scheduled for hearing S.J. 1"
2060587,2026-01-20,Senate,3,"Commerce and Energy Do Pass, Passed, YEAS 6, NAYS 0."
2060587,2026-01-20,Senate,4,"Certified uncontested, placed on consent"
2060587,2026-01-21,Senate,5,"Remove from Consent Calendar S.J. 75"
2060587,2026-01-22,Senate,6,"Senate Do Pass, Passed, YEAS 18, NAYS 16. S.J. 84"
2060587,2026-01-23,House,7,"First read in House and referred to House Commerce and Energy H.J. 125"
2060588,2026-01-13,Senate,1,"First read in Senate and referred to Senate Transportation S.J. 17"
2060588,2026-01-16,Senate,2,"Scheduled for hearing S.J. 1"
2060588,2026-01-16,Senate,3,"Transportation Do Pass, Passed, YEAS 5, NAYS 0. S.J. 1"
2060588,2026-01-20,Senate,4,"Senate Do Pass, Passed, YEAS 24, NAYS 8. S.J. 68"
2060588,2026-01-21,House,5,"First Reading House H.J. 105"
2060588,2026-01-22,House,6,"Referred to House Transportation H.J. 114"
2060589,2026-01-13,Senate,1,"First read in Senate and referred to Senate State Affairs S.J. 15"
2060589,2026-01-23,Senate,2,"Scheduled for hearing"
2060589,2026-01-23,Senate,3,"State Affairs Do Pass, Passed, YEAS 6, NAYS 3. S.J. 5"
2060590,2026-01-13,Senate,1,"First read in Senate and referred to Senate Commerce and Energy S.J. 10"
2060590,2026-01-20,Senate,2,"Scheduled for hearing S.J. 1"
2060590,2026-01-20,Senate,3,"Commerce and Energy Do Pass, Passed, YEAS 6, NAYS 0."
2060590,2026-01-20,Senate,4,"Certified uncontested, placed on consent"
2060590,2026-01-21,Senate,5,"Senate Do Pass, Passed, YEAS 33, NAYS 0. S.J. 75"
2060590,2026-01-22,House,6,"First read in House and referred to House Commerce and Energy H.J. 114"
2060591,2026-01-13,Senate,1,"First read in Senate and referred to Senate Local Government S.J. 14"
2060592,2026-01-13,Senate,1,"First read in Senate and referred to Senate Education S.J. 12"
2060592,2026-01-15,Senate,2,"Scheduled for hearing"
2060592,2026-01-15,Senate,3,"Education Do Pass, Passed, YEAS 7, NAYS 0. S.J. 1"
2060592,2026-01-15,Senate,4,"Placed on consent, Passed S.J. 1"
2060592,2026-01-16,Senate,5,"Remove from Consent Calendar S.J. 60"
2060592,2026-01-20,Senate,6,"Senate Do Pass, Passed, YEAS 31, NAYS 1. S.J. 68"
2060592,2026-01-21,House,7,"First Reading House H.J. 105"
2060592,2026-01-22,House,8,"Referred to House Education H.J. 114"
2060593,2026-01-13,House,1,"First read in House and referred to House Agriculture and Natural Resources H.J. 11"
2060594,2026-01-13,Senate,1,"First read in Senate and referred to Senate State Affairs S.J. 15"
2060594,2026-01-23,Senate,2,"Scheduled for hearing"
2060594,2026-01-23,Senate,3,"State Affairs Do Pass, Passed, YEAS 8, NAYS 1. S.J. 5"
2060595,2026-01-13,Senate,1,"First read in Senate and referred to Senate Commerce and Energy S.J. 10"
2060595,2026-01-22,Senate,2,"Scheduled for hearing S.J. 1"
2060595,2026-01-22,Senate,3,"Commerce and Energy Motion to amend, Passed Amendment 6A"
2060595,2026-01-22,Senate,4,"Commerce and Energy Deferred to the 41st legislative day, Passed, YEAS 8, NAYS 1."
2061019,2026-01-13,Senate,1,"First read in Senate and referred to Senate State Affairs S.J. 15"
2061019,2026-01-16,Senate,2,"Withdrawn at the Request of the Prime Sponsor S.J. 60"
2061020,2026-01-13,House,1,"First read in House and referred to House Judiciary H.J. 13"
2061020,2026-01-21,House,2,"Scheduled for hearing"
2061020,2026-01-21,House,3,"Judiciary Do Pass, Passed, YEAS 11, NAYS 1. H.J. 1"
2061020,2026-01-22,House,4,"House of Representatives Deferred to another day, Passed H.J. 115"
2061020,2026-01-23,House,5,"House of Representatives Deferred to another day, Passed H.J. 128"
2061021,2026-01-13,House,1,"First read in House and referred to House Transportation H.J. 15"
2061021,2026-01-15,House,2,"Scheduled for hearing"
2061022,2026-01-13,House,1,"First Reading House H.J. 15"
2061022,2026-01-15,House,2,"Referred to House Committee on Appropriations H.J. 37"
2061022,2026-01-21,House,3,"Scheduled for hearing"
2061022,2026-01-21,House,4,"Referred to House Committee on Appropriations, Passed, YEAS 15, NAYS 0. H.J. 1"
2061023,2026-01-13,House,1,"First read in House and referred to House Agriculture and Natural Resources H.J. 11"
2061023,2026-01-20,House,2,"Scheduled for hearing H.J. 1"
2061023,2026-01-27,House,3,"Scheduled for hearing H.J. 1"
2061024,2026-01-13,House,1,"First Reading House H.J. 10"
2061024,2026-01-15,House,2,"Committee referral waived pursuant to JR 6D-1 H.J. 37"
2061024,2026-01-16,House,3,"House of Representatives Adopt Resolution, Passed, YEAS 60, NAYS 5. H.J. 40"
2061024,2026-01-20,Senate,4,"First Reading Senate S.J. 66"
2061024,2026-01-23,Senate,5,"Committee referral waived pursuant to JR 6D-1 S.J. 90"
2061025,2026-01-13,Senate,1,"First read in Senate and referred to Senate Taxation S.J. 17"
2061025,2026-01-16,Senate,2,"Scheduled for hearing"
2061025,2026-01-16,Senate,3,"Taxation Do Pass, Passed, YEAS 5, NAYS 0. S.J. 1"
2061025,2026-01-16,Senate,4,"Certified uncontested, placed on consent S.J. 1"
2061025,2026-01-21,Senate,5,"Senate Do Pass, Passed, YEAS 33, NAYS 0. S.J. 75"
2061025,2026-01-22,House,6,"First read in House and referred to House Taxation H.J. 114"
2061026,2026-01-13,House,1,"First read in House and referred to House Judiciary H.J. 13"
2061026,2026-01-26,House,2,"Scheduled for hearing"
2061027,2026-01-13,House,1,"First read in House and referred to House Judiciary H.J. 13"
2061027,2026-01-21,House,2,"Scheduled for hearing"
2061027,2026-01-21,House,3,"Judiciary Do Pass, Passed, YEAS 10, NAYS 3. H.J. 2"
2061027,2026-01-22,House,4,"House of Representatives Deferred to another day, Passed H.J. 115"
2061027,2026-01-23,House,5,"House of Representatives Deferred to another day, Passed H.J. 128"
2061028,2026-01-13,House,1,"First read in House and referred to House State Affairs H.J. 15"
2061029,2026-01-13,Senate,1,"First read in Senate and referral to committee waived pursuant to JR 6D-1 S.J. 7"
2061029,2026-01-14,Senate,2,"Senate Deferred to another day, Passed S.J. 34"
2061029,2026-01-15,Senate,3,"Senate Adopt Resolution, Failed, YEAS 16, NAYS 17. S.J. 51"
2061029,2026-01-15,Senate,4,"Intent to reconsider S.J. 51"
2061030,2026-01-13,House,1,"First read in House and referred to House Agriculture and Natural Resources H.J. 11"
2061030,2026-01-20,House,2,"Scheduled for hearing H.J. 1"
2061030,2026-01-20,House,3,"Referred to Joint Committee on Appropriations, Passed, YEAS 13, NAYS 0. H.J. 3"
2061030,2026-01-26,Joint,4,"Scheduled for hearing J.J. 1"
2061031,2026-01-13,House,1,"First read in House and referred to House Education H.J. 12"
2061031,2026-01-16,House,2,"Scheduled for hearing"
2061031,2026-01-16,House,3,"Education Deferred to another day, Passed, YEAS 15, NAYS 0."
2061032,2026-01-13,House,1,"First read in House and referred to House Judiciary H.J. 13"
2061032,2026-01-21,House,2,"Scheduled for hearing"
2061032,2026-01-21,House,3,"Judiciary Do Pass, Passed, YEAS 12, NAYS 0. H.J. 1"
2061032,2026-01-21,House,4,"Certified uncontested, placed on consent H.J. 1"
2061032,2026-01-22,House,5,"House of Representatives Do Pass, Passed, YEAS 67, NAYS 0. H.J. 115"
2061032,2026-01-23,Senate,6,"First read in Senate and referred to Senate Judiciary S.J. 92"
2061033,2026-01-13,House,1,"First read in House and referred to House Education H.J. 12"
2061033,2026-01-21,House,2,"Scheduled for hearing"
2061033,2026-01-21,House,3,"Education Motion to amend, Passed H.J. 1 Amendment 1008A"
2061033,2026-01-21,House,4,"Education Motion to amend, Passed H.J. 1 Amendment 1008B"
2061033,2026-01-21,House,5,"Education Do Pass Amended, Passed, YEAS 8, NAYS 7. H.J. 1"
2061033,2026-01-23,House,6,"House of Representatives Deferred to another day, Passed H.J. 128"
2061034,2026-01-13,Senate,1,"First read in Senate and referred to Senate Health and Human Services S.J. 13"
2061034,2026-01-26,Senate,2,"Scheduled for hearing S.J. 1"
2061035,2026-01-13,House,1,"First read in House and referred to House Judiciary H.J. 13"
2061035,2026-01-21,House,2,"Scheduled for hearing"
2061035,2026-01-21,House,3,"Judiciary Do Pass, Passed, YEAS 13, NAYS 0. H.J. 3"
2061035,2026-01-21,House,4,"Certified uncontested, placed on consent H.J. 3"
2061035,2026-01-22,House,5,"House of Representatives Do Pass, Passed, YEAS 67, NAYS 0. H.J. 115"
2061035,2026-01-23,Senate,6,"First read in Senate and referred to Senate Judiciary S.J. 92"
2061036,2026-01-13,House,1,"First read in House and referred to House Judiciary H.J. 13"
2061036,2026-01-21,House,2,"Scheduled for hearing"
2061036,2026-01-21,House,3,"Judiciary Do Pass, Passed, YEAS 13, NAYS 0. H.J. 2"
2061036,2026-01-21,House,4,"Certified uncontested, placed on consent H.J. 2"
2061036,2026-01-22,House,5,"House of Representatives Do Pass, Passed, YEAS 67, NAYS 0. H.J. 115"
2061036,2026-01-23,Senate,6,"First read in Senate and referred to Senate Judiciary S.J. 92"
2061037,2026-01-13,House,1,"First read in House and referred to House Transportation H.J. 15"
2061037,2026-01-15,House,2,"Scheduled for hearing"
2061037,2026-01-15,House,3,"Transportation Do Pass, Passed, YEAS 12, NAYS 0. H.J. 1"
2061037,2026-01-15,House,4,"Certified uncontested, placed on consent H.J. 1"
2061037,2026-01-16,House,5,"Remove from Consent Calendar H.J. 43"
2061037,2026-01-20,House,6,"House of Representatives Do Pass, Failed, YEAS 21, NAYS 48. H.J. 54"
2061038,2026-01-13,House,1,"First read in House and referred to House Judiciary H.J. 10"
2061038,2026-01-23,House,2,"Scheduled for hearing"
2061038,2026-01-23,House,3,"Judiciary Motion to amend, Passed Amendment HCR6001A"
2061038,2026-01-23,House,4,"Judiciary Do Pass Amended, Passed, YEAS 13, NAYS 0."
2061038,2026-01-23,House,5,"Certified uncontested, placed on consent"
2061039,2026-01-13,House,1,"First read in House and referred to House Agriculture and Natural Resources H.J. 11"
2061039,2026-01-22,House,2,"Scheduled for hearing H.J. 1"
2061039,2026-01-22,House,3,"Agriculture and Natural Resources Do Pass, Passed, YEAS 9, NAYS 2. H.J. 5"
2061039,2026-01-23,House,4,"House of Representatives Deferred to another day, Passed H.J. 128"
2061040,2026-01-13,House,1,"First read in House and referred to House Health and Human Services H.J. 12"
2061040,2026-01-20,House,2,"Scheduled for hearing H.J. 1"
2061040,2026-01-20,House,3,"Health and Human Services Do Pass, Passed, YEAS 13, NAYS 0."
2061040,2026-01-21,House,4,"House of Representatives Do Pass, Passed, YEAS 61, NAYS 7. H.J. 107"
2061040,2026-01-22,Senate,5,"First Reading Senate S.J. 83"
2061040,2026-01-23,Senate,6,"Referred to Senate Health and Human Services S.J. 93"
2061041,2026-01-13,House,1,"First read in House and referred to House Health and Human Services H.J. 12"
2061042,2026-01-13,House,1,"First read in House and referred to House Judiciary H.J. 13"
2061042,2026-01-21,House,2,"Scheduled for hearing"
2061042,2026-01-21,House,3,"Judiciary Do Pass, Passed, YEAS 12, NAYS 0. H.J. 2"
2061042,2026-01-21,House,4,"Certified uncontested, placed on consent H.J. 2"
2061042,2026-01-22,House,5,"House of Representatives Do Pass, Passed, YEAS 67, NAYS 0. H.J. 115"
2061042,2026-01-23,Senate,6,"First read in Senate and referred to Senate Judiciary S.J. 92"
2064813,2026-01-13,House,1,"First read in House and referred to House Health and Human Services H.J. 12"
2064813,2026-01-20,House,2,"Scheduled for hearing H.J. 1"
2064813,2026-01-20,House,3,"Health and Human Services Motion to amend, Passed Amendment 1024A"
2064813,2026-01-20,House,4,"Health and Human Services Do Pass Amended, Passed, YEAS 13, NAYS 0."
2064813,2026-01-20,House,5,"Certified uncontested, placed on consent"
2064813,2026-01-22,House,6,"House of Representatives Do Pass Amended, Passed, YEAS 67, NAYS 0. H.J. 115"
2064813,2026-01-23,Senate,7,"First read in Senate and referred to Senate Health and Human Services S.J. 92"
2064814,2026-01-13,House,1,"First read in House and referred to House Health and Human Services H.J. 12"
2064814,2026-01-20,House,2,"Scheduled for hearing H.J. 1"
2064814,2026-01-20,House,3,"Health and Human Services Do Pass, Passed, YEAS 13, NAYS 0."
2064814,2026-01-20,House,4,"Certified uncontested, placed on consent"
2064814,2026-01-21,House,5,"House of Representatives Do Pass, Passed, YEAS 57, NAYS 11. H.J. 105"
2064814,2026-01-22,Senate,6,"First Reading Senate S.J. 83"
2064814,2026-01-23,Senate,7,"Referred to Senate Health and Human Services S.J. 93"
2064815,2026-01-13,House,1,"First read in House and referred to House Commerce and Energy H.J. 11"
2064815,2026-01-26,House,2,"Scheduled for hearing"
2064816,2026-01-13,Senate,1,"First read in Senate and referred to Senate Transportation S.J. 17"
2064816,2026-01-21,Senate,2,"Scheduled for hearing S.J. 1"
2064816,2026-01-21,Senate,3,"Transportation Do Pass, Passed, YEAS 7, NAYS 0. S.J. 3"
2064816,2026-01-21,Senate,4,"Certified uncontested, placed on consent S.J. 3"
2064816,2026-01-22,Senate,5,"Remove from Consent Calendar S.J. 83"
2064816,2026-01-23,Senate,6,"Senate Do Pass, Passed, YEAS 31, NAYS 3. S.J. 94"
2064817,2026-01-13,House,1,"First read in House and referred to House Commerce and Energy H.J. 11"
2064817,2026-01-16,House,2,"Scheduled for hearing H.J. 1"
2064817,2026-01-16,House,3,"Commerce and Energy Do Pass, Passed, YEAS 13, NAYS 0. H.J. 1"
2064817,2026-01-16,House,4,"Certified uncontested, placed on consent H.J. 1"
2064817,2026-01-20,House,5,"House of Representatives Do Pass, Passed, YEAS 69, NAYS 0. H.J. 53"
2064817,2026-01-21,Senate,6,"First read in Senate and referred to Senate Commerce and Energy S.J. 75"
2064818,2026-01-13,House,1,"First read in House and referred to House Health and Human Services H.J. 12"
2064818,2026-01-20,House,2,"Scheduled for hearing H.J. 1"
2064818,2026-01-20,House,3,"Health and Human Services Motion to amend, Passed Amendment 1023A"
2064818,2026-01-20,House,4,"Health and Human Services Do Pass Amended, Passed, YEAS 13, NAYS 0."
2064818,2026-01-20,House,5,"Certified uncontested, placed on consent"
2064818,2026-01-22,House,6,"House of Representatives Do Pass Amended, Passed, YEAS 67, NAYS 0. H.J. 115"
2064818,2026-01-23,Senate,7,"First read in Senate and referred to Senate Health and Human Services S.J. 92"
2064819,2026-01-13,Senate,1,"First read in Senate and referred to Senate Taxation S.J. 17"
2064819,2026-01-16,Senate,2,"Scheduled for hearing"
2064819,2026-01-16,Senate,3,"Taxation Do Pass, Passed, YEAS 5, NAYS 0. S.J. 1"
2064819,2026-01-16,Senate,4,"Certified uncontested, placed on consent S.J. 1"
2064819,2026-01-21,Senate,5,"Senate Do Pass, Passed, YEAS 33, NAYS 0. S.J. 75"
2064819,2026-01-22,House,6,"First read in House and referred to House Taxation H.J. 114"
2064820,2026-01-13,Senate,1,"First read in Senate and referred to Senate State Affairs S.J. 15"
2064820,2026-01-21,Senate,2,"Scheduled for hearing S.J. 1"
2064820,2026-01-21,Senate,3,"State Affairs Do Pass, Passed, YEAS 7, NAYS 0. S.J. 3"
2064820,2026-01-22,Senate,4,"Senate Do Pass, Passed, YEAS 34, NAYS 0. S.J. 85"
2064820,2026-01-23,House,5,"First read in House and referred to House State Affairs H.J. 125"
2064821,2026-01-13,Senate,1,"First read in Senate and referred to Senate Taxation S.J. 17"
2064821,2026-01-16,Senate,2,"Scheduled for hearing"
2064821,2026-01-16,Senate,3,"Taxation Do Pass, Passed, YEAS 5, NAYS 0. S.J. 1"
2064821,2026-01-16,Senate,4,"Certified uncontested, placed on consent S.J. 1"
2064821,2026-01-21,Senate,5,"Senate Do Pass, Passed, YEAS 33, NAYS 0. S.J. 75"
2064821,2026-01-22,House,6,"First read in House and referred to House Taxation H.J. 114"
2064822,2026-01-13,Senate,1,"First read in Senate and referred to Senate Agriculture and Natural Resources S.J. 10"
2064822,2026-01-20,Senate,2,"Withdrawn at the Request of the Prime Sponsor S.J. 66"
2064823,2026-01-13,Senate,1,"First read in Senate and referred to Senate Commerce and Energy S.J. 10"
2064823,2026-01-20,Senate,2,"Scheduled for hearing S.J. 1"
2064823,2026-01-20,Senate,3,"Commerce and Energy Motion to amend, Passed Amendment 25A"
2064823,2026-01-20,Senate,4,"Commerce and Energy Motion to amend, Passed Amendment 25B"
2064823,2026-01-20,Senate,5,"Commerce and Energy Do Pass Amended, Passed, YEAS 5, NAYS 1."
2064823,2026-01-22,Senate,6,"Senate Do Pass Amended, Passed, YEAS 17, NAYS 17. S.J. 85"
2064823,2026-01-22,Senate,7,"Intent to reconsider S.J. 85"
2064823,2026-01-23,Senate,8,"Senate Do Pass, Failed, YEAS 17, NAYS 17. S.J. 90"
2064823,2026-01-23,Senate,9,"Intent to reconsider S.J. 90"
2064824,2026-01-13,House,1,"First read in House and referred to House Judiciary H.J. 13"
2064824,2026-01-20,House,2,"Withdrawn at the Request of the Prime Sponsor H.J. 51"
2064825,2026-01-13,Senate,1,"First read in Senate and referred to Senate Health and Human Services S.J. 13"
2064825,2026-01-21,Senate,2,"Scheduled for hearing S.J. 1"
2064826,2026-01-13,Senate,1,"First read in Senate and referred to Senate Transportation S.J. 17"
2064826,2026-01-16,Senate,2,"Scheduled for hearing S.J. 1"
2064826,2026-01-16,Senate,3,"Transportation Do Pass, Passed, YEAS 5, NAYS 0. S.J. 1"
2064826,2026-01-16,Senate,4,"Certified uncontested, placed on consent S.J. 1"
2064826,2026-01-20,Senate,5,"Senate Do Pass, Passed, YEAS 32, NAYS 0. S.J. 67"
2064826,2026-01-21,House,6,"First Reading House H.J. 105"
2064826,2026-01-22,House,7,"Referred to House Transportation H.J. 114"
2064827,2026-01-13,House,1,"First read in House and referred to House Health and Human Services H.J. 12"
2064827,2026-01-22,House,2,"Scheduled for hearing H.J. 1"
2064827,2026-01-22,House,3,"Health and Human Services Do Pass, Passed, YEAS 9, NAYS 4. H.J. 1"
2064827,2026-01-23,House,4,"House of Representatives Deferred to another day, Passed H.J. 128"
2064828,2026-01-13,Senate,1,"First read in Senate and referred to Senate Local Government S.J. 14"
2064828,2026-01-21,Senate,2,"Scheduled for hearing"
2064828,2026-01-21,Senate,3,"Local Government Do Pass, Passed, YEAS 6, NAYS 0."
2064828,2026-01-21,Senate,4,"Certified uncontested, placed on consent"
2064828,2026-01-22,Senate,5,"Senate Do Pass, Passed, YEAS 34, NAYS 0. S.J. 83"
2064828,2026-01-23,House,6,"First read in House and referred to House Local Government H.J. 125"
2064829,2026-01-13,Senate,1,"First read in Senate and referred to Senate Transportation S.J. 17"
2064829,2026-01-16,Senate,2,"Scheduled for hearing S.J. 1"
2064829,2026-01-16,Senate,3,"Transportation Do Pass, Passed, YEAS 5, NAYS 0. S.J. 1"
2064829,2026-01-16,Senate,4,"Certified uncontested, placed on consent S.J. 1"
2064829,2026-01-20,Senate,5,"Remove from Consent Calendar S.J. 67"
2064829,2026-01-21,Senate,6,"Senate Do Pass, Passed, YEAS 31, NAYS 2. S.J. 76"
2064829,2026-01-22,House,7,"First read in House and referred to House Transportation H.J. 114"
2064830,2026-01-13,Senate,1,"First read in Senate and referred to Senate Committee on Appropriations S.J. 11"
2064830,2026-01-27,Senate,2,"Scheduled for hearing"
2064831,2026-01-13,Senate,1,"First read in Senate and referred to Senate Transportation S.J. 17"
2064831,2026-01-21,Senate,2,"Scheduled for hearing S.J. 1"
2064831,2026-01-21,Senate,3,"Transportation Do Pass, Passed, YEAS 7, NAYS 0. S.J. 3"
2064831,2026-01-21,Senate,4,"Certified uncontested, placed on consent S.J. 3"
2064831,2026-01-22,Senate,5,"Senate Do Pass, Passed, YEAS 34, NAYS 0. S.J. 83"
2064831,2026-01-23,House,6,"First read in House and referred to House Transportation H.J. 125"
2064832,2026-01-13,Senate,1,"First read in Senate and referred to Senate Committee on Appropriations S.J. 11"
2064832,2026-01-21,Senate,2,"Referred to Joint Committee on Appropriations, Passed S.J. 74"
2064998,2026-01-13,Senate,1,"First read in Senate and referred to Senate Local Government S.J. 14"
2064998,2026-01-21,Senate,2,"Scheduled for hearing"
2064998,2026-01-21,Senate,3,"Local Government Do Pass, Passed, YEAS 6, NAYS 0."
2064998,2026-01-22,Senate,4,"Senate Deferred to another day, Passed S.J. 85"
2064998,2026-01-23,Senate,5,"Senate Do Pass, Passed, YEAS 32, NAYS 2. S.J. 94"
2064999,2026-01-13,Senate,1,"First read in Senate and referred to Senate State Affairs S.J. 15"
2065000,2026-01-13,Senate,1,"First read in Senate and referred to Senate State Affairs S.J. 15"
2065001,2026-01-13,Senate,1,"First read in Senate and referred to Senate State Affairs S.J. 15"
2065002,2026-01-13,Senate,1,"First read in Senate and referred to Senate State Affairs S.J. 15"
2065003,2026-01-13,Senate,1,"First read in Senate and referred to Senate State Affairs S.J. 15"
2065004,2026-01-13,Senate,1,"First read in Senate and referred to Senate State Affairs S.J. 15"
2065212,2026-01-13,Senate,1,"First read in Senate and referred to Senate Military and Veterans Affairs S.J. 14"
2065252,2026-01-13,House,1,"First read in House and referred to House Judiciary H.J. 13"
2065292,2026-01-13,House,1,"First read in House and referred to House Local Government H.J. 13"
2065292,2026-01-22,House,2,"Scheduled for hearing"
2065292,2026-01-22,House,3,"Local Government Do Pass, Passed, YEAS 12, NAYS 0. H.J. 2"
2065292,2026-01-22,House,4,"Certified uncontested, placed on consent H.J. 2"
2065292,2026-01-23,House,5,"House of Representatives Do Pass, Passed, YEAS 64, NAYS 0. H.J. 126"
2066135,2026-01-13,Senate,1,"First read in Senate and referred to Senate Judiciary S.J. 13"
2066135,2026-01-15,Senate,2,"Scheduled for hearing"
2066135,2026-01-15,Senate,3,"Judiciary Do Pass, Passed, YEAS 6, NAYS 0. S.J. 1"
2066135,2026-01-16,Senate,4,"Senate Do Pass, Passed, YEAS 32, NAYS 0. S.J. 61"
2066135,2026-01-20,House,5,"First read in House and referred to House Judiciary H.J. 53"
2066142,2026-01-13,Senate,1,"First read in Senate and referred to Senate State Affairs S.J. 15"
2066149,2026-01-13,Senate,1,"First read in Senate and referred to Senate State Affairs S.J. 15"
2066149,2026-01-16,Senate,2,"Scheduled for hearing S.J. 1"
2066149,2026-01-16,Senate,3,"State Affairs Do Pass, Passed, YEAS 8, NAYS 0. S.J. 1"
2066149,2026-01-16,Senate,4,"Certified uncontested, placed on consent S.J. 1"
2066149,2026-01-20,Senate,5,"Senate Do Pass, Passed, YEAS 32, NAYS 0. S.J. 67"
2066149,2026-01-21,House,6,"First Reading House H.J. 105"
2066149,2026-01-22,House,7,"Referred to House State Affairs H.J. 114"
2066165,2026-01-13,Senate,1,"First read in Senate and referred to Senate Committee on Appropriations S.J. 11"
2066165,2026-01-21,Senate,2,"Referred to Joint Committee on Appropriations, Passed S.J. 74"
2066170,2026-01-13,Senate,1,"First read in Senate and referred to Senate Committee on Appropriations S.J. 11"
2066170,2026-01-21,Senate,2,"Referred to Joint Committee on Appropriations, Passed S.J. 74"
2066180,2026-01-13,Senate,1,"First read in Senate and referred to Senate Taxation S.J. 17"
2066180,2026-01-21,Senate,2,"Scheduled for hearing S.J. 1"
2066180,2026-01-21,Senate,3,"Taxation Deferred to the 41st legislative day, Passed, YEAS 7, NAYS 0. S.J. 3"
2066191,2026-01-13,Senate,1,"First read in Senate and referred to Senate Judiciary S.J. 13"
2066191,2026-01-15,Senate,2,"Scheduled for hearing"
2066191,2026-01-15,Senate,3,"Judiciary Do Pass, Passed, YEAS 6, NAYS 0. S.J. 1"
2066191,2026-01-15,Senate,4,"Certified uncontested, placed on consent S.J. 1"
2066191,2026-01-16,Senate,5,"Senate Do Pass, Passed, YEAS 32, NAYS 0. S.J. 60"
2066191,2026-01-20,House,6,"First read in House and referred to House Judiciary H.J. 53"
2066201,2026-01-13,Senate,1,"First read in Senate and referred to Senate Retirement Laws S.J. 14"
2066201,2026-01-20,Senate,2,"Scheduled for hearing"
2066201,2026-01-20,Senate,3,"Retirement Laws Do Pass, Passed, YEAS 5, NAYS 0. S.J. 1"
2066201,2026-01-20,Senate,4,"Certified uncontested, placed on consent S.J. 1"
2066201,2026-01-22,Senate,5,"Senate Do Pass, Passed, YEAS 34, NAYS 0. S.J. 83"
2066201,2026-01-23,House,6,"First Reading House H.J. 125"
2066213,2026-01-13,Senate,1,"First read in Senate and referred to Senate Judiciary S.J. 13"
2066213,2026-01-15,Senate,2,"Scheduled for hearing"
2066213,2026-01-20,Senate,3,"Scheduled for hearing"
2066213,2026-01-20,Senate,4,"Judiciary Motion to amend, Passed S.J. 3 Amendment 45A"
2066213,2026-01-20,Senate,5,"Judiciary Do Pass Amended, Passed, YEAS 6, NAYS 0. S.J. 3"
2066213,2026-01-20,Senate,6,"Certified uncontested, placed on consent S.J. 3"
2066213,2026-01-22,Senate,7,"Senate Do Pass Amended, Passed, YEAS 34, NAYS 0. S.J. 83"
2066213,2026-01-23,House,8,"First Reading House H.J. 125"
2066224,2026-01-13,Senate,1,"First read in Senate and referred to Senate Agriculture and Natural Resources S.J. 10"
2066224,2026-01-15,Senate,2,"Scheduled for hearing"
2066224,2026-01-15,Senate,3,"Referred to Senate Committee on Appropriations, Passed, YEAS 7, NAYS 0. S.J. 1"
2066224,2026-01-16,Senate,4,"Referred to Senate Senate, Passed S.J. 59"
2066224,2026-01-21,Senate,5,"Senate Do Pass, Passed, YEAS 28, NAYS 4. S.J. 77"
2066224,2026-01-22,House,6,"First Reading House H.J. 114"
2066232,2026-01-13,Senate,1,"First read in Senate and referred to Senate Commerce and Energy S.J. 10"
2066232,2026-01-27,Senate,2,"Scheduled for hearing"
2066243,2026-01-13,Senate,1,"First read in Senate and referred to Senate Judiciary S.J. 13"
2066243,2026-01-15,Senate,2,"Scheduled for hearing"
2066243,2026-01-20,Senate,3,"Scheduled for hearing"
2066243,2026-01-20,Senate,4,"Judiciary Motion to amend, Passed S.J. 3 Amendment 49A"
2066243,2026-01-20,Senate,5,"Judiciary Do Pass Amended, Passed, YEAS 6, NAYS 0. S.J. 3"
2066243,2026-01-20,Senate,6,"Certified uncontested, placed on consent S.J. 3"
2066243,2026-01-22,Senate,7,"Senate Do Pass Amended, Passed, YEAS 34, NAYS 0. S.J. 83"
2066243,2026-01-23,House,8,"First Reading House H.J. 125"
2066253,2026-01-13,House,1,"First read in House and referred to House Education H.J. 12"
2066253,2026-01-16,House,2,"Scheduled for hearing"
2066253,2026-01-16,House,3,"Education Do Pass, Passed, YEAS 15, NAYS 0."
2066253,2026-01-16,House,4,"Certified uncontested, placed on consent"
2066253,2026-01-20,House,5,"House of Representatives Do Pass, Passed, YEAS 69, NAYS 0. H.J. 53"
2066253,2026-01-21,Senate,6,"First read in Senate and referred to Senate Education S.J. 75"
2066253,2026-01-27,Senate,7,"Scheduled for hearing S.J. 1"
2066263,2026-01-13,Senate,1,"First read in Senate and referred to Senate Retirement Laws S.J. 14"
2066263,2026-01-20,Senate,2,"Scheduled for hearing"
2066263,2026-01-20,Senate,3,"Retirement Laws Do Pass, Passed, YEAS 5, NAYS 0. S.J. 1"
2066263,2026-01-20,Senate,4,"Certified uncontested, placed on consent S.J. 1"
2066263,2026-01-22,Senate,5,"Senate Do Pass, Passed, YEAS 34, NAYS 0. S.J. 83"
2066263,2026-01-23,House,6,"First Reading House H.J. 125"
2066274,2026-01-13,Senate,1,"First read in Senate and referred to Senate Agriculture and Natural Resources S.J. 10"
2066274,2026-01-15,Senate,2,"Scheduled for hearing"
2066274,2026-01-15,Senate,3,"Agriculture and Natural Resources Do Pass, Passed, YEAS 7, NAYS 0. S.J. 1"
2066274,2026-01-15,Senate,4,"Certified uncontested, placed on consent S.J. 1"
2066274,2026-01-16,Senate,5,"Senate Do Pass, Passed, YEAS 32, NAYS 0. S.J. 60"
2066274,2026-01-20,House,6,"First read in House and referred to House Agriculture and Natural Resources H.J. 53"
2066286,2026-01-13,Senate,1,"First read in Senate and referred to Senate State Affairs S.J. 15"
2066286,2026-01-16,Senate,2,"Scheduled for hearing S.J. 1"
2066286,2026-01-16,Senate,3,"State Affairs Motion to amend, Passed S.J. 1 Amendment 57A"
2066286,2026-01-16,Senate,4,"State Affairs Do Pass Amended, Passed, YEAS 8, NAYS 0. S.J. 1"
2066286,2026-01-16,Senate,5,"Certified uncontested, placed on consent S.J. 1"
2066286,2026-01-21,Senate,6,"Senate Do Pass Amended, Passed, YEAS 33, NAYS 0. S.J. 75"
2066286,2026-01-22,House,7,"First read in House and referred to House State Affairs H.J. 114"
2066286,2026-01-26,House,8,"Scheduled for hearing H.J. 1"
2066295,2026-01-13,Senate,1,"First read in Senate and referred to Senate Retirement Laws S.J. 14"
2066295,2026-01-20,Senate,2,"Scheduled for hearing"
2066295,2026-01-20,Senate,3,"Retirement Laws Do Pass, Passed, YEAS 5, NAYS 0. S.J. 1"
2066295,2026-01-20,Senate,4,"Certified uncontested, placed on consent S.J. 1"
2066295,2026-01-22,Senate,5,"Senate Do Pass, Passed, YEAS 34, NAYS 0. S.J. 83"
2066295,2026-01-23,House,6,"First Reading House H.J. 125"
2066306,2026-01-13,Senate,1,"First read in Senate and referred to Senate Agriculture and Natural Resources S.J. 10"
2066306,2026-01-15,Senate,2,"Scheduled for hearing"
2066306,2026-01-22,Senate,3,"Scheduled for hearing S.J. 1"
2066306,2026-01-22,Senate,4,"Agriculture and Natural Resources Do Pass, Passed, YEAS 6, NAYS 1. S.J. 5"
2066306,2026-01-23,Senate,5,"Senate Do Pass, Passed, YEAS 30, NAYS 4. S.J. 94"
2066313,2026-01-13,House,1,"First read in House and referred to House Taxation H.J. 15"
2066313,2026-01-22,House,2,"Scheduled for hearing"
2066313,2026-01-22,House,3,"Taxation Do Pass, Failed, YEAS 3, NAYS 10."
2066313,2026-01-22,House,4,"Taxation Deferred to the 41st legislative day, Passed, YEAS 8, NAYS 5."
2066324,2026-01-13,Senate,1,"First read in Senate and referred to Senate State Affairs S.J. 15"
2066324,2026-01-21,Senate,2,"Scheduled for hearing S.J. 1"
2066324,2026-01-21,Senate,3,"State Affairs Do Pass, Passed, YEAS 8, NAYS 0. S.J. 3"
2066324,2026-01-21,Senate,4,"Certified uncontested, placed on consent S.J. 3"
2066324,2026-01-22,Senate,5,"Senate Do Pass, Passed, YEAS 34, NAYS 0. S.J. 83"
2066324,2026-01-23,House,6,"First Reading House H.J. 125"
2066332,2026-01-13,Senate,1,"First read in Senate and referred to Senate Retirement Laws S.J. 14"
2066332,2026-01-20,Senate,2,"Scheduled for hearing"
2066332,2026-01-20,Senate,3,"Retirement Laws Do Pass, Passed, YEAS 5, NAYS 0. S.J. 1"
2066332,2026-01-20,Senate,4,"Certified uncontested, placed on consent S.J. 1"
2066332,2026-01-22,Senate,5,"Senate Do Pass, Passed, YEAS 34, NAYS 0. S.J. 83"
2066332,2026-01-23,House,6,"First Reading House H.J. 125"
2066345,2026-01-13,Senate,1,"First read in Senate and referred to Senate Judiciary S.J. 13"
2066345,2026-01-15,Senate,2,"Scheduled for hearing"
2066345,2026-01-15,Senate,3,"Judiciary Do Pass, Passed, YEAS 4, NAYS 2. S.J. 1"
2066345,2026-01-16,Senate,4,"Fiscal Note Requested, Passed S.J. 59"
2066354,2026-01-13,Senate,1,"First read in Senate and referred to Senate State Affairs S.J. 15"
2066354,2026-01-21,Senate,2,"Scheduled for hearing S.J. 1"
2066354,2026-01-21,Senate,3,"State Affairs Do Pass, Passed, YEAS 7, NAYS 0. S.J. 3"
2066354,2026-01-21,Senate,4,"Certified uncontested, placed on consent S.J. 3"
2066354,2026-01-22,Senate,5,"Senate Do Pass, Passed, YEAS 34, NAYS 0. S.J. 83"
2066354,2026-01-23,House,6,"First Reading House H.J. 125"
2066364,2026-01-13,Senate,1,"First read in Senate and referred to Senate Judiciary S.J. 13"
2066364,2026-01-15,Senate,2,"Scheduled for hearing"
2066364,2026-01-20,Senate,3,"Scheduled for hearing"
2066364,2026-01-20,Senate,4,"Judiciary Motion to amend, Passed S.J. 3 Amendment 44A"
2066364,2026-01-20,Senate,5,"Judiciary Do Pass Amended, Passed, YEAS 6, NAYS 0. S.J. 3"
2066364,2026-01-22,Senate,6,"Senate Deferred to another day, Passed S.J. 85"
2066364,2026-01-23,Senate,7,"Senate Do Pass Amended, Passed, YEAS 34, NAYS 0. S.J. 95"
2066374,2026-01-13,Senate,1,"First read in Senate and referred to Senate State Affairs S.J. 15"
2066374,2026-01-21,Senate,2,"Scheduled for hearing S.J. 1"
2066374,2026-01-21,Senate,3,"State Affairs Do Pass, Passed, YEAS 7, NAYS 0. S.J. 3"
2066374,2026-01-21,Senate,4,"Certified uncontested, placed on consent S.J. 3"
2066374,2026-01-22,Senate,5,"Senate Do Pass, Passed, YEAS 34, NAYS 0. S.J. 83"
2066374,2026-01-23,House,6,"First Reading House H.J. 125"
2066384,2026-01-13,Senate,1,"First read in Senate and referred to Senate Retirement Laws S.J. 14"
2066384,2026-01-20,Senate,2,"Scheduled for hearing"
2066384,2026-01-20,Senate,3,"Retirement Laws Do Pass, Passed, YEAS 5, NAYS 0. S.J. 1"
2066384,2026-01-20,Senate,4,"Certified uncontested, placed on consent S.J. 1"
2066384,2026-01-22,Senate,5,"Senate Do Pass, Passed, YEAS 34, NAYS 0. S.J. 83"
2066384,2026-01-23,House,6,"First Reading House H.J. 125"
2066809,2026-01-13,House,1,"First read in House and referred to House Taxation H.J. 15"
2066809,2026-01-22,House,2,"Scheduled for hearing"
2066809,2026-01-22,House,3,"Taxation Tabled, Passed, YEAS 13, NAYS 0."
2066869,2026-01-13,House,1,"First read in House and referred to House Commerce and Energy H.J. 11"
2066931,2026-01-13,House,1,"First read in House and referred to House Military and Veterans Affairs H.J. 15"
2066931,2026-01-22,House,2,"Scheduled for hearing"
2066931,2026-01-22,House,3,"Military and Veterans Affairs Deferred to the 41st legislative day, Passed, YEAS 11, NAYS 2."
2066991,2026-01-13,Senate,1,"First read in Senate and referred to Senate Commerce and Energy S.J. 10"
2067052,2026-01-13,Senate,1,"First read in Senate and referred to Senate Commerce and Energy S.J. 10"
2067052,2026-01-15,Senate,2,"Scheduled for hearing"
2067052,2026-01-22,Senate,3,"Scheduled for hearing S.J. 1"
2067052,2026-01-22,Senate,4,"Commerce and Energy Do Pass, Passed, YEAS 5, NAYS 4."
2067052,2026-01-23,Senate,5,"Senate Deferred to another day, Passed S.J. 91"
2067110,2026-01-13,Senate,1,"First read in Senate and referred to Senate Health and Human Services S.J. 13"
2067110,2026-01-21,Senate,2,"Scheduled for hearing S.J. 1"
2067110,2026-01-21,Senate,3,"Health and Human Services Motion to amend, Passed S.J. 3 Amendment 61A"
2067110,2026-01-21,Senate,4,"Health and Human Services Report out of committee without recommendation as amended, Passed, YEAS 7, NAYS 0. S.J. 4"
2067110,2026-01-22,Senate,5,"Placed on calendar pursuant to JR 6F-6, Failed, YEAS 14, NAYS 19. S.J. 82"
2067171,2026-01-13,Senate,1,"First read in Senate and referred to Senate Commerce and Energy S.J. 10"
2067171,2026-01-22,Senate,2,"Scheduled for hearing S.J. 1"
2067171,2026-01-22,Senate,3,"Commerce and Energy Do Pass, Passed, YEAS 9, NAYS 0."
2067171,2026-01-23,Senate,4,"Senate Do Pass, Passed, YEAS 31, NAYS 3. S.J. 95"
2067230,2026-01-13,House,1,"First read in House and referred to House Transportation H.J. 15"
2067230,2026-01-20,House,2,"Scheduled for hearing H.J. 1"
2067230,2026-01-20,House,3,"Transportation Motion to amend, Passed H.J. 3 Amendment 1034B"
2067230,2026-01-20,House,4,"Transportation Do Pass Amended, Passed, YEAS 10, NAYS 3. H.J. 3"
2067230,2026-01-22,House,5,"House of Representatives Deferred to another day, Passed H.J. 115"
2067230,2026-01-23,House,6,"House of Representatives Do Pass Amended, Passed, YEAS 42, NAYS 22. H.J. 127"
2067292,2026-01-13,Senate,1,"First read in Senate and referred to Senate Commerce and Energy S.J. 10"
2067292,2026-01-15,Senate,2,"Scheduled for hearing"
2067292,2026-01-15,Senate,3,"Commerce and Energy Do Pass, Passed, YEAS 8, NAYS 0."
2067292,2026-01-15,Senate,4,"Certified uncontested, placed on consent"
2067292,2026-01-16,Senate,5,"Remove from Consent Calendar S.J. 60"
2067292,2026-01-20,Senate,6,"Senate Do Pass, Passed, YEAS 28, NAYS 4. S.J. 69"
2067292,2026-01-21,House,7,"First Reading House H.J. 105"
2067292,2026-01-22,House,8,"Referred to House Commerce and Energy H.J. 114"
2067353,2026-01-13,Senate,1,"First read in Senate and referred to Senate Retirement Laws S.J. 14"
2067353,2026-01-20,Senate,2,"Scheduled for hearing"
2067353,2026-01-20,Senate,3,"Retirement Laws Do Pass, Passed, YEAS 5, NAYS 0. S.J. 1"
2067353,2026-01-20,Senate,4,"Certified uncontested, placed on consent S.J. 1"
2067353,2026-01-22,Senate,5,"Senate Do Pass, Passed, YEAS 34, NAYS 0. S.J. 83"
2067353,2026-01-23,House,6,"First Reading House H.J. 125"
2067416,2026-01-13,House,1,"First read in House and referred to House Commerce and Energy H.J. 11"
2067416,2026-01-21,House,2,"Scheduled for hearing"
2067416,2026-01-21,House,3,"Commerce and Energy Do Pass, Passed, YEAS 13, NAYS 0. H.J. 3"
2067416,2026-01-22,House,4,"House of Representatives Deferred to another day, Passed H.J. 115"
2067416,2026-01-23,House,5,"House of Representatives Deferred to another day, Passed H.J. 128"
2067481,2026-01-13,House,1,"First Reading House H.J. 15"
2067481,2026-01-15,House,2,"Referred to Joint Committee on Appropriations H.J. 37"
2067481,2026-01-22,Joint,3,"Scheduled for hearing J.J. 1"
2067481,2026-01-22,Joint,4,"Committee on Appropriations Motion to amend, Passed, YEAS 15, NAYS 3. J.J. 13 Amendment 1044B"
2067481,2026-01-22,Joint,5,"Committee on Appropriations Do Pass Amended, Passed, YEAS 16, NAYS 2. J.J. 13"
2067569,2026-01-13,House,1,"First Reading House H.J. 15"
2067569,2026-01-15,House,2,"Referred to Joint Committee on Appropriations H.J. 37"
2067569,2026-01-26,Joint,3,"Scheduled for hearing J.J. 1"
2067659,2026-01-13,House,1,"First read in House and referred to House Judiciary H.J. 13"
2067746,2026-01-13,House,1,"First Reading House H.J. 15"
2067746,2026-01-15,House,2,"Referred to Joint Committee on Appropriations H.J. 37"
2067837,2026-01-13,House,1,"First read in House and referred to House Health and Human Services H.J. 12"
2067837,2026-01-22,House,2,"Scheduled for hearing H.J. 1"
2067837,2026-01-22,House,3,"Health and Human Services Tabled, Passed, YEAS 13, NAYS 0. H.J. 1"
2067923,2026-01-13,House,1,"First Reading House H.J. 15"
2067923,2026-01-15,House,2,"Referred to Joint Committee on Appropriations H.J. 37"
2068422,2026-01-13,Senate,1,"First read in Senate and referred to Senate Transportation S.J. 17"
2068422,2026-01-21,Senate,2,"Scheduled for hearing S.J. 1"
2068422,2026-01-21,Senate,3,"Transportation Deferred to the 41st legislative day, Passed, YEAS 7, NAYS 0. S.J. 3"
2068495,2026-01-13,Senate,1,"First read in Senate and referred to Senate Transportation S.J. 17"
2068495,2026-01-21,Senate,2,"Scheduled for hearing S.J. 1"
2068495,2026-01-21,Senate,3,"Transportation Do Pass, Passed, YEAS 5, NAYS 2. S.J. 3"
2068495,2026-01-22,Senate,4,"Senate Deferred to another day, Passed S.J. 85"
2068495,2026-01-23,Senate,5,"Senate Deferred to another day, Passed S.J. 96"
2068570,2026-01-13,Senate,1,"First read in Senate and referred to Senate Committee on Appropriations S.J. 11"
2068570,2026-01-21,Senate,2,"Referred to Joint Committee on Appropriations, Passed S.J. 74"
2068645,2026-01-13,Senate,1,"First read in Senate and referred to Senate Committee on Appropriations S.J. 11"
2068645,2026-01-21,Senate,2,"Referred to Joint Committee on Appropriations, Passed S.J. 74"
2068724,2026-01-13,Senate,1,"First read in Senate and referred to Senate State Affairs S.J. 15"
2068724,2026-01-26,Senate,2,"Scheduled for hearing S.J. 1"
2068804,2026-01-13,Senate,1,"First read in Senate and referred to Senate Committee on Appropriations S.J. 11"
2068804,2026-01-21,Senate,2,"Referred to Joint Committee on Appropriations, Passed S.J. 74"
2068886,2026-01-13,House,1,"First Reading House H.J. 15"
2068886,2026-01-15,House,2,"Referred to Joint Committee on Appropriations H.J. 37"
2068886,2026-01-26,Joint,3,"Scheduled for hearing J.J. 1"
2068915,2026-01-13,House,1,"First Reading House H.J. 15"
2068915,2026-01-15,House,2,"Referred to Joint Committee on Appropriations H.J. 37"
2068915,2026-01-26,Joint,3,"Scheduled for hearing J.J. 1"
2068948,2026-01-13,Senate,1,"First read in Senate and referred to Senate Committee on Appropriations S.J. 11"
2068948,2026-01-27,Senate,2,"Scheduled for hearing"
2068982,2026-01-13,Senate,1,"First read in Senate and referred to Senate Committee on Appropriations S.J. 11"
2069015,2026-01-13,Senate,1,"First read in Senate and referred to Senate Committee on Appropriations S.J. 11"
2069015,2026-01-27,Senate,2,"Scheduled for hearing"
2069052,2026-01-13,Senate,1,"First read in Senate and referred to Senate Committee on Appropriations S.J. 11"
2069052,2026-01-27,Senate,2,"Scheduled for hearing"
2069083,2026-01-13,House,1,"First Reading House H.J. 15"
2069083,2026-01-15,House,2,"Referred to Joint Committee on Appropriations H.J. 37"
2069115,2026-01-13,House,1,"First read in House and referred to House Judiciary H.J. 13"
2069147,2026-01-13,Senate,1,"First read in Senate and referred to Senate Committee on Appropriations S.J. 11"
2069344,2026-01-13,House,1,"First Reading House H.J. 15"
2069344,2026-01-15,House,2,"Referred to Joint Committee on Appropriations H.J. 37"
2069404,2026-01-13,House,1,"First read in House and referred to House Agriculture and Natural Resources H.J. 11"
2069404,2026-01-15,House,2,"Scheduled for hearing"
2069404,2026-01-15,House,3,"Agriculture and Natural Resources Motion to amend, Passed H.J. 1 Amendment 1052A"
2069404,2026-01-15,House,4,"Agriculture and Natural Resources Do Pass Amended, Passed, YEAS 12, NAYS 0. H.J. 1"
2069404,2026-01-20,House,5,"House of Representatives Do Pass, Passed, YEAS 60, NAYS 9. H.J. 54"
2069404,2026-01-21,Senate,6,"First read in Senate and referred to Senate Agriculture and Natural Resources S.J. 75"
2069462,2026-01-13,House,1,"First read in House and referred to House Transportation H.J. 15"
2069462,2026-01-20,House,2,"Scheduled for hearing H.J. 1"
2069520,2026-01-13,House,1,"First read in House and referred to House Commerce and Energy H.J. 11"
2069520,2026-01-16,House,2,"Scheduled for hearing H.J. 1"
2069520,2026-01-16,House,3,"Commerce and Energy Do Pass, Passed, YEAS 13, NAYS 0. H.J. 1"
2069520,2026-01-16,House,4,"Certified uncontested, placed on consent H.J. 1"
2069520,2026-01-20,House,5,"Remove from Consent Calendar H.J. 53"
2069520,2026-01-21,House,6,"House of Representatives Motion to amend, Passed H.J. 106 Amendment 1049A"
2069520,2026-01-21,House,7,"House of Representatives Do Pass Amended, Passed, YEAS 68, NAYS 0. H.J. 106"
2069520,2026-01-22,Senate,8,"First Reading Senate S.J. 83"
2069520,2026-01-23,Senate,9,"Referred to Senate Commerce and Energy S.J. 93"
2069923,2026-01-13,House,1,"First read in House and referred to House Commerce and Energy H.J. 11"
2069923,2026-01-21,House,2,"Scheduled for hearing"
2069923,2026-01-21,House,3,"Commerce and Energy Do Pass, Passed, YEAS 13, NAYS 0. H.J. 3"
2069923,2026-01-21,House,4,"Certified uncontested, placed on consent H.J. 3"
2069923,2026-01-22,House,5,"House of Representatives Do Pass, Passed, YEAS 67, NAYS 0. H.J. 115"
2069923,2026-01-23,Senate,6,"First read in Senate and referred to Senate Commerce and Energy S.J. 92"
2069959,2026-01-13,Senate,1,"First read in Senate and referred to Senate Health and Human Services S.J. 13"
2069959,2026-01-21,Senate,2,"Scheduled for hearing S.J. 1"
2069959,2026-01-21,Senate,3,"Health and Human Services Report out of committee without recommendation, Passed, YEAS 7, NAYS 0. S.J. 4"
2069959,2026-01-22,Senate,4,"Placed on calendar pursuant to JR 6F-6, Failed, YEAS 13, NAYS 20. S.J. 82"
2069996,2026-01-13,Senate,1,"First read in Senate and referred to Senate Committee on Appropriations S.J. 11"
2069996,2026-01-21,Senate,2,"Referred to Joint Committee on Appropriations, Passed S.J. 74"
2070031,2026-01-13,Senate,1,"First read in Senate and referred to Senate Committee on Appropriations S.J. 11"
2070069,2026-01-13,House,1,"First read in House and referred to House Judiciary H.J. 13"
2070069,2026-01-16,House,2,"Scheduled for hearing"
2070069,2026-01-16,House,3,"Judiciary Do Pass, Passed, YEAS 13, NAYS 0."
2070069,2026-01-16,House,4,"Certified uncontested, placed on consent"
2070069,2026-01-20,House,5,"House of Representatives Do Pass, Passed, YEAS 69, NAYS 0. H.J. 53"
2070069,2026-01-21,Senate,6,"First read in Senate and referred to Senate Judiciary S.J. 75"
2070105,2026-01-13,House,1,"First read in House and referred to House Health and Human Services H.J. 12"
2070105,2026-01-22,House,2,"Scheduled for hearing H.J. 1"
2070105,2026-01-22,House,3,"Health and Human Services Deferred to the 41st legislative day, Passed, YEAS 12, NAYS 1. H.J. 1"
2071513,2026-01-13,Senate,1,"First read in Senate and referred to Senate Health and Human Services S.J. 13"
2071513,2026-01-21,Senate,2,"Withdrawn at the Request of the Prime Sponsor S.J. 74"
2072572,2026-01-14,Senate,1,"First read in Senate and referred to Senate Transportation S.J. 35"
2072572,2026-01-23,Senate,2,"Scheduled for hearing S.J. 1"
2072572,2026-01-23,Senate,3,"Transportation Motion to amend, Passed S.J. 5 Amendment 83A"
2072572,2026-01-23,Senate,4,"Transportation Do Pass Amended, Failed, YEAS 3, NAYS 4. S.J. 6"
2072572,2026-01-23,Senate,5,"Transportation Deferred to the 41st legislative day, Passed, YEAS 4, NAYS 3. S.J. 6"
2072641,2026-01-14,House,1,"First read in House and referred to House Commerce and Energy H.J. 24"
2072641,2026-01-23,House,2,"Scheduled for hearing"
2072641,2026-01-23,House,3,"Commerce and Energy Motion to amend, Passed H.J. 5 Amendment 1061A"
2072641,2026-01-23,House,4,"Commerce and Energy Motion to amend, Passed H.J. 5 Amendment 1061B"
2072641,2026-01-23,House,5,"Commerce and Energy Deferred to the 41st legislative day, Passed, YEAS 8, NAYS 4. H.J. 5"
2072712,2026-01-14,House,1,"First read in House and referred to House Agriculture and Natural Resources H.J. 24"
2072781,2026-01-14,House,1,"First read in House and referred to House State Affairs H.J. 24"
2072781,2026-01-23,House,2,"Scheduled for hearing"
2072781,2026-01-23,House,3,"State Affairs Motion to amend, Passed H.J. 1 Amendment HJR5001A"
2072781,2026-01-23,House,4,"State Affairs Motion to amend, Passed H.J. 1 Amendment HJR5001B"
2072781,2026-01-23,House,5,"State Affairs Do Pass Amended, Passed, YEAS 10, NAYS 3. H.J. 1"
2072853,2026-01-14,House,1,"First read in House and referred to House Health and Human Services H.J. 24"
2072925,2026-01-21,House,1,"First read in House and referred to House Commerce and Energy H.J. 104"
2072925,2026-01-26,House,2,"Scheduled for hearing"
2072996,2026-01-14,Senate,1,"First read in Senate and referred to Senate Judiciary S.J. 34"
2072996,2026-01-27,Senate,2,"Scheduled for hearing"
2073066,2026-01-14,Senate,1,"First read in Senate and referred to Senate Judiciary S.J. 34"
2073066,2026-01-27,Senate,2,"Scheduled for hearing"
2073138,2026-01-14,Senate,1,"First read in Senate and referred to Senate State Affairs S.J. 35"
2073138,2026-01-23,Senate,2,"Scheduled for hearing"
2073138,2026-01-23,Senate,3,"State Affairs Do Pass, Passed, YEAS 8, NAYS 1. S.J. 5"
2073209,2026-01-14,House,1,"First read in House and referred to House Local Government H.J. 24"
2073209,2026-01-22,House,2,"Scheduled for hearing"
2073209,2026-01-22,House,3,"Local Government Do Pass, Passed, YEAS 12, NAYS 0. H.J. 2"
2073209,2026-01-22,House,4,"Certified uncontested, placed on consent H.J. 2"
2073209,2026-01-23,House,5,"House of Representatives Do Pass, Passed, YEAS 64, NAYS 0. H.J. 126"
2073279,2026-01-14,House,1,"First read in House and referred to House Transportation H.J. 25"
2073279,2026-01-22,House,2,"Scheduled for hearing H.J. 1"
2073279,2026-01-22,House,3,"Transportation Deferred to the 41st legislative day, Passed, YEAS 10, NAYS 0. H.J. 5"
2073353,2026-01-14,House,1,"First read in House and referral to committee waived pursuant to JR 6D-1 H.J. 23"
2073353,2026-01-15,House,2,"House of Representatives Motion to amend, Passed H.J. 35 Amendment HR7001D"
2073353,2026-01-15,House,3,"House of Representatives Adopt Resolution as amended, Passed, YEAS 62, NAYS 5. H.J. 35"
2073931,2026-01-14,Senate,1,"First read in Senate and referred to Senate Education S.J. 34"
2073931,2026-01-22,Senate,2,"Scheduled for hearing S.J. 1"
2073931,2026-01-22,Senate,3,"Education Do Pass, Passed, YEAS 7, NAYS 0. S.J. 3"
2073931,2026-01-23,Senate,4,"Senate Motion to amend, Passed S.J. 96 Amendment 84A"
2073931,2026-01-23,Senate,5,"Senate Do Pass Amended, Passed, YEAS 34, NAYS 0. S.J. 96"
2073960,2026-01-14,Senate,1,"First read in Senate and referred to Senate Education S.J. 34"
2073960,2026-01-22,Senate,2,"Scheduled for hearing S.J. 1"
2073960,2026-01-22,Senate,3,"Education Motion to amend, Passed S.J. 3 Amendment 85B"
2073960,2026-01-22,Senate,4,"Education Do Pass Amended, Passed, YEAS 4, NAYS 3. S.J. 3"
2073990,2026-01-14,Senate,1,"First read in Senate and referred to Senate Commerce and Energy S.J. 34"
2073990,2026-01-27,Senate,2,"Scheduled for hearing"
2074021,2026-01-14,House,1,"First read in House and referred to House Judiciary H.J. 24"
2074021,2026-01-23,House,2,"Scheduled for hearing"
2074021,2026-01-23,House,3,"Judiciary Do Pass, Passed, YEAS 11, NAYS 2."
2077406,2026-01-14,House,1,"First read in House and referred to House Commerce and Energy H.J. 24"
2077406,2026-01-21,House,2,"Scheduled for hearing"
2077406,2026-01-21,House,3,"Commerce and Energy Deferred to the 41st legislative day, Passed, YEAS 12, NAYS 1. H.J. 3"
2077407,2026-01-14,Senate,1,"First read in Senate and referral to committee waived pursuant to JR 6D-1 S.J. 34"
2077407,2026-01-15,Senate,2,"Senate Motion to amend, Passed S.J. 50 Amendment SR701C"
2077407,2026-01-15,Senate,3,"Senate Motion to amend, Passed, YEAS 18, NAYS 15. S.J. 50 Amendment SR701A"
2077407,2026-01-15,Senate,4,"Senate Adopt Resolution as amended, Passed, YEAS 33, NAYS 0. S.J. 51"
2077671,2026-01-15,House,1,"First read in House and referred to House Judiciary H.J. 36"
2077858,2026-01-15,House,1,"First Reading House H.J. 37"
2077858,2026-01-22,House,2,"Referred to House Health and Human Services H.J. 113"
2078047,2026-01-15,Senate,1,"First read in Senate and referred to Senate Health and Human Services S.J. 55"
2078239,2026-01-15,House,1,"First read in House and referred to House Agriculture and Natural Resources H.J. 36"
2078239,2026-01-27,House,2,"Scheduled for hearing H.J. 1"
2078425,2026-01-15,House,1,"First read in House and referred to House Commerce and Energy H.J. 36"
2078425,2026-01-20,House,2,"Withdrawn at the Request of the Prime Sponsor H.J. 51"
2078605,2026-01-15,House,1,"First Reading House H.J. 34"
2078605,2026-01-21,House,2,"Committee referral waived pursuant to JR 6D-1 H.J. 105"
2078605,2026-01-22,House,3,"House of Representatives Adopt Resolution, Passed, YEAS 68, NAYS 0. H.J. 111"
2078605,2026-01-23,Senate,4,"First read in Senate and referral to committee waived pursuant to JR 6D-1 S.J. 90"
2078782,2026-01-15,Senate,1,"First read in Senate and referred to Senate Commerce and Energy S.J. 55"
2078960,2026-01-15,House,1,"First read in House and referred to House Health and Human Services H.J. 36"
2079138,2026-01-15,House,1,"First read in House and referred to House Transportation H.J. 36"
2079138,2026-01-22,House,2,"Scheduled for hearing H.J. 1"
2079138,2026-01-22,House,3,"Transportation Motion to amend, Passed H.J. 5 Amendment 1069A"
2079138,2026-01-22,House,4,"Transportation Deferred to the 41st legislative day, Passed, YEAS 9, NAYS 1. H.J. 5"
2079315,2026-01-15,House,1,"First read in House and referred to House Transportation H.J. 36"
2079315,2026-01-27,House,2,"Scheduled for hearing"
2079490,2026-01-15,House,1,"First read in House and referred to House Judiciary H.J. 36"
2079665,2026-01-15,House,1,"First read in House and referred to Joint Committee on Appropriations H.J. 37"
2079724,2026-01-15,House,1,"First Reading House H.J. 34"
2079724,2026-01-16,House,2,"Referred to House Commerce and Energy H.J. 41"
2079724,2026-01-23,House,3,"Scheduled for hearing"
2079724,2026-01-23,House,4,"Commerce and Energy Do Pass, Passed, YEAS 8, NAYS 4. H.J. 5"
2080466,2026-01-15,House,1,"First Reading House H.J. 37"
2080466,2026-01-21,House,2,"Referred to House Taxation H.J. 104"
2080466,2026-01-29,House,3,"Scheduled for hearing"
2080486,2026-01-15,House,1,"First read in House and referred to House Education H.J. 36"
2080506,2026-01-15,House,1,"First Reading House H.J. 37"
2080506,2026-01-21,House,2,"Referred to House Taxation H.J. 104"
2080506,2026-01-29,House,3,"Scheduled for hearing"
2080731,2026-01-15,Senate,1,"First read in Senate and referred to Senate Local Government S.J. 55"
2080731,2026-01-23,Senate,2,"Scheduled for hearing"
2080901,2026-01-15,Senate,1,"First read in Senate and referred to Senate Health and Human Services S.J. 55"
2081070,2026-01-15,House,1,"First read in House and referred to House Judiciary H.J. 36"
2081070,2026-01-23,House,2,"Scheduled for hearing"
2081070,2026-01-23,House,3,"Judiciary Motion to amend, Passed Amendment 1076B"
2081070,2026-01-23,House,4,"Judiciary Do Pass Amended, Passed, YEAS 13, NAYS 0."
2081233,2026-01-15,Senate,1,"First read in Senate and referred to Senate Local Government S.J. 55"
2081233,2026-01-23,Senate,2,"Scheduled for hearing"
2081399,2026-01-15,Senate,1,"First read in Senate and referred to Senate Health and Human Services S.J. 55"
2081399,2026-01-21,Senate,2,"Scheduled for hearing S.J. 1"
2081399,2026-01-26,Senate,3,"Scheduled for hearing S.J. 1"
2081564,2026-01-15,Senate,1,"First read in Senate and referred to Senate State Affairs S.J. 55"
2081564,2026-01-21,Senate,2,"Scheduled for hearing S.J. 1"
2081564,2026-01-21,Senate,3,"State Affairs Do Pass, Passed, YEAS 8, NAYS 0. S.J. 3"
2081564,2026-01-21,Senate,4,"Certified uncontested, placed on consent S.J. 3"
2081564,2026-01-22,Senate,5,"Remove from Consent Calendar S.J. 83"
2081564,2026-01-23,Senate,6,"Senate Deferred to another day, Passed S.J. 91"
2081575,2026-01-15,House,1,"First Reading House H.J. 34"
2081575,2026-01-16,House,2,"Committee referral waived pursuant to JR 6D-1 H.J. 41"
2081575,2026-01-20,House,3,"House of Representatives Adopt Resolution, Passed, YEAS 68, NAYS 1. H.J. 51"
2081575,2026-01-21,Senate,4,"First Reading Senate S.J. 74"
2081575,2026-01-23,Senate,5,"Committee referral waived pursuant to JR 6D-1 S.J. 91"
2081915,2026-01-16,House,1,"First read in House and referred to House Agriculture and Natural Resources H.J. 42"
2081915,2026-01-27,House,2,"Scheduled for hearing H.J. 1"
2082246,2026-01-16,Senate,1,"First read in Senate and referred to Senate State Affairs S.J. 60"
2082973,2026-01-16,House,1,"First read in House and referred to House Education H.J. 42"
2082973,2026-01-21,House,2,"Scheduled for hearing"
2082973,2026-01-21,House,3,"Education Do Pass, Passed, YEAS 12, NAYS 3. H.J. 1"
2082973,2026-01-22,House,4,"House of Representatives Deferred to another day, Passed H.J. 115"
2082973,2026-01-23,House,5,"House of Representatives Do Pass, Failed, YEAS 33, NAYS 31. H.J. 127"
2082973,2026-01-23,House,6,"Intent to reconsider H.J. 128"
2083361,2026-01-16,Senate,1,"First Reading Senate S.J. 60"
2083361,2026-01-20,Senate,2,"Referred to Senate Judiciary S.J. 67"
2083363,2026-01-16,House,1,"First read in House and referred to House Transportation H.J. 43"
2083363,2026-01-27,House,2,"Scheduled for hearing"
2083739,2026-01-16,House,1,"First read in House and referred to House Education H.J. 42"
2083739,2026-01-26,House,2,"Scheduled for hearing"
2083788,2026-01-16,House,1,"First Reading House H.J. 41"
2083788,2026-01-21,House,2,"Committee referral waived pursuant to JR 6D-1 H.J. 105"
2083788,2026-01-22,House,3,"House of Representatives Adopt Resolution, Failed, YEAS 26, NAYS 42. H.J. 112"
2083839,2026-01-16,House,1,"First read in House and referred to House Judiciary H.J. 43"
2083839,2026-01-26,House,2,"Scheduled for hearing"
2083893,2026-01-16,House,1,"First read in House and referred to House Judiciary H.J. 43"
2083893,2026-01-26,House,2,"Scheduled for hearing"
2083943,2026-01-16,House,1,"First Reading House H.J. 43"
2083943,2026-01-22,House,2,"Referred to House Judiciary H.J. 113"
2083943,2026-01-26,House,3,"Scheduled for hearing"
2083993,2026-01-16,House,1,"First read in House and referred to House Military and Veterans Affairs H.J. 43"
2083993,2026-01-22,House,2,"Scheduled for hearing"
2083993,2026-01-22,House,3,"Military and Veterans Affairs Do Pass, Passed, YEAS 13, NAYS 0."
2084001,2026-01-20,House,1,"First Reading House H.J. 52"
2084001,2026-01-21,House,2,"Referred to House State Affairs H.J. 105"
2084001,2026-01-26,House,3,"Scheduled for hearing H.J. 1"
2084127,2026-01-20,House,1,"First read in House and referred to Joint Committee on Appropriations H.J. 52"
2084250,2026-01-20,Senate,1,"First read in Senate and referred to Senate Taxation S.J. 67"
2084379,2026-01-20,House,1,"First read in House and referred to House Health and Human Services H.J. 51"
2084506,2026-01-20,House,1,"First read in House and referred to House Local Government H.J. 51"
2084506,2026-01-22,House,2,"Scheduled for hearing"
2084506,2026-01-22,House,3,"Local Government Do Pass, Passed, YEAS 12, NAYS 0. H.J. 3"
2084506,2026-01-22,House,4,"Certified uncontested, placed on consent H.J. 3"
2084506,2026-01-23,House,5,"House of Representatives Do Pass, Passed, YEAS 64, NAYS 0. H.J. 126"
2085315,2026-01-20,Senate,1,"First read in Senate and referred to Senate Taxation S.J. 67"
2085402,2026-01-20,Senate,1,"First read in Senate and referred to Senate Commerce and Energy S.J. 66"
2085509,2026-01-20,House,1,"First read in House and referred to House Local Government H.J. 52"
2085509,2026-01-27,House,2,"Scheduled for hearing"
2085511,2026-01-20,House,1,"First read in House and referred to House State Affairs H.J. 52"
2085511,2026-01-23,House,2,"Scheduled for hearing"
2085511,2026-01-23,House,3,"State Affairs Deferred to the 41st legislative day, Passed, YEAS 10, NAYS 3. H.J. 1"
2085513,2026-01-20,House,1,"First Reading House H.J. 52"
2085513,2026-01-21,House,2,"Referred to House Committee on Appropriations H.J. 105"
2085514,2026-01-20,House,1,"First Reading House H.J. 52"
2085514,2026-01-22,House,2,"Referred to House Local Government H.J. 114"
2085514,2026-01-27,House,3,"Scheduled for hearing"
2085915,2026-01-20,Senate,1,"First read in Senate and referred to Senate Taxation S.J. 67"
2085916,2026-01-20,Senate,1,"First read in Senate and referred to Senate Commerce and Energy S.J. 66"
2086018,2026-01-20,House,1,"First read in House and referred to House Commerce and Energy H.J. 51"
2086346,2026-01-20,House,1,"First read in House and referred to House State Affairs H.J. 52"
2086346,2026-01-26,House,2,"Scheduled for hearing H.J. 1"
2086395,2026-01-20,House,1,"First Reading House H.J. 52"
2086395,2026-01-21,House,2,"Referred to Joint Committee on Appropriations H.J. 105"
2086448,2026-01-20,House,1,"First read in House and referred to House Health and Human Services H.J. 51"
2086500,2026-01-20,Senate,1,"First read in Senate and referred to Senate Committee on Appropriations S.J. 66"
2086500,2026-01-23,Senate,2,"Referred to Joint Committee on Appropriations, Passed S.J. 91"
2086547,2026-01-20,House,1,"First read in House and referred to House Judiciary H.J. 52"
2086547,2026-01-23,House,2,"Scheduled for hearing"
2086547,2026-01-23,House,3,"Judiciary Do Pass, Passed, YEAS 13, NAYS 0."
2086547,2026-01-23,House,4,"Certified uncontested, placed on consent"
2086596,2026-01-20,Senate,1,"First read in Senate and referred to Senate State Affairs S.J. 66"
2086596,2026-01-26,Senate,2,"Scheduled for hearing S.J. 1"
2086604,2026-01-21,House,1,"First read in House and referred to House Health and Human Services H.J. 104"
2086715,2026-01-21,House,1,"First read in House and referred to House Agriculture and Natural Resources H.J. 103"
2086825,2026-01-21,Senate,1,"First read in Senate and referred to Senate Judiciary S.J. 75"
2086931,2026-01-20,House,1,"First Reading House H.J. 52"
2086931,2026-01-21,House,2,"Referred to House Education H.J. 105"
2086931,2026-01-26,House,3,"Scheduled for hearing"
2087047,2026-01-21,House,1," H.J. 107"
2087607,2026-01-21,House,1,"First read in House and referred to House Commerce and Energy H.J. 104"
2087607,2026-01-26,House,2,"Scheduled for hearing"
2087646,2026-01-21,Senate,1,"First read in Senate and referred to Senate Commerce and Energy S.J. 74"
2087646,2026-01-27,Senate,2,"Scheduled for hearing"
2087670,2026-01-21,Senate,1,"First read in Senate and referred to Senate Health and Human Services S.J. 74"
2087680,2026-01-21,House,1,"First read in House and referred to House State Affairs H.J. 104"
2087680,2026-01-23,House,2,"Scheduled for hearing"
2087680,2026-01-23,House,3,"State Affairs Motion to amend, Passed H.J. 1 Amendment 1102A"
2087680,2026-01-23,House,4,"State Affairs Do Pass Amended, Passed, YEAS 13, NAYS 0. H.J. 1"
2087858,2026-01-21,House,1,"First read in House and referred to House Agriculture and Natural Resources H.J. 103"
2088039,2026-01-21,Senate,1,"First read in Senate and referred to Senate Education S.J. 74"
2088222,2026-01-22,House,1,"First read in House and referred to House Judiciary H.J. 113"
2088299,2026-01-21,House,1,"First read in House and referred to House Transportation H.J. 104"
2088299,2026-01-27,House,2,"Scheduled for hearing"
2088379,2026-01-22,House,1,"First read in House and referred to House Local Government H.J. 113"
2088457,2026-01-22,House,1,"First read in House and referred to House State Affairs H.J. 113"
2088532,2026-01-22,House,1,"First read in House and referred to House Judiciary H.J. 113"
2088609,2026-01-22,House,1,"First read in House and referred to House Local Government H.J. 113"
2088609,2026-01-27,House,2,"Scheduled for hearing"
2088689,2026-01-22,House,1,"First read in House and referred to House Judiciary H.J. 113"
2088771,2026-01-22,House,1,"First read in House and referred to House Agriculture and Natural Resources H.J. 112"
2088849,2026-01-22,House,1,"First read in House and referred to House State Affairs H.J. 113"
2088932,2026-01-22,Senate,1,"First read in Senate and referred to S.J. 82"
2088932,2026-01-23,Senate,2,"Referred to Senate Judiciary S.J. 92"
2089700,2026-01-22,Senate,1,"First read in Senate and referred to S.J. 82"
2089700,2026-01-23,Senate,2,"Referred to Senate State Affairs S.J. 92"
2089930,2026-01-22,House,1,"First read in House and referred to House Health and Human Services H.J. 112"
2090271,2026-01-23,Senate,1,"First Reading Senate S.J. 91"
2090374,2026-01-23,Senate,1,"First Reading Senate S.J. 91"
2090478,2026-01-23,Senate,1,"First Reading Senate S.J. 91"
2090580,2026-01-23,House,1,"First Reading House H.J. 124"
2090678,2026-01-23,Senate,1,"First read in Senate and referral to committee waived pursuant to JR 6D-1 S.J. 90"
2090780,2026-01-23,House,1,"First Reading House H.J. 123"
2090889,2026-01-23,House,1,"First Reading House H.J. 124"
2090992,2026-01-23,Senate,1,"First read in Senate and referred to Senate Taxation S.J. 92"
2091096,2026-01-23,Senate,1,"First read in Senate and referral to committee waived pursuant to JR 6D-1 S.J. 90"
2091199,2026-01-23,Senate,1,"First read in Senate and referred to Senate State Affairs S.J. 92"
2091201,2026-01-23,Senate,1,"First read in Senate and referred to Senate Judiciary S.J. 92"
2091402,2026-01-23,Senate,1,"First read in Senate and referred to Senate State Affairs S.J. 92"
2091402,2026-01-26,Senate,2,"Scheduled for hearing S.J. 1"
2091418,2026-01-23,Senate,1,"First read in Senate and referred to Senate Agriculture and Natural Resources S.J. 91"
2091494,2026-01-23,House,1,"First read in House and referred to House State Affairs H.J. 124"
2091526,2026-01-23,Senate,1,"First Reading Senate S.J. 90"
2091563,2026-01-23,House,1,"First read in House and referred to House Health and Human Services H.J. 124"
2091601,2026-01-23,House,1,"First Reading House H.J. 124"
2091639,2026-01-23,House,1,"First read in House and referred to House Agriculture and Natural Resources H.J. 123"
2091678,2026-01-23,House,1,"First Reading House H.J. 124"
2091715,2026-01-23,House,1,"First read in House and referred to Joint Committee on Appropriations H.J. 124"
2091752,2026-01-23,House,1,"First read in House and referred to House Judiciary H.J. 124"
2091790,2026-01-23,House,1,"First Reading House H.J. 124"
2091827,2026-01-23,House,1,"First Reading House H.J. 124"
2091866,2026-01-23,House,1,"First read in House and referred to House Agriculture and Natural Resources H.J. 123"
