bill_id,session_id,bill_number,status,status_desc,status_date,title,description,committee_id,committee,last_action_date,last_action,url,state_link
2046106,2228,HB1001,4,Passed,2025-10-14,"Great Salt Lake Amendments","Great Salt Lake Amendments",0,,2025-10-14,"Governor Signed in Lieutenant Governor's office for filing",https://legiscan.com/UT/bill/HB1001/2025/X1,https://le.utah.gov/~2025S1/bills/static/HB1001.html
2046118,2228,HB1002,4,Passed,2025-10-14,"Property Manager Amendments","Property Manager Amendments",0,,2025-10-14,"Governor Signed in Lieutenant Governor's office for filing",https://legiscan.com/UT/bill/HB1002/2025/X1,https://le.utah.gov/~2025S1/bills/static/HB1002.html
2046109,2228,HB1003,4,Passed,2025-10-14,"Emissions Inspection Amendments","Emissions Inspection Amendments",0,,2025-10-14,"Governor Signed in Lieutenant Governor's office for filing",https://legiscan.com/UT/bill/HB1003/2025/X1,https://le.utah.gov/~2025S1/bills/static/HB1003.html
2046114,2228,HB1004,4,Passed,2025-10-14,"Election Records Amendments","Election Records Amendments",0,,2025-10-14,"Governor Signed in Lieutenant Governor's office for filing",https://legiscan.com/UT/bill/HB1004/2025/X1,https://le.utah.gov/~2025S1/bills/static/HB1004.html
2046111,2228,HB1005,4,Passed,2025-10-14,"County Governance Amendments","County Governance Amendments",0,,2025-10-14,"Governor Signed in Lieutenant Governor's office for filing",https://legiscan.com/UT/bill/HB1005/2025/X1,https://le.utah.gov/~2025S1/bills/static/HB1005.html
2046112,2228,HJR101,3,Enrolled,2025-10-06,"Joint Resolution on Federal Funds","Joint Resolution on Federal Funds",0,,2025-10-06,"House/ to Lieutenant Governor in Lieutenant Governor's office for filing",https://legiscan.com/UT/bill/HJR101/2025/X1,https://le.utah.gov/~2025S1/bills/static/HJR101.html
2046119,2228,SB1001,4,Passed,2025-10-14,"Higher Education Recodification","Higher Education Recodification",0,,2025-10-14,"Governor Signed in Lieutenant Governor's office for filing",https://legiscan.com/UT/bill/SB1001/2025/X1,https://le.utah.gov/~2025S1/bills/static/SB1001.html
2046115,2228,SB1002,4,Passed,2025-10-14,"Higher Education Recodification External References","Higher Education Recodification External References",0,,2025-10-14,"Governor Signed in Lieutenant Governor's office for filing",https://legiscan.com/UT/bill/SB1002/2025/X1,https://le.utah.gov/~2025S1/bills/static/SB1002.html
2046116,2228,SB1003,4,Passed,2025-10-14,"Judiciary Amendments","Judiciary Amendments",0,,2025-10-14,"Governor Signed in Lieutenant Governor's office for filing",https://legiscan.com/UT/bill/SB1003/2025/X1,https://le.utah.gov/~2025S1/bills/static/SB1003.html
2046113,2228,SB1004,4,Passed,2025-10-14,"Revisor's Technical Corrections to Utah Code","Revisor's Technical Corrections to Utah Code",0,,2025-10-14,"Governor Signed in Lieutenant Governor's office for filing",https://legiscan.com/UT/bill/SB1004/2025/X1,https://le.utah.gov/~2025S1/bills/static/SB1004.html
2046105,2228,SB1005,4,Passed,2025-10-14,"Local Option Sales Tax Amendments","Local Option Sales Tax Amendments",0,,2025-10-14,"Governor Signed in Lieutenant Governor's office for filing",https://legiscan.com/UT/bill/SB1005/2025/X1,https://le.utah.gov/~2025S1/bills/static/SB1005.html
2046108,2228,SB1006,4,Passed,2025-10-14,"Title 17 Recodification General Provisions and County Officers","Title 17 Recodification General Provisions and County Officers",0,,2025-10-14,"Governor Signed in Lieutenant Governor's office for filing",https://legiscan.com/UT/bill/SB1006/2025/X1,https://le.utah.gov/~2025S1/bills/static/SB1006.html
2046107,2228,SB1007,4,Passed,2025-10-14,"Title 17 Recodification County Programs and Related Provisions","Title 17 Recodification County Programs and Related Provisions",0,,2025-10-14,"Governor Signed in Lieutenant Governor's office for filing",https://legiscan.com/UT/bill/SB1007/2025/X1,https://le.utah.gov/~2025S1/bills/static/SB1007.html
2046102,2228,SB1008,4,Passed,2025-10-14,"Municipal Land Use, Development, and Management Act Recodification","Municipal Land Use, Development, and Management Act Recodification",0,,2025-10-14,"Governor Signed in Lieutenant Governor's office for filing",https://legiscan.com/UT/bill/SB1008/2025/X1,https://le.utah.gov/~2025S1/bills/static/SB1008.html
2046103,2228,SB1009,4,Passed,2025-10-14,"County Recodification External References Amendments","County Recodification External References Amendments",0,,2025-10-14,"Governor Signed in Lieutenant Governor's office for filing",https://legiscan.com/UT/bill/SB1009/2025/X1,https://le.utah.gov/~2025S1/bills/static/SB1009.html
2046110,2228,SB1010,4,Passed,2025-10-14,"County Recodification External References Modifications","County Recodification External References Modifications",0,,2025-10-14,"Governor Signed in Lieutenant Governor's office for filing",https://legiscan.com/UT/bill/SB1010/2025/X1,https://le.utah.gov/~2025S1/bills/static/SB1010.html
2046117,2228,SB1011,4,Passed,2025-10-06,"Redistricting Standards","Redistricting Standards",0,,2025-10-06,"Governor Signed in Lieutenant Governor's office for filing",https://legiscan.com/UT/bill/SB1011/2025/X1,https://le.utah.gov/~2025S1/bills/static/SB1011.html
2046104,2228,SB1012,4,Passed,2025-10-06,"Congressional Boundaries Designation","Congressional Boundaries Designation",0,,2025-10-06,"Governor Signed in Lieutenant Governor's office for filing",https://legiscan.com/UT/bill/SB1012/2025/X1,https://le.utah.gov/~2025S1/bills/static/SB1012.html
