bill_id,document_id,document_type,document_size,document_mime,document_desc,url,state_link
2046106,3272519,text,28494,application/pdf,Introduced,https://legiscan.com/UT/text/HB1001/id/3272519,https://le.utah.gov/Session/2025S1/bills/introduced/HB1001.pdf
2046106,3272520,text,28778,application/pdf,Enrolled,https://legiscan.com/UT/text/HB1001/id/3272520,https://le.utah.gov/Session/2025S1/bills/enrolled/HB1001.pdf
2046118,3272552,text,42579,application/pdf,Introduced,https://legiscan.com/UT/text/HB1002/id/3272552,https://le.utah.gov/Session/2025S1/bills/introduced/HB1002.pdf
2046118,3272553,text,42906,application/pdf,Enrolled,https://legiscan.com/UT/text/HB1002/id/3272553,https://le.utah.gov/Session/2025S1/bills/enrolled/HB1002.pdf
2046109,3272525,text,42691,application/pdf,Introduced,https://legiscan.com/UT/text/HB1003/id/3272525,https://le.utah.gov/Session/2025S1/bills/introduced/HB1003.pdf
2046109,3272526,text,43133,application/pdf,Enrolled,https://legiscan.com/UT/text/HB1003/id/3272526,https://le.utah.gov/Session/2025S1/bills/enrolled/HB1003.pdf
2046114,3272539,text,170818,application/pdf,Introduced,https://legiscan.com/UT/text/HB1004/id/3272539,https://le.utah.gov/Session/2025S1/bills/introduced/HB1004.pdf
2046114,3272540,text,171468,application/pdf,Substitute,https://legiscan.com/UT/text/HB1004/id/3272540,https://le.utah.gov/Session/2025S1/bills/introduced/HB1004S01.pdf
2046114,3272541,text,171388,application/pdf,Substitute,https://legiscan.com/UT/text/HB1004/id/3272541,https://le.utah.gov/Session/2025S1/bills/introduced/HB1004S03.pdf
2046114,3272542,text,171396,application/pdf,Substitute,https://legiscan.com/UT/text/HB1004/id/3272542,https://le.utah.gov/Session/2025S1/bills/introduced/HB1004S02.pdf
2046114,3272543,text,171082,application/pdf,Enrolled,https://legiscan.com/UT/text/HB1004/id/3272543,https://le.utah.gov/Session/2025S1/bills/enrolled/HB1004.pdf
2046111,3272530,text,44764,application/pdf,Introduced,https://legiscan.com/UT/text/HB1005/id/3272530,https://le.utah.gov/Session/2025S1/bills/introduced/HB1005.pdf
2046111,3272531,text,59351,application/pdf,Amended,https://legiscan.com/UT/text/HB1005/id/3272531,https://le.utah.gov/Session/2025S1/bills/amended/AV_HB1005S01_2025-10-06_12-00-15.pdf
2046111,3272532,text,47722,application/pdf,Substitute,https://legiscan.com/UT/text/HB1005/id/3272532,https://le.utah.gov/Session/2025S1/bills/introduced/HB1005S01.pdf
2046111,3272533,text,47863,application/pdf,Enrolled,https://legiscan.com/UT/text/HB1005/id/3272533,https://le.utah.gov/Session/2025S1/bills/enrolled/HB1005.pdf
2046112,3272534,text,21888,application/pdf,Introduced,https://legiscan.com/UT/text/HJR101/id/3272534,https://le.utah.gov/Session/2025S1/bills/introduced/HJR101.pdf
2046112,3272535,text,33424,application/pdf,Amended,https://legiscan.com/UT/text/HJR101/id/3272535,https://le.utah.gov/Session/2025S1/bills/amended/AV_HJR101_2025-10-06_11-06-48.pdf
2046112,3272536,text,22061,application/pdf,Enrolled,https://legiscan.com/UT/text/HJR101/id/3272536,https://le.utah.gov/Session/2025S1/bills/enrolled/HJR101.pdf
2046119,3272554,text,1244850,application/pdf,Introduced,https://legiscan.com/UT/text/SB1001/id/3272554,https://le.utah.gov/Session/2025S1/bills/introduced/SB1001.pdf
2046119,3272555,text,1250151,application/pdf,Enrolled,https://legiscan.com/UT/text/SB1001/id/3272555,https://le.utah.gov/Session/2025S1/bills/enrolled/SB1001.pdf
2046115,3272544,text,1453206,application/pdf,Introduced,https://legiscan.com/UT/text/SB1002/id/3272544,https://le.utah.gov/Session/2025S1/bills/introduced/SB1002.pdf
2046115,3272545,text,1459157,application/pdf,Enrolled,https://legiscan.com/UT/text/SB1002/id/3272545,https://le.utah.gov/Session/2025S1/bills/enrolled/SB1002.pdf
2046116,3272546,text,27787,application/pdf,Introduced,https://legiscan.com/UT/text/SB1003/id/3272546,https://le.utah.gov/Session/2025S1/bills/introduced/SB1003.pdf
2046116,3272547,text,28021,application/pdf,Enrolled,https://legiscan.com/UT/text/SB1003/id/3272547,https://le.utah.gov/Session/2025S1/bills/enrolled/SB1003.pdf
2046113,3272537,text,148319,application/pdf,Introduced,https://legiscan.com/UT/text/SB1004/id/3272537,https://le.utah.gov/Session/2025S1/bills/introduced/SB1004.pdf
2046113,3272538,text,149190,application/pdf,Enrolled,https://legiscan.com/UT/text/SB1004/id/3272538,https://le.utah.gov/Session/2025S1/bills/enrolled/SB1004.pdf
2046105,3272517,text,306865,application/pdf,Introduced,https://legiscan.com/UT/text/SB1005/id/3272517,https://le.utah.gov/Session/2025S1/bills/introduced/SB1005.pdf
2046105,3272518,text,308290,application/pdf,Enrolled,https://legiscan.com/UT/text/SB1005/id/3272518,https://le.utah.gov/Session/2025S1/bills/enrolled/SB1005.pdf
2046108,3272524,text,951470,application/pdf,Introduced,https://legiscan.com/UT/text/SB1006/id/3272524,https://le.utah.gov/Session/2025S1/bills/introduced/SB1006.pdf
2046108,3272612,text,955944,application/pdf,Enrolled,https://legiscan.com/UT/text/SB1006/id/3272612,https://le.utah.gov/Session/2025S1/bills/enrolled/SB1006.pdf
2046107,3272521,text,1176613,application/pdf,Introduced,https://legiscan.com/UT/text/SB1007/id/3272521,https://le.utah.gov/Session/2025S1/bills/introduced/SB1007.pdf
2046107,3272522,text,1187495,application/pdf,Substitute,https://legiscan.com/UT/text/SB1007/id/3272522,https://le.utah.gov/Session/2025S1/bills/introduced/SB1007S01.pdf
2046107,3272523,text,1185832,application/pdf,Enrolled,https://legiscan.com/UT/text/SB1007/id/3272523,https://le.utah.gov/Session/2025S1/bills/enrolled/SB1007.pdf
2046102,3272511,text,1213100,application/pdf,Introduced,https://legiscan.com/UT/text/SB1008/id/3272511,https://le.utah.gov/Session/2025S1/bills/introduced/SB1008.pdf
2046102,3272512,text,1218950,application/pdf,Enrolled,https://legiscan.com/UT/text/SB1008/id/3272512,https://le.utah.gov/Session/2025S1/bills/enrolled/SB1008.pdf
2046103,3272513,text,797884,application/pdf,Introduced,https://legiscan.com/UT/text/SB1009/id/3272513,https://le.utah.gov/Session/2025S1/bills/introduced/SB1009.pdf
2046103,3272514,text,801363,application/pdf,Enrolled,https://legiscan.com/UT/text/SB1009/id/3272514,https://le.utah.gov/Session/2025S1/bills/enrolled/SB1009.pdf
2046110,3272527,text,724660,application/pdf,Introduced,https://legiscan.com/UT/text/SB1010/id/3272527,https://le.utah.gov/Session/2025S1/bills/introduced/SB1010.pdf
2046110,3272528,text,729437,application/pdf,Substitute,https://legiscan.com/UT/text/SB1010/id/3272528,https://le.utah.gov/Session/2025S1/bills/introduced/SB1010S01.pdf
2046110,3272529,text,728610,application/pdf,Enrolled,https://legiscan.com/UT/text/SB1010/id/3272529,https://le.utah.gov/Session/2025S1/bills/enrolled/SB1010.pdf
2046117,3272548,text,31539,application/pdf,Introduced,https://legiscan.com/UT/text/SB1011/id/3272548,https://le.utah.gov/Session/2025S1/bills/introduced/SB1011.pdf
2046117,3272549,text,34143,application/pdf,Substitute,https://legiscan.com/UT/text/SB1011/id/3272549,https://le.utah.gov/Session/2025S1/bills/introduced/SB1011S01.pdf
2046117,3272550,text,32996,application/pdf,Substitute,https://legiscan.com/UT/text/SB1011/id/3272550,https://le.utah.gov/Session/2025S1/bills/introduced/SB1011S02.pdf
2046117,3272551,text,21422,application/pdf,Enrolled,https://legiscan.com/UT/text/SB1011/id/3272551,https://le.utah.gov/Session/2025S1/bills/enrolled/SB1011.pdf
2046104,3272515,text,28422,application/pdf,Introduced,https://legiscan.com/UT/text/SB1012/id/3272515,https://le.utah.gov/Session/2025S1/bills/introduced/SB1012.pdf
2046104,3272516,text,28629,application/pdf,Enrolled,https://legiscan.com/UT/text/SB1012/id/3272516,https://le.utah.gov/Session/2025S1/bills/enrolled/SB1012.pdf
2046114,263813,amendment,7260,application/pdf,"House Amendment 1",https://legiscan.com/UT/amendment/HB1004/id/263813,https://le.utah.gov/Session/2025S1/bills/amended/HB1004.Hamd.1.pdf
2046111,263811,amendment,6733,application/pdf,"House Amendment 1",https://legiscan.com/UT/amendment/HB1005/id/263811,https://le.utah.gov/Session/2025S1/bills/amended/HB1005S01.Hamd.1.pdf
2046112,263812,amendment,6267,application/pdf,"House Amendment 1",https://legiscan.com/UT/amendment/HJR101/id/263812,https://le.utah.gov/Session/2025S1/bills/amended/HJR101.Hamd.1.pdf
2046116,263814,amendment,20232,application/pdf,"House Amendment 1",https://legiscan.com/UT/amendment/SB1003/id/263814,https://le.utah.gov/Session/2025S1/bills/amended/SB1003.Hamd.1.pdf
2046106,625234,supplement,1609319,application/pdf,"Fiscal Note",https://legiscan.com/UT/supplement/HB1001/id/625234,https://pf.utleg.gov/public-web/sessions/2025S1/fiscal-notes/HB1001.fn.pdf
2046118,625190,supplement,1609557,application/pdf,"Fiscal Note",https://legiscan.com/UT/supplement/HB1002/id/625190,https://pf.utleg.gov/public-web/sessions/2025S1/fiscal-notes/HB1002.fn.pdf
2046109,625198,supplement,1608346,application/pdf,"Fiscal Note",https://legiscan.com/UT/supplement/HB1003/id/625198,https://pf.utleg.gov/public-web/sessions/2025S1/fiscal-notes/HB1003.fn.pdf
2046114,625239,supplement,1608345,application/pdf,"Fiscal Note",https://legiscan.com/UT/supplement/HB1004/id/625239,https://pf.utleg.gov/public-web/sessions/2025S1/fiscal-notes/HB1004.fn.pdf
2046114,618614,supplement,159859,application/pdf,Misc,https://legiscan.com/UT/supplement/HB1004/id/618614,https://le.utah.gov/Session/2025S1/bills/introduced/CP%20HB1004%20To%20HB1004S01.pdf
2046114,618615,supplement,160085,application/pdf,Misc,https://legiscan.com/UT/supplement/HB1004/id/618615,https://le.utah.gov/Session/2025S1/bills/introduced/CP%20HB1004%20To%20HB1004S02.pdf
2046114,618616,supplement,159434,application/pdf,Misc,https://legiscan.com/UT/supplement/HB1004/id/618616,https://le.utah.gov/Session/2025S1/bills/introduced/CP%20HB1004%20To%20HB1004S03.pdf
2046114,618617,supplement,160346,application/pdf,Misc,https://legiscan.com/UT/supplement/HB1004/id/618617,https://le.utah.gov/Session/2025S1/bills/introduced/CP%20HB1004S01%20To%20HB1004S03.pdf
2046114,618618,supplement,160368,application/pdf,Misc,https://legiscan.com/UT/supplement/HB1004/id/618618,https://le.utah.gov/Session/2025S1/bills/introduced/CP%20HB1004S01%20To%20HB1004S02.pdf
2046114,618619,supplement,159773,application/pdf,Misc,https://legiscan.com/UT/supplement/HB1004/id/618619,https://le.utah.gov/Session/2025S1/bills/introduced/CP%20HB1004S02%20To%20HB1004S03.pdf
2046114,625240,supplement,1608386,application/pdf,"Fiscal Note",https://legiscan.com/UT/supplement/HB1004/id/625240,https://pf.utleg.gov/public-web/sessions/2025S1/fiscal-notes/HB1004S01.fn.pdf
2046114,625241,supplement,1608360,application/pdf,"Fiscal Note",https://legiscan.com/UT/supplement/HB1004/id/625241,https://pf.utleg.gov/public-web/sessions/2025S1/fiscal-notes/HB1004S02.fn.pdf
2046114,625242,supplement,1608364,application/pdf,"Fiscal Note",https://legiscan.com/UT/supplement/HB1004/id/625242,https://pf.utleg.gov/public-web/sessions/2025S1/fiscal-notes/HB1004S03.fn.pdf
2046111,625286,supplement,1608350,application/pdf,"Fiscal Note",https://legiscan.com/UT/supplement/HB1005/id/625286,https://pf.utleg.gov/public-web/sessions/2025S1/fiscal-notes/HB1005.fn.pdf
2046111,618613,supplement,48224,application/pdf,Misc,https://legiscan.com/UT/supplement/HB1005/id/618613,https://le.utah.gov/Session/2025S1/bills/introduced/CP%20HB1005%20To%20HB1005S01.pdf
2046111,625287,supplement,1609095,application/pdf,"Fiscal Note",https://legiscan.com/UT/supplement/HB1005/id/625287,https://pf.utleg.gov/public-web/sessions/2025S1/fiscal-notes/HB1005S01.fn.pdf
2046112,625284,supplement,1609838,application/pdf,"Fiscal Note",https://legiscan.com/UT/supplement/HJR101/id/625284,https://pf.utleg.gov/public-web/sessions/2025S1/fiscal-notes/HJR101.fn.pdf
2046119,625291,supplement,1672594,application/pdf,"Fiscal Note",https://legiscan.com/UT/supplement/SB1001/id/625291,https://pf.utleg.gov/public-web/sessions/2025S1/fiscal-notes/SB1001.fn.pdf
2046115,625168,supplement,1608374,application/pdf,"Fiscal Note",https://legiscan.com/UT/supplement/SB1002/id/625168,https://pf.utleg.gov/public-web/sessions/2025S1/fiscal-notes/SB1002.fn.pdf
2046116,625237,supplement,1608336,application/pdf,"Fiscal Note",https://legiscan.com/UT/supplement/SB1003/id/625237,https://pf.utleg.gov/public-web/sessions/2025S1/fiscal-notes/SB1003.fn.pdf
2046113,625285,supplement,1608371,application/pdf,"Fiscal Note",https://legiscan.com/UT/supplement/SB1004/id/625285,https://pf.utleg.gov/public-web/sessions/2025S1/fiscal-notes/SB1004.fn.pdf
2046105,625171,supplement,1609608,application/pdf,"Fiscal Note",https://legiscan.com/UT/supplement/SB1005/id/625171,https://pf.utleg.gov/public-web/sessions/2025S1/fiscal-notes/SB1005.fn.pdf
2046108,625292,supplement,1608374,application/pdf,"Fiscal Note",https://legiscan.com/UT/supplement/SB1006/id/625292,https://pf.utleg.gov/public-web/sessions/2025S1/fiscal-notes/SB1006.fn.pdf
2046107,625277,supplement,1608374,application/pdf,"Fiscal Note",https://legiscan.com/UT/supplement/SB1007/id/625277,https://pf.utleg.gov/public-web/sessions/2025S1/fiscal-notes/SB1007.fn.pdf
2046107,618611,supplement,1065788,application/pdf,Misc,https://legiscan.com/UT/supplement/SB1007/id/618611,https://le.utah.gov/Session/2025S1/bills/introduced/CP%20SB1007%20To%20SB1007S01.pdf
2046107,625278,supplement,1608390,application/pdf,"Fiscal Note",https://legiscan.com/UT/supplement/SB1007/id/625278,https://pf.utleg.gov/public-web/sessions/2025S1/fiscal-notes/SB1007S01.fn.pdf
2046102,625290,supplement,1608382,application/pdf,"Fiscal Note",https://legiscan.com/UT/supplement/SB1008/id/625290,https://pf.utleg.gov/public-web/sessions/2025S1/fiscal-notes/SB1008.fn.pdf
2046103,625219,supplement,1608371,application/pdf,"Fiscal Note",https://legiscan.com/UT/supplement/SB1009/id/625219,https://pf.utleg.gov/public-web/sessions/2025S1/fiscal-notes/SB1009.fn.pdf
2046110,625235,supplement,1608368,application/pdf,"Fiscal Note",https://legiscan.com/UT/supplement/SB1010/id/625235,https://pf.utleg.gov/public-web/sessions/2025S1/fiscal-notes/SB1010.fn.pdf
2046110,618612,supplement,673476,application/pdf,Misc,https://legiscan.com/UT/supplement/SB1010/id/618612,https://le.utah.gov/Session/2025S1/bills/introduced/CP%20SB1010%20To%20SB1010S01.pdf
2046110,625236,supplement,1608386,application/pdf,"Fiscal Note",https://legiscan.com/UT/supplement/SB1010/id/625236,https://pf.utleg.gov/public-web/sessions/2025S1/fiscal-notes/SB1010S01.fn.pdf
2046117,618620,supplement,172011,application/pdf,Misc,https://legiscan.com/UT/supplement/SB1011/id/618620,https://le.utah.gov/Session/2025S1/bills/introduced/CP%20SB1011%20To%20SB1011S01.pdf
2046117,625229,supplement,1608340,application/pdf,"Fiscal Note",https://legiscan.com/UT/supplement/SB1011/id/625229,https://pf.utleg.gov/public-web/sessions/2025S1/fiscal-notes/SB1011.fn.pdf
2046117,618621,supplement,42725,application/pdf,Misc,https://legiscan.com/UT/supplement/SB1011/id/618621,https://le.utah.gov/Session/2025S1/bills/introduced/CP%20SB1011%20To%20SB1011S02.pdf
2046117,618622,supplement,35965,application/pdf,Misc,https://legiscan.com/UT/supplement/SB1011/id/618622,https://le.utah.gov/Session/2025S1/bills/introduced/CP%20SB1011S01%20To%20SB1011S02.pdf
2046117,625230,supplement,1608356,application/pdf,"Fiscal Note",https://legiscan.com/UT/supplement/SB1011/id/625230,https://pf.utleg.gov/public-web/sessions/2025S1/fiscal-notes/SB1011S01.fn.pdf
2046117,625231,supplement,1608382,application/pdf,"Fiscal Note",https://legiscan.com/UT/supplement/SB1011/id/625231,https://pf.utleg.gov/public-web/sessions/2025S1/fiscal-notes/SB1011S02.fn.pdf
2046104,625243,supplement,1608344,application/pdf,"Fiscal Note",https://legiscan.com/UT/supplement/SB1012/id/625243,https://pf.utleg.gov/public-web/sessions/2025S1/fiscal-notes/SB1012.fn.pdf
