bill_id,date,chamber,sequence,action
2046102,2025-10-03,,1,"Bill Numbered but not Distributed in Legislative Research and General Counsel"
2046102,2025-10-03,,2,"Numbered Bill Publicly Distributed in Legislative Research and General Counsel"
2046102,2025-10-06,Senate,3,"Senate/ received bill from Legislative Printing in Waiting for Introduction in the Senate"
2046102,2025-10-06,Senate,4,"Senate/ 1st reading (Introduced) in Senate Rules Committee"
2046102,2025-10-06,Senate,5,"Senate/ placed on 2nd Reading Calendar in Senate 2nd Reading Calendar"
2046102,2025-10-06,Senate,6,"Senate/ 2nd & 3rd readings/ suspension in Senate 2nd Reading Calendar"
2046102,2025-10-06,House,7,"Senate/ passed 2nd & 3rd readings/ suspension in Clerk of the House"
2046102,2025-10-06,House,8,"Senate/ to House in Clerk of the House"
2046102,2025-10-06,House,9,"House/ received from Senate in Clerk of the House"
2046102,2025-10-06,House,10,"House/ 1st reading (Introduced) in House Rules Committee"
2046102,2025-10-06,House,11,"House/ Rules to 3rd Reading Calendar in House 3rd Reading Calendar for Senate bills"
2046102,2025-10-06,House,12,"House/ 2nd reading in House 3rd Reading Calendar for Senate bills"
2046102,2025-10-06,House,13,"House/ 3rd reading in House 3rd Reading Calendar for Senate bills"
2046102,2025-10-06,House,14,"House/ passed 3rd reading in House Speaker"
2046102,2025-10-06,Senate,15,"House/ signed by Speaker/ returned to Senate in Senate President"
2046102,2025-10-06,Senate,16,"House/ to Senate in Senate President"
2046102,2025-10-06,Senate,17,"Senate/ received from House in Senate President"
2046102,2025-10-06,,18,"Senate/ signed by President/ sent for enrolling in Legislative Research and General Counsel / Enrolling"
2046102,2025-10-07,,19,"Bill Received from Senate for Enrolling in Legislative Research and General Counsel / Enrolling"
2046102,2025-10-07,,20,"Draft of Enrolled Bill Prepared in Legislative Research and General Counsel / Enrolling"
2046102,2025-10-08,Senate,21,"Enrolled Bill Returned to House or Senate in Senate Secretary"
2046102,2025-10-08,Senate,22,"Senate/ enrolled bill to Printing in Senate Secretary"
2046102,2025-10-09,Senate,23,"Senate/ received enrolled bill from Printing in Senate Secretary"
2046102,2025-10-09,,24,"Senate/ to Governor in Executive Branch - Governor"
2046102,2025-10-14,,25,"Governor Signed in Lieutenant Governor's office for filing"
2046103,2025-10-03,,1,"Bill Numbered but not Distributed in Legislative Research and General Counsel"
2046103,2025-10-03,,2,"Numbered Bill Publicly Distributed in Legislative Research and General Counsel"
2046103,2025-10-06,Senate,3,"Senate/ received bill from Legislative Printing in Waiting for Introduction in the Senate"
2046103,2025-10-06,Senate,4,"Senate/ 1st reading (Introduced) in Senate Rules Committee"
2046103,2025-10-06,Senate,5,"Senate/ placed on 2nd Reading Calendar in Senate 2nd Reading Calendar"
2046103,2025-10-06,Senate,6,"Senate/ 2nd & 3rd readings/ suspension in Senate 2nd Reading Calendar"
2046103,2025-10-06,House,7,"Senate/ passed 2nd & 3rd readings/ suspension in Clerk of the House"
2046103,2025-10-06,House,8,"Senate/ to House in Clerk of the House"
2046103,2025-10-06,House,9,"House/ received from Senate in Clerk of the House"
2046103,2025-10-06,House,10,"House/ 1st reading (Introduced) in House Rules Committee"
2046103,2025-10-06,House,11,"House/ Rules to 3rd Reading Calendar in House 3rd Reading Calendar for Senate bills"
2046103,2025-10-06,House,12,"House/ 2nd reading in House 3rd Reading Calendar for Senate bills"
2046103,2025-10-06,House,13,"House/ 3rd reading in House 3rd Reading Calendar for Senate bills"
2046103,2025-10-06,House,14,"House/ passed 3rd reading in House Speaker"
2046103,2025-10-06,Senate,15,"House/ signed by Speaker/ returned to Senate in Senate President"
2046103,2025-10-06,Senate,16,"House/ to Senate in Senate President"
2046103,2025-10-06,Senate,17,"Senate/ received from House in Senate President"
2046103,2025-10-06,,18,"Senate/ signed by President/ sent for enrolling in Legislative Research and General Counsel / Enrolling"
2046103,2025-10-07,,19,"Bill Received from Senate for Enrolling in Legislative Research and General Counsel / Enrolling"
2046103,2025-10-07,,20,"Draft of Enrolled Bill Prepared in Legislative Research and General Counsel / Enrolling"
2046103,2025-10-08,Senate,21,"Enrolled Bill Returned to House or Senate in Senate Secretary"
2046103,2025-10-08,Senate,22,"Senate/ enrolled bill to Printing in Senate Secretary"
2046103,2025-10-09,Senate,23,"Senate/ received enrolled bill from Printing in Senate Secretary"
2046103,2025-10-09,,24,"Senate/ to Governor in Executive Branch - Governor"
2046103,2025-10-14,,25,"Governor Signed in Lieutenant Governor's office for filing"
2046104,2025-10-06,,1,"Bill Numbered but not Distributed in Legislative Research and General Counsel"
2046104,2025-10-06,,2,"Numbered Bill Publicly Distributed in Legislative Research and General Counsel"
2046104,2025-10-06,Senate,3,"Senate/ received bill from Legislative Research in Waiting for Introduction in the Senate"
2046104,2025-10-06,Senate,4,"Senate/ received fiscal note from Fiscal Analyst in Waiting for Introduction in the Senate"
2046104,2025-10-06,Senate,5,"Senate/ 1st reading (Introduced) in Senate Rules Committee"
2046104,2025-10-06,Senate,6,"Senate/ placed on 2nd Reading Calendar in Senate 2nd Reading Calendar"
2046104,2025-10-06,Senate,7,"Senate/ 2nd & 3rd readings/ suspension in Senate 2nd Reading Calendar"
2046104,2025-10-06,House,8,"Senate/ passed 2nd & 3rd readings/ suspension in Clerk of the House"
2046104,2025-10-06,House,9,"Senate/ to House in Clerk of the House"
2046104,2025-10-06,House,10,"House/ received from Senate in Clerk of the House"
2046104,2025-10-06,House,11,"House/ 1st reading (Introduced) in House Rules Committee"
2046104,2025-10-06,House,12,"House/ Rules to 3rd Reading Calendar in House 3rd Reading Calendar for Senate bills"
2046104,2025-10-06,House,13,"House/ 2nd reading in House 3rd Reading Calendar for Senate bills"
2046104,2025-10-06,House,14,"House/ 3rd reading in House 3rd Reading Calendar for Senate bills"
2046104,2025-10-06,House,15,"House/ passed 3rd reading in House Speaker"
2046104,2025-10-06,Senate,16,"House/ signed by Speaker/ returned to Senate in Senate President"
2046104,2025-10-06,Senate,17,"House/ to Senate in Senate President"
2046104,2025-10-06,Senate,18,"Senate/ received from House in Senate President"
2046104,2025-10-06,,19,"Senate/ signed by President/ sent for enrolling in Legislative Research and General Counsel / Enrolling"
2046104,2025-10-06,,20,"Bill Received from Senate for Enrolling in Legislative Research and General Counsel / Enrolling"
2046104,2025-10-06,,21,"Draft of Enrolled Bill Prepared in Legislative Research and General Counsel / Enrolling"
2046104,2025-10-06,Senate,22,"Enrolled Bill Returned to House or Senate in Senate Secretary"
2046104,2025-10-06,Senate,23,"Senate/ enrolled bill to Printing in Senate Secretary"
2046104,2025-10-06,Senate,24,"Senate/ received enrolled bill from Printing in Senate Secretary"
2046104,2025-10-06,,25,"Senate/ to Governor in Executive Branch - Governor"
2046104,2025-10-06,,26,"Governor Signed in Lieutenant Governor's office for filing"
2046105,2025-10-03,,1,"Bill Numbered but not Distributed in Legislative Research and General Counsel"
2046105,2025-10-03,,2,"Numbered Bill Publicly Distributed in Legislative Research and General Counsel"
2046105,2025-10-06,Senate,3,"Senate/ received bill from Legislative Printing in Waiting for Introduction in the Senate"
2046105,2025-10-06,Senate,4,"Senate/ 1st reading (Introduced) in Senate Rules Committee"
2046105,2025-10-06,Senate,5,"Senate/ placed on 2nd Reading Calendar in Senate 2nd Reading Calendar"
2046105,2025-10-06,Senate,6,"Senate/ 2nd & 3rd readings/ suspension in Senate 2nd Reading Calendar"
2046105,2025-10-06,House,7,"Senate/ passed 2nd & 3rd readings/ suspension in Clerk of the House"
2046105,2025-10-06,House,8,"Senate/ to House in Clerk of the House"
2046105,2025-10-06,House,9,"House/ received from Senate in Clerk of the House"
2046105,2025-10-06,House,10,"House/ 1st reading (Introduced) in House Rules Committee"
2046105,2025-10-06,House,11,"House/ Rules to 3rd Reading Calendar in House 3rd Reading Calendar for Senate bills"
2046105,2025-10-06,House,12,"House/ 2nd reading in House 3rd Reading Calendar for Senate bills"
2046105,2025-10-06,House,13,"House/ 3rd reading in House 3rd Reading Calendar for Senate bills"
2046105,2025-10-06,House,14,"House/ passed 3rd reading in House Speaker"
2046105,2025-10-06,Senate,15,"House/ signed by Speaker/ returned to Senate in Senate President"
2046105,2025-10-06,Senate,16,"House/ to Senate in Senate President"
2046105,2025-10-06,Senate,17,"Senate/ received from House in Senate President"
2046105,2025-10-06,,18,"Senate/ signed by President/ sent for enrolling in Legislative Research and General Counsel / Enrolling"
2046105,2025-10-06,,19,"Bill Received from Senate for Enrolling in Legislative Research and General Counsel / Enrolling"
2046105,2025-10-06,,20,"Draft of Enrolled Bill Prepared in Legislative Research and General Counsel / Enrolling"
2046105,2025-10-07,Senate,21,"Enrolled Bill Returned to House or Senate in Senate Secretary"
2046105,2025-10-07,Senate,22,"Senate/ enrolled bill to Printing in Senate Secretary"
2046105,2025-10-08,Senate,23,"Senate/ received enrolled bill from Printing in Senate Secretary"
2046105,2025-10-08,,24,"Senate/ to Governor in Executive Branch - Governor"
2046105,2025-10-14,,25,"Governor Signed in Lieutenant Governor's office for filing"
2046106,2025-10-03,,1,"Bill Numbered but not Distributed in Legislative Research and General Counsel"
2046106,2025-10-03,,2,"Numbered Bill Publicly Distributed in Legislative Research and General Counsel"
2046106,2025-10-06,,3,"House/ received fiscal note from Fiscal Analyst in Legislative Research and General Counsel"
2046106,2025-10-06,House,4,"House/ received bill from Legislative Research in Clerk of the House"
2046106,2025-10-06,House,5,"House/ 1st reading (Introduced) in House Rules Committee"
2046106,2025-10-06,House,6,"House/ Rules to 3rd Reading Calendar in House 3rd Reading Calendar for House bills"
2046106,2025-10-06,House,7,"House/ 2nd reading in House 3rd Reading Calendar for House bills"
2046106,2025-10-06,House,8,"House/ 3rd reading in House 3rd Reading Calendar for House bills"
2046106,2025-10-06,Senate,9,"House/ passed 3rd reading in Senate Secretary"
2046106,2025-10-06,Senate,10,"House/ to Senate in Senate Secretary"
2046106,2025-10-06,Senate,11,"Senate/ received from House in Waiting for Introduction in the Senate"
2046106,2025-10-06,Senate,12,"Senate/ 1st reading (Introduced) in Senate Rules Committee"
2046106,2025-10-06,Senate,13,"Senate/ 2nd & 3rd readings/ suspension in Senate 2nd Reading Calendar"
2046106,2025-10-06,Senate,14,"Senate/ passed 2nd & 3rd readings/ suspension in Senate President"
2046106,2025-10-06,House,15,"Senate/ signed by President/ returned to House in House Speaker"
2046106,2025-10-06,House,16,"Senate/ to House in House Speaker"
2046106,2025-10-06,House,17,"House/ received from Senate in House Speaker"
2046106,2025-10-06,,18,"House/ signed by Speaker/ sent for enrolling in Legislative Research and General Counsel / Enrolling"
2046106,2025-10-06,,19,"Bill Received from House for Enrolling in Legislative Research and General Counsel / Enrolling"
2046106,2025-10-06,,20,"Draft of Enrolled Bill Prepared in Legislative Research and General Counsel / Enrolling"
2046106,2025-10-06,House,21,"Enrolled Bill Returned to House or Senate in Clerk of the House"
2046106,2025-10-06,House,22,"House/ enrolled bill to Printing in Clerk of the House"
2046106,2025-10-06,House,23,"House/ received enrolled bill from Printing in Clerk of the House"
2046106,2025-10-06,,24,"House/ to Governor in Executive Branch - Governor"
2046106,2025-10-14,,25,"Governor Signed in Lieutenant Governor's office for filing"
2046107,2025-10-03,,1,"Bill Numbered but not Distributed in Legislative Research and General Counsel"
2046107,2025-10-03,,2,"Numbered Bill Publicly Distributed in Legislative Research and General Counsel"
2046107,2025-10-06,Senate,3,"Senate/ received bill from Legislative Printing in Waiting for Introduction in the Senate"
2046107,2025-10-06,Senate,4,"Senate/ 1st reading (Introduced) in Senate Rules Committee"
2046107,2025-10-06,Senate,5,"Senate/ placed on 2nd Reading Calendar in Senate 2nd Reading Calendar"
2046107,2025-10-06,Senate,6,"Senate/ 2nd & 3rd readings/ suspension in Senate 2nd Reading Calendar"
2046107,2025-10-06,Senate,7,"Senate/ substituted in Senate 2nd Reading Calendar"
2046107,2025-10-06,House,8,"Senate/ passed 2nd & 3rd readings/ suspension in Clerk of the House"
2046107,2025-10-06,House,9,"Senate/ to House in Clerk of the House"
2046107,2025-10-06,House,10,"House/ received from Senate in Clerk of the House"
2046107,2025-10-06,House,11,"House/ 1st reading (Introduced) in House Rules Committee"
2046107,2025-10-06,House,12,"House/ Rules to 3rd Reading Calendar in House Substituted Bill"
2046107,2025-10-06,House,13,"House/ 2nd reading in House 3rd Reading Calendar for Senate bills"
2046107,2025-10-06,House,14,"House/ 3rd reading in House 3rd Reading Calendar for Senate bills"
2046107,2025-10-06,House,15,"House/ passed 3rd reading in House Speaker"
2046107,2025-10-06,Senate,16,"House/ signed by Speaker/ returned to Senate in Senate President"
2046107,2025-10-06,Senate,17,"House/ to Senate in Senate President"
2046107,2025-10-06,Senate,18,"Senate/ received from House in Senate President"
2046107,2025-10-06,,19,"Senate/ signed by President/ sent for enrolling in Legislative Research and General Counsel / Enrolling"
2046107,2025-10-07,,20,"Bill Received from Senate for Enrolling in Legislative Research and General Counsel / Enrolling"
2046107,2025-10-07,,21,"Draft of Enrolled Bill Prepared in Legislative Research and General Counsel / Enrolling"
2046107,2025-10-08,Senate,22,"Enrolled Bill Returned to House or Senate in Senate Secretary"
2046107,2025-10-08,Senate,23,"Senate/ enrolled bill to Printing in Senate Secretary"
2046107,2025-10-09,Senate,24,"Senate/ received enrolled bill from Printing in Senate Secretary"
2046107,2025-10-09,,25,"Senate/ to Governor in Executive Branch - Governor"
2046107,2025-10-14,,26,"Governor Signed in Lieutenant Governor's office for filing"
2046108,2025-10-03,,1,"Bill Numbered but not Distributed in Legislative Research and General Counsel"
2046108,2025-10-03,,2,"Numbered Bill Publicly Distributed in Legislative Research and General Counsel"
2046108,2025-10-06,Senate,3,"Senate/ received bill from Legislative Printing in Waiting for Introduction in the Senate"
2046108,2025-10-06,Senate,4,"Senate/ 1st reading (Introduced) in Senate Rules Committee"
2046108,2025-10-06,Senate,5,"Senate/ placed on 2nd Reading Calendar in Senate 2nd Reading Calendar"
2046108,2025-10-06,Senate,6,"Senate/ 2nd & 3rd readings/ suspension in Senate 2nd Reading Calendar"
2046108,2025-10-06,House,7,"Senate/ passed 2nd & 3rd readings/ suspension in Clerk of the House"
2046108,2025-10-06,House,8,"Senate/ to House in Clerk of the House"
2046108,2025-10-06,House,9,"House/ received from Senate in Clerk of the House"
2046108,2025-10-06,House,10,"House/ 1st reading (Introduced) in House Rules Committee"
2046108,2025-10-06,House,11,"House/ Rules to 3rd Reading Calendar in House 3rd Reading Calendar for Senate bills"
2046108,2025-10-06,House,12,"House/ 2nd reading in House 3rd Reading Calendar for Senate bills"
2046108,2025-10-06,House,13,"House/ 3rd reading in House 3rd Reading Calendar for Senate bills"
2046108,2025-10-06,House,14,"House/ passed 3rd reading in House Speaker"
2046108,2025-10-06,Senate,15,"House/ signed by Speaker/ returned to Senate in Senate President"
2046108,2025-10-06,Senate,16,"House/ to Senate in Senate President"
2046108,2025-10-06,Senate,17,"Senate/ received from House in Senate President"
2046108,2025-10-06,,18,"Senate/ signed by President/ sent for enrolling in Legislative Research and General Counsel / Enrolling"
2046108,2025-10-06,,19,"Bill Received from Senate for Enrolling in Legislative Research and General Counsel / Enrolling"
2046108,2025-10-06,,20,"Draft of Enrolled Bill Prepared in Legislative Research and General Counsel / Enrolling"
2046108,2025-10-09,Senate,21,"Enrolled Bill Returned to House or Senate in Senate Secretary"
2046108,2025-10-09,Senate,22,"Senate/ enrolled bill to Printing in Senate Secretary"
2046108,2025-10-09,Senate,23,"Senate/ received enrolled bill from Printing in Senate Secretary"
2046108,2025-10-09,,24,"Senate/ to Governor in Executive Branch - Governor"
2046108,2025-10-14,,25,"Governor Signed in Lieutenant Governor's office for filing"
2046109,2025-10-03,,1,"Bill Numbered but not Distributed in Legislative Research and General Counsel"
2046109,2025-10-03,,2,"Numbered Bill Publicly Distributed in Legislative Research and General Counsel"
2046109,2025-10-06,,3,"House/ received fiscal note from Fiscal Analyst in Legislative Research and General Counsel"
2046109,2025-10-06,House,4,"House/ received bill from Legislative Research in Clerk of the House"
2046109,2025-10-06,House,5,"House/ 1st reading (Introduced) in House Rules Committee"
2046109,2025-10-06,House,6,"House/ Rules to 3rd Reading Calendar in House 3rd Reading Calendar for House bills"
2046109,2025-10-06,House,7,"House/ 2nd reading in House 3rd Reading Calendar for House bills"
2046109,2025-10-06,House,8,"House/ 3rd reading in House 3rd Reading Calendar for House bills"
2046109,2025-10-06,Senate,9,"House/ passed 3rd reading in Senate Secretary"
2046109,2025-10-06,Senate,10,"House/ to Senate in Senate Secretary"
2046109,2025-10-06,Senate,11,"Senate/ received from House in Waiting for Introduction in the Senate"
2046109,2025-10-06,Senate,12,"Senate/ 1st reading (Introduced) in Senate Rules Committee"
2046109,2025-10-06,Senate,13,"Senate/ 2nd & 3rd readings/ suspension in Senate 2nd Reading Calendar"
2046109,2025-10-06,Senate,14,"Senate/ passed 2nd & 3rd readings/ suspension in Senate President"
2046109,2025-10-06,House,15,"Senate/ signed by President/ returned to House in House Speaker"
2046109,2025-10-06,House,16,"Senate/ to House in House Speaker"
2046109,2025-10-06,House,17,"House/ received from Senate in House Speaker"
2046109,2025-10-06,,18,"House/ signed by Speaker/ sent for enrolling in Legislative Research and General Counsel / Enrolling"
2046109,2025-10-06,,19,"Bill Received from House for Enrolling in Legislative Research and General Counsel / Enrolling"
2046109,2025-10-06,,20,"Draft of Enrolled Bill Prepared in Legislative Research and General Counsel / Enrolling"
2046109,2025-10-06,House,21,"Enrolled Bill Returned to House or Senate in Clerk of the House"
2046109,2025-10-06,House,22,"House/ enrolled bill to Printing in Clerk of the House"
2046109,2025-10-06,House,23,"House/ received enrolled bill from Printing in Clerk of the House"
2046109,2025-10-06,,24,"House/ to Governor in Executive Branch - Governor"
2046109,2025-10-14,,25,"Governor Signed in Lieutenant Governor's office for filing"
2046110,2025-10-03,,1,"Bill Numbered but not Distributed in Legislative Research and General Counsel"
2046110,2025-10-03,,2,"Numbered Bill Publicly Distributed in Legislative Research and General Counsel"
2046110,2025-10-06,Senate,3,"Senate/ received bill from Legislative Printing in Waiting for Introduction in the Senate"
2046110,2025-10-06,Senate,4,"Senate/ 1st reading (Introduced) in Senate Rules Committee"
2046110,2025-10-06,Senate,5,"Senate/ placed on 2nd Reading Calendar in Senate 2nd Reading Calendar"
2046110,2025-10-06,Senate,6,"Senate/ 2nd & 3rd readings/ suspension in Senate 2nd Reading Calendar"
2046110,2025-10-06,Senate,7,"Senate/ substituted in Senate 2nd Reading Calendar"
2046110,2025-10-06,House,8,"Senate/ passed 2nd & 3rd readings/ suspension in Clerk of the House"
2046110,2025-10-06,House,9,"Senate/ to House in Clerk of the House"
2046110,2025-10-06,House,10,"House/ received from Senate in Clerk of the House"
2046110,2025-10-06,House,11,"House/ 1st reading (Introduced) in House Rules Committee"
2046110,2025-10-06,House,12,"House/ Rules to 3rd Reading Calendar in House Substituted Bill"
2046110,2025-10-06,House,13,"House/ 2nd reading in House 3rd Reading Calendar for Senate bills"
2046110,2025-10-06,House,14,"House/ 3rd reading in House 3rd Reading Calendar for Senate bills"
2046110,2025-10-06,House,15,"House/ passed 3rd reading in House Speaker"
2046110,2025-10-06,Senate,16,"House/ signed by Speaker/ returned to Senate in Senate President"
2046110,2025-10-06,Senate,17,"House/ to Senate in Senate President"
2046110,2025-10-06,Senate,18,"Senate/ received from House in Senate President"
2046110,2025-10-06,,19,"Senate/ signed by President/ sent for enrolling in Legislative Research and General Counsel / Enrolling"
2046110,2025-10-07,,20,"Bill Received from Senate for Enrolling in Legislative Research and General Counsel / Enrolling"
2046110,2025-10-07,,21,"Draft of Enrolled Bill Prepared in Legislative Research and General Counsel / Enrolling"
2046110,2025-10-07,Senate,22,"Enrolled Bill Returned to House or Senate in Senate Secretary"
2046110,2025-10-07,Senate,23,"Senate/ enrolled bill to Printing in Senate Secretary"
2046110,2025-10-08,Senate,24,"Senate/ received enrolled bill from Printing in Senate Secretary"
2046110,2025-10-08,,25,"Senate/ to Governor in Executive Branch - Governor"
2046110,2025-10-14,,26,"Governor Signed in Lieutenant Governor's office for filing"
2046111,2025-10-03,,1,"Bill Numbered but not Distributed in Legislative Research and General Counsel"
2046111,2025-10-03,,2,"Numbered Bill Publicly Distributed in Legislative Research and General Counsel"
2046111,2025-10-06,,3,"House/ received fiscal note from Fiscal Analyst in Legislative Research and General Counsel"
2046111,2025-10-06,House,4,"House/ received bill from Legislative Research in Clerk of the House"
2046111,2025-10-06,House,5,"House/ 1st reading (Introduced) in House Rules Committee"
2046111,2025-10-06,House,6,"House/ Rules to 3rd Reading Calendar in House 3rd Reading Calendar for House bills"
2046111,2025-10-06,House,7,"House/ 2nd reading in House 3rd Reading Calendar for House bills"
2046111,2025-10-06,House,8,"House/ 3rd reading in House 3rd Reading Calendar for House bills"
2046111,2025-10-06,House,9,"House/ substituted in House 3rd Reading Calendar for House bills"
2046111,2025-10-06,House,10,"House/ floor amendment in House 3rd Reading Calendar for House bills"
2046111,2025-10-06,Senate,11,"House/ passed 3rd reading in Senate Secretary"
2046111,2025-10-06,Senate,12,"House/ to Senate in Senate Secretary"
2046111,2025-10-06,Senate,13,"Senate/ received from House in Waiting for Introduction in the Senate"
2046111,2025-10-06,Senate,14,"Senate/ 1st reading (Introduced) in Senate Rules Committee"
2046111,2025-10-06,Senate,15,"Senate/ 2nd & 3rd readings/ suspension in Senate 2nd Reading Calendar"
2046111,2025-10-06,Senate,16,"Senate/ passed 2nd & 3rd readings/ suspension in Senate President"
2046111,2025-10-06,House,17,"Senate/ signed by President/ returned to House in House Speaker"
2046111,2025-10-06,House,18,"Senate/ to House in House Speaker"
2046111,2025-10-06,House,19,"House/ received from Senate in House Speaker"
2046111,2025-10-06,,20,"House/ signed by Speaker/ sent for enrolling in Legislative Research and General Counsel / Enrolling"
2046111,2025-10-06,,21,"Bill Received from House for Enrolling in Legislative Research and General Counsel / Enrolling"
2046111,2025-10-06,,22,"Draft of Enrolled Bill Prepared in Legislative Research and General Counsel / Enrolling"
2046111,2025-10-07,House,23,"Enrolled Bill Returned to House or Senate in Clerk of the House"
2046111,2025-10-07,House,24,"House/ enrolled bill to Printing in Clerk of the House"
2046111,2025-10-08,House,25,"House/ received enrolled bill from Printing in Clerk of the House"
2046111,2025-10-08,,26,"House/ to Governor in Executive Branch - Governor"
2046111,2025-10-14,,27,"Governor Signed in Lieutenant Governor's office for filing"
2046112,2025-10-03,,1,"Bill Numbered but not Distributed in Legislative Research and General Counsel"
2046112,2025-10-03,,2,"Numbered Bill Publicly Distributed in Legislative Research and General Counsel"
2046112,2025-10-06,,3,"House/ received fiscal note from Fiscal Analyst in Legislative Research and General Counsel"
2046112,2025-10-06,House,4,"House/ received bill from Legislative Research in Clerk of the House"
2046112,2025-10-06,House,5,"House/ 1st reading (Introduced) in House Rules Committee"
2046112,2025-10-06,House,6,"House/ Rules to 3rd Reading Calendar in House 3rd Reading Calendar for House bills"
2046112,2025-10-06,House,7,"House/ 2nd reading in House 3rd Reading Calendar for House bills"
2046112,2025-10-06,House,8,"House/ 3rd reading in House 3rd Reading Calendar for House bills"
2046112,2025-10-06,House,9,"House/ floor amendment in House 3rd Reading Calendar for House bills"
2046112,2025-10-06,Senate,10,"House/ passed 3rd reading in Senate Secretary"
2046112,2025-10-06,Senate,11,"House/ to Senate in Senate Secretary"
2046112,2025-10-06,Senate,12,"Senate/ received from House in Waiting for Introduction in the Senate"
2046112,2025-10-06,Senate,13,"Senate/ 1st reading (Introduced) in Senate Rules Committee"
2046112,2025-10-06,Senate,14,"Senate/ 2nd & 3rd readings/ suspension in Senate 2nd Reading Calendar"
2046112,2025-10-06,Senate,15,"Senate/ passed 2nd & 3rd readings/ suspension in Senate President"
2046112,2025-10-06,House,16,"Senate/ signed by President/ returned to House in House Speaker"
2046112,2025-10-06,House,17,"Senate/ to House in House Speaker"
2046112,2025-10-06,House,18,"House/ received from Senate in House Speaker"
2046112,2025-10-06,House,19,"House/ received from Senate in House Speaker"
2046112,2025-10-06,,20,"House/ signed by Speaker/ sent for enrolling in Legislative Research and General Counsel / Enrolling"
2046112,2025-10-06,,21,"Bill Received from House for Enrolling in Legislative Research and General Counsel / Enrolling"
2046112,2025-10-06,,22,"Draft of Enrolled Bill Prepared in Legislative Research and General Counsel / Enrolling"
2046112,2025-10-06,House,23,"Enrolled Bill Returned to House or Senate in Clerk of the House"
2046112,2025-10-06,House,24,"House/ enrolled bill to Printing in Clerk of the House"
2046112,2025-10-06,House,25,"House/ received enrolled bill from Printing in Clerk of the House"
2046112,2025-10-06,,26,"House/ to Lieutenant Governor in Lieutenant Governor's office for filing"
2046113,2025-10-03,,1,"Bill Numbered but not Distributed in Legislative Research and General Counsel"
2046113,2025-10-03,,2,"Numbered Bill Publicly Distributed in Legislative Research and General Counsel"
2046113,2025-10-06,Senate,3,"Senate/ received bill from Legislative Printing in Waiting for Introduction in the Senate"
2046113,2025-10-06,Senate,4,"Senate/ 1st reading (Introduced) in Senate Rules Committee"
2046113,2025-10-06,Senate,5,"Senate/ placed on 2nd Reading Calendar in Senate 2nd Reading Calendar"
2046113,2025-10-06,Senate,6,"Senate/ 2nd & 3rd readings/ suspension in Senate 2nd Reading Calendar"
2046113,2025-10-06,House,7,"Senate/ passed 2nd & 3rd readings/ suspension in Clerk of the House"
2046113,2025-10-06,House,8,"Senate/ to House in Clerk of the House"
2046113,2025-10-06,House,9,"House/ received from Senate in Clerk of the House"
2046113,2025-10-06,House,10,"House/ 1st reading (Introduced) in House Rules Committee"
2046113,2025-10-06,House,11,"House/ Rules to 3rd Reading Calendar in House 3rd Reading Calendar for Senate bills"
2046113,2025-10-06,House,12,"House/ 2nd reading in House 3rd Reading Calendar for Senate bills"
2046113,2025-10-06,House,13,"House/ 3rd reading in House 3rd Reading Calendar for Senate bills"
2046113,2025-10-06,House,14,"House/ passed 3rd reading in House Speaker"
2046113,2025-10-06,Senate,15,"House/ signed by Speaker/ returned to Senate in Senate President"
2046113,2025-10-06,Senate,16,"House/ to Senate in Senate President"
2046113,2025-10-06,Senate,17,"Senate/ received from House in Senate President"
2046113,2025-10-06,,18,"Senate/ signed by President/ sent for enrolling in Legislative Research and General Counsel / Enrolling"
2046113,2025-10-06,,19,"Bill Received from Senate for Enrolling in Legislative Research and General Counsel / Enrolling"
2046113,2025-10-06,,20,"Draft of Enrolled Bill Prepared in Legislative Research and General Counsel / Enrolling"
2046113,2025-10-07,Senate,21,"Enrolled Bill Returned to House or Senate in Senate Secretary"
2046113,2025-10-07,Senate,22,"Senate/ enrolled bill to Printing in Senate Secretary"
2046113,2025-10-08,Senate,23,"Senate/ received enrolled bill from Printing in Senate Secretary"
2046113,2025-10-08,,24,"Senate/ to Governor in Executive Branch - Governor"
2046113,2025-10-14,,25,"Governor Signed in Lieutenant Governor's office for filing"
2046114,2025-10-03,,1,"Bill Numbered but not Distributed in Legislative Research and General Counsel"
2046114,2025-10-03,,2,"Numbered Bill Publicly Distributed in Legislative Research and General Counsel"
2046114,2025-10-06,,3,"House/ received fiscal note from Fiscal Analyst in Legislative Research and General Counsel"
2046114,2025-10-06,House,4,"House/ received bill from Legislative Research in Clerk of the House"
2046114,2025-10-06,House,5,"House/ 1st reading (Introduced) in House Rules Committee"
2046114,2025-10-06,House,6,"House/ Rules to 3rd Reading Calendar in House 3rd Reading Calendar for House bills"
2046114,2025-10-06,House,7,"House/ 2nd reading in House 3rd Reading Calendar for House bills"
2046114,2025-10-06,House,8,"House/ 3rd reading in House 3rd Reading Calendar for House bills"
2046114,2025-10-06,House,9,"House/ circled in House 3rd Reading Calendar for House bills"
2046114,2025-10-06,House,10,"House/ uncircled in House 3rd Reading Calendar for House bills"
2046114,2025-10-06,House,11,"House/ circled in House 3rd Reading Calendar for House bills"
2046114,2025-10-06,House,12,"House/ uncircled in House 3rd Reading Calendar for House bills"
2046114,2025-10-06,House,13,"House/ substituted in House 3rd Reading Calendar for House bills"
2046114,2025-10-06,Senate,14,"House/ passed 3rd reading in Senate Secretary"
2046114,2025-10-06,Senate,15,"House/ to Senate in Senate Secretary"
2046114,2025-10-06,Senate,16,"Senate/ received from House in Waiting for Introduction in the Senate"
2046114,2025-10-06,Senate,17,"Senate/ 1st reading (Introduced) in Senate Rules Committee"
2046114,2025-10-06,Senate,18,"Senate/ 2nd & 3rd readings/ suspension in Senate 2nd Reading Calendar"
2046114,2025-10-06,Senate,19,"Senate/ circled in Senate 2nd Reading Calendar"
2046114,2025-10-06,Senate,20,"Senate/ uncircled in Senate 2nd Reading Calendar"
2046114,2025-10-06,Senate,21,"Senate/ passed 2nd & 3rd readings/ suspension in Senate President"
2046114,2025-10-06,House,22,"Senate/ signed by President/ returned to House in House Speaker"
2046114,2025-10-06,House,23,"Senate/ to House in House Speaker"
2046114,2025-10-06,House,24,"House/ received from Senate in House Speaker"
2046114,2025-10-06,,25,"House/ signed by Speaker/ sent for enrolling in Legislative Research and General Counsel / Enrolling"
2046114,2025-10-06,,26,"Bill Received from House for Enrolling in Legislative Research and General Counsel / Enrolling"
2046114,2025-10-06,,27,"Draft of Enrolled Bill Prepared in Legislative Research and General Counsel / Enrolling"
2046114,2025-10-07,House,28,"Enrolled Bill Returned to House or Senate in Clerk of the House"
2046114,2025-10-07,House,29,"House/ enrolled bill to Printing in Clerk of the House"
2046114,2025-10-08,House,30,"House/ received enrolled bill from Printing in Clerk of the House"
2046114,2025-10-08,,31,"House/ to Governor in Executive Branch - Governor"
2046114,2025-10-14,,32,"Governor Signed in Lieutenant Governor's office for filing"
2046115,2025-10-03,,1,"Bill Numbered but not Distributed in Legislative Research and General Counsel"
2046115,2025-10-03,,2,"Numbered Bill Publicly Distributed in Legislative Research and General Counsel"
2046115,2025-10-06,Senate,3,"Senate/ received bill from Legislative Printing in Waiting for Introduction in the Senate"
2046115,2025-10-06,Senate,4,"Senate/ 1st reading (Introduced) in Senate Rules Committee"
2046115,2025-10-06,Senate,5,"Senate/ placed on 2nd Reading Calendar in Senate 2nd Reading Calendar"
2046115,2025-10-06,Senate,6,"Senate/ 2nd & 3rd readings/ suspension in Senate 2nd Reading Calendar"
2046115,2025-10-06,House,7,"Senate/ passed 2nd & 3rd readings/ suspension in Clerk of the House"
2046115,2025-10-06,House,8,"Senate/ to House in Clerk of the House"
2046115,2025-10-06,House,9,"House/ received from Senate in Clerk of the House"
2046115,2025-10-06,House,10,"House/ 1st reading (Introduced) in House Rules Committee"
2046115,2025-10-06,House,11,"House/ Rules to 3rd Reading Calendar in House 3rd Reading Calendar for Senate bills"
2046115,2025-10-06,House,12,"House/ 2nd reading in House 3rd Reading Calendar for Senate bills"
2046115,2025-10-06,House,13,"House/ 3rd reading in House 3rd Reading Calendar for Senate bills"
2046115,2025-10-06,House,14,"House/ passed 3rd reading in House Speaker"
2046115,2025-10-06,Senate,15,"House/ signed by Speaker/ returned to Senate in Senate President"
2046115,2025-10-06,Senate,16,"House/ to Senate in Senate President"
2046115,2025-10-06,Senate,17,"Senate/ received from House in Senate President"
2046115,2025-10-06,,18,"Senate/ signed by President/ sent for enrolling in Legislative Research and General Counsel / Enrolling"
2046115,2025-10-06,,19,"Bill Received from Senate for Enrolling in Legislative Research and General Counsel / Enrolling"
2046115,2025-10-06,,20,"Draft of Enrolled Bill Prepared in Legislative Research and General Counsel / Enrolling"
2046115,2025-10-09,Senate,21,"Enrolled Bill Returned to House or Senate in Senate Secretary"
2046115,2025-10-09,Senate,22,"Senate/ enrolled bill to Printing in Senate Secretary"
2046115,2025-10-09,Senate,23,"Senate/ received enrolled bill from Printing in Senate Secretary"
2046115,2025-10-09,,24,"Senate/ to Governor in Executive Branch - Governor"
2046115,2025-10-14,,25,"Governor Signed in Lieutenant Governor's office for filing"
2046116,2025-10-03,,1,"Bill Numbered but not Distributed in Legislative Research and General Counsel"
2046116,2025-10-03,,2,"Numbered Bill Publicly Distributed in Legislative Research and General Counsel"
2046116,2025-10-06,Senate,3,"Senate/ received bill from Legislative Printing in Waiting for Introduction in the Senate"
2046116,2025-10-06,Senate,4,"Senate/ 1st reading (Introduced) in Senate Rules Committee"
2046116,2025-10-06,Senate,5,"Senate/ placed on 2nd Reading Calendar in Senate 2nd Reading Calendar"
2046116,2025-10-06,Senate,6,"Senate/ 2nd & 3rd readings/ suspension in Senate 2nd Reading Calendar"
2046116,2025-10-06,House,7,"Senate/ passed 2nd & 3rd readings/ suspension in Clerk of the House"
2046116,2025-10-06,House,8,"Senate/ to House in Clerk of the House"
2046116,2025-10-06,House,9,"House/ received from Senate in Clerk of the House"
2046116,2025-10-06,House,10,"House/ 1st reading (Introduced) in House Rules Committee"
2046116,2025-10-06,House,11,"House/ Rules to 3rd Reading Calendar in House 3rd Reading Calendar for Senate bills"
2046116,2025-10-06,House,12,"House/ 2nd reading in House 3rd Reading Calendar for Senate bills"
2046116,2025-10-06,House,13,"House/ 3rd reading in House 3rd Reading Calendar for Senate bills"
2046116,2025-10-06,House,14,"House/ floor amendment failed in House 3rd Reading Calendar for Senate bills"
2046116,2025-10-06,House,15,"House/ passed 3rd reading in House Speaker"
2046116,2025-10-06,Senate,16,"House/ signed by Speaker/ returned to Senate in Senate President"
2046116,2025-10-06,Senate,17,"House/ to Senate in Senate President"
2046116,2025-10-06,Senate,18,"Senate/ received from House in Senate President"
2046116,2025-10-06,,19,"Senate/ signed by President/ sent for enrolling in Legislative Research and General Counsel / Enrolling"
2046116,2025-10-06,,20,"Bill Received from Senate for Enrolling in Legislative Research and General Counsel / Enrolling"
2046116,2025-10-06,,21,"Draft of Enrolled Bill Prepared in Legislative Research and General Counsel / Enrolling"
2046116,2025-10-06,Senate,22,"Enrolled Bill Returned to House or Senate in Senate Secretary"
2046116,2025-10-06,Senate,23,"Senate/ enrolled bill to Printing in Senate Secretary"
2046116,2025-10-08,Senate,24,"Senate/ received enrolled bill from Printing in Senate Secretary"
2046116,2025-10-08,,25,"Senate/ to Governor in Executive Branch - Governor"
2046116,2025-10-14,,26,"Governor Signed in Lieutenant Governor's office for filing"
2046117,2025-10-03,,1,"Bill Numbered but not Distributed in Legislative Research and General Counsel"
2046117,2025-10-03,,2,"Numbered Bill Publicly Distributed in Legislative Research and General Counsel"
2046117,2025-10-06,Senate,3,"Senate/ received bill from Legislative Printing in Waiting for Introduction in the Senate"
2046117,2025-10-06,Senate,4,"Senate/ 1st reading (Introduced) in Senate Rules Committee"
2046117,2025-10-06,Senate,5,"Senate/ placed on 2nd Reading Calendar in Senate 2nd Reading Calendar"
2046117,2025-10-06,Senate,6,"Senate/ 2nd & 3rd readings/ suspension in Senate 2nd Reading Calendar"
2046117,2025-10-06,Senate,7,"Senate/ substituted in Senate 2nd Reading Calendar"
2046117,2025-10-06,House,8,"Senate/ passed 2nd & 3rd readings/ suspension in Clerk of the House"
2046117,2025-10-06,House,9,"Senate/ to House in Clerk of the House"
2046117,2025-10-06,House,10,"House/ received from Senate in Clerk of the House"
2046117,2025-10-06,House,11,"House/ 1st reading (Introduced) in House Rules Committee"
2046117,2025-10-06,House,12,"House/ Rules to 3rd Reading Calendar in House 3rd Reading Calendar for Senate bills"
2046117,2025-10-06,House,13,"House/ 2nd reading in House 3rd Reading Calendar for Senate bills"
2046117,2025-10-06,House,14,"House/ 3rd reading in House 3rd Reading Calendar for Senate bills"
2046117,2025-10-06,House,15,"House/ substitute adoption failed in House 3rd Reading Calendar for Senate bills"
2046117,2025-10-06,House,16,"House/ passed 3rd reading in House Speaker"
2046117,2025-10-06,Senate,17,"House/ signed by Speaker/ returned to Senate in Senate President"
2046117,2025-10-06,Senate,18,"House/ to Senate in Senate President"
2046117,2025-10-06,Senate,19,"Senate/ received from House in Senate President"
2046117,2025-10-06,,20,"Senate/ signed by President/ sent for enrolling in Legislative Research and General Counsel / Enrolling"
2046117,2025-10-06,,21,"Bill Received from Senate for Enrolling in Legislative Research and General Counsel / Enrolling"
2046117,2025-10-06,,22,"Draft of Enrolled Bill Prepared in Legislative Research and General Counsel / Enrolling"
2046117,2025-10-06,Senate,23,"Enrolled Bill Returned to House or Senate in Senate Secretary"
2046117,2025-10-06,Senate,24,"Senate/ enrolled bill to Printing in Senate Secretary"
2046117,2025-10-06,Senate,25,"Senate/ received enrolled bill from Printing in Senate Secretary"
2046117,2025-10-06,,26,"Senate/ to Governor in Executive Branch - Governor"
2046117,2025-10-06,Senate,27,"Senate/ enrolled bill to Printing in Senate Secretary"
2046117,2025-10-06,,28,"Governor Signed in Lieutenant Governor's office for filing"
2046118,2025-10-03,,1,"Bill Numbered but not Distributed in Legislative Research and General Counsel"
2046118,2025-10-03,,2,"Numbered Bill Publicly Distributed in Legislative Research and General Counsel"
2046118,2025-10-06,,3,"House/ received fiscal note from Fiscal Analyst in Legislative Research and General Counsel"
2046118,2025-10-06,House,4,"House/ received bill from Legislative Research in Clerk of the House"
2046118,2025-10-06,House,5,"House/ 1st reading (Introduced) in House Rules Committee"
2046118,2025-10-06,House,6,"House/ Rules to 3rd Reading Calendar in House 3rd Reading Calendar for House bills"
2046118,2025-10-06,House,7,"House/ 2nd reading in House 3rd Reading Calendar for House bills"
2046118,2025-10-06,House,8,"House/ 3rd reading in House 3rd Reading Calendar for House bills"
2046118,2025-10-06,Senate,9,"House/ passed 3rd reading in Senate Secretary"
2046118,2025-10-06,Senate,10,"House/ to Senate in Senate Secretary"
2046118,2025-10-06,Senate,11,"Senate/ received from House in Waiting for Introduction in the Senate"
2046118,2025-10-06,Senate,12,"Senate/ 1st reading (Introduced) in Senate Rules Committee"
2046118,2025-10-06,Senate,13,"Senate/ 2nd & 3rd readings/ suspension in Senate 2nd Reading Calendar"
2046118,2025-10-06,Senate,14,"Senate/ passed 2nd & 3rd readings/ suspension in Senate President"
2046118,2025-10-06,House,15,"Senate/ signed by President/ returned to House in House Speaker"
2046118,2025-10-06,House,16,"Senate/ to House in House Speaker"
2046118,2025-10-06,House,17,"House/ received from Senate in House Speaker"
2046118,2025-10-06,,18,"House/ signed by Speaker/ sent for enrolling in Legislative Research and General Counsel / Enrolling"
2046118,2025-10-06,,19,"Bill Received from House for Enrolling in Legislative Research and General Counsel / Enrolling"
2046118,2025-10-06,,20,"Draft of Enrolled Bill Prepared in Legislative Research and General Counsel / Enrolling"
2046118,2025-10-06,House,21,"Enrolled Bill Returned to House or Senate in Clerk of the House"
2046118,2025-10-06,House,22,"House/ enrolled bill to Printing in Clerk of the House"
2046118,2025-10-06,House,23,"House/ received enrolled bill from Printing in Clerk of the House"
2046118,2025-10-06,,24,"House/ to Governor in Executive Branch - Governor"
2046118,2025-10-14,,25,"Governor Signed in Lieutenant Governor's office for filing"
2046119,2025-10-03,,1,"Bill Numbered but not Distributed in Legislative Research and General Counsel"
2046119,2025-10-03,,2,"Numbered Bill Publicly Distributed in Legislative Research and General Counsel"
2046119,2025-10-06,Senate,3,"Senate/ received bill from Legislative Printing in Waiting for Introduction in the Senate"
2046119,2025-10-06,Senate,4,"Senate/ 1st reading (Introduced) in Senate Rules Committee"
2046119,2025-10-06,Senate,5,"Senate/ placed on 2nd Reading Calendar in Senate 2nd Reading Calendar"
2046119,2025-10-06,Senate,6,"Senate/ 2nd & 3rd readings/ suspension in Senate 2nd Reading Calendar"
2046119,2025-10-06,House,7,"Senate/ passed 2nd & 3rd readings/ suspension in Clerk of the House"
2046119,2025-10-06,House,8,"Senate/ to House in Clerk of the House"
2046119,2025-10-06,House,9,"House/ received from Senate in Clerk of the House"
2046119,2025-10-06,House,10,"House/ 1st reading (Introduced) in House Rules Committee"
2046119,2025-10-06,House,11,"House/ Rules to 3rd Reading Calendar in House 3rd Reading Calendar for Senate bills"
2046119,2025-10-06,House,12,"House/ 2nd reading in House 3rd Reading Calendar for Senate bills"
2046119,2025-10-06,House,13,"House/ 3rd reading in House 3rd Reading Calendar for Senate bills"
2046119,2025-10-06,House,14,"House/ passed 3rd reading in House Speaker"
2046119,2025-10-06,Senate,15,"House/ signed by Speaker/ returned to Senate in Senate President"
2046119,2025-10-06,Senate,16,"House/ to Senate in Senate President"
2046119,2025-10-06,Senate,17,"Senate/ received from House in Senate President"
2046119,2025-10-06,,18,"Senate/ signed by President/ sent for enrolling in Legislative Research and General Counsel / Enrolling"
2046119,2025-10-06,,19,"Bill Received from House for Enrolling in Legislative Research and General Counsel / Enrolling"
2046119,2025-10-06,,20,"Draft of Enrolled Bill Prepared in Legislative Research and General Counsel / Enrolling"
2046119,2025-10-09,Senate,21,"Enrolled Bill Returned to House or Senate in Senate Secretary"
2046119,2025-10-09,Senate,22,"Senate/ enrolled bill to Printing in Senate Secretary"
2046119,2025-10-09,Senate,23,"Senate/ received enrolled bill from Printing in Senate Secretary"
2046119,2025-10-09,,24,"Senate/ to Governor in Executive Branch - Governor"
2046119,2025-10-14,,25,"Governor Signed in Lieutenant Governor's office for filing"
