bill_id,roll_call_id,date,chamber,description,yea,nay,nv,absent,total
2052662,1615635,2026-01-21,Senate,"Senate Judiciary and Elections Committee Action (DP)",4,3,0,0,7
2052662,1616976,2026-01-26,Senate,"Senate Rules Committee Action (PFC)",0,0,0,0,0
2052663,1615526,2026-01-21,House,"House Federalism, Military Affairs & Elections Committee Action (DPA)",4,3,0,0,7
2052663,1617169,2026-01-26,House,"House Rules Committee Action (C&P)",8,0,0,0,8
2052785,1615525,2026-01-21,House,"House Federalism, Military Affairs & Elections Committee Action (DP)",4,3,0,0,7
2052789,1615372,2026-01-21,House,"House Federalism, Military Affairs & Elections Committee Action (DP)",4,3,0,0,7
2052809,1615371,2026-01-21,Senate,"Senate Health and Human Services Committee Action (DP)",6,0,1,0,7
2052819,1615540,2026-01-21,House,"House Federalism, Military Affairs & Elections Committee Action (DP)",4,3,0,0,7
2052822,1614777,2026-01-20,House,"House Education Committee Action (DP)",7,5,0,0,12
2052822,1616958,2026-01-26,House,"House Rules Committee Action (C&P)",8,0,0,0,8
2052822,1619440,2026-01-29,House,"House - Committee of the Whole (DP)",0,0,0,0,0
2052827,1618571,2026-01-28,House,"House Federalism, Military Affairs & Elections Committee Action (DP)",5,0,1,1,7
2052833,1617576,2026-01-27,House,"House Commerce Committee Action (DPA)",11,0,0,0,11
2052842,1618599,2026-01-28,House,"House Transportation & Infrastructure Committee Action (DP)",5,1,1,0,7
2053064,1618377,2026-01-28,House,"House Government Committee Action (DP)",4,3,0,0,7
2053286,1615296,2026-01-21,House,"House Ways & Means Committee Action (DP)",8,1,0,0,9
2053286,1617184,2026-01-26,House,"House Rules Committee Action (C&P)",8,0,0,0,8
2053286,1619536,2026-01-29,House,"House - Committee of the Whole (RET ON CAL)",0,0,0,0,0
2053291,1619612,2026-01-29,House,"House Judiciary Committee Action (W/D)",0,0,0,0,0
2053298,1615134,2026-01-21,House,"House Government Committee Action (DP)",4,3,0,0,7
2053925,1614231,2026-01-15,Senate,"Senate Regulatory Affairs and Government Efficiency Committee Action (W/D)",0,0,0,0,0
2053963,1614133,2026-01-14,Senate,"Senate Judiciary and Elections Committee Action (DP)",4,3,1,0,8
2053963,1617239,2026-01-26,Senate,"Senate Rules Committee Action (PFC)",0,0,0,0,0
2054262,1615382,2026-01-21,House,"House Federalism, Military Affairs & Elections Committee Action (DPA)",5,2,0,0,7
2054262,1617151,2026-01-26,House,"House Rules Committee Action (C&P)",8,0,0,0,8
2054262,1619320,2026-01-29,House,"House - Committee of the Whole (RET ON CAL)",0,0,0,0,0
2054411,1615251,2026-01-21,House,"House Federalism, Military Affairs & Elections Committee Action (DP)",4,3,0,0,7
2054411,1617170,2026-01-26,House,"House Rules Committee Action (C&P)",8,0,0,0,8
2054470,1615452,2026-01-21,House,"House Federalism, Military Affairs & Elections Committee Action (DP)",4,3,0,0,7
2054470,1617061,2026-01-26,House,"House Rules Committee Action (C&P)",8,0,0,0,8
2055153,1614140,2026-01-14,Senate,"Senate Judiciary and Elections Committee Action (DPA)",4,3,1,0,8
2055153,1617197,2026-01-26,Senate,"Senate Rules Committee Action (PFC)",0,0,0,0,0
2055803,1614860,2026-01-20,House,"House Natural Resources, Energy & Water Committee Action (DP)",9,1,0,0,10
2055803,1617040,2026-01-26,House,"House Rules Committee Action (C&P)",8,0,0,0,8
2055822,1613585,2026-01-13,House,"House Natural Resources, Energy & Water Committee Action (DP)",6,4,0,0,10
2055822,1617091,2026-01-26,House,"House Rules Committee Action (C&P)",8,0,0,0,8
2055835,1614697,2026-01-20,House,"House Natural Resources, Energy & Water Committee Action (DP)",6,4,0,0,10
2055835,1616959,2026-01-26,House,"House Rules Committee Action (C&P)",8,0,0,0,8
2056025,1617920,2026-01-27,House,"House Education Committee Action (DP)",7,2,2,1,12
2056078,1617839,2026-01-27,House,"House Education Committee Action (DP)",7,5,0,0,12
2056201,1615024,2026-01-21,House,"House Government Committee Action (HELD)",0,0,0,0,0
2056674,1615474,2026-01-21,Senate,"Senate Education Committee Action (DP)",5,2,0,0,7
2056674,1617198,2026-01-26,Senate,"Senate Rules Committee Action (PFC)",0,0,0,0,0
2057409,1615757,2026-01-21,Senate,"Senate Judiciary and Elections Committee Action (DPA)",4,3,0,0,7
2057409,1617232,2026-01-26,Senate,"Senate Rules Committee Action (PFC)",0,0,0,0,0
2057477,1615348,2026-01-21,Senate,"Senate Public Safety Committee Action (DP)",4,3,0,0,7
2057477,1616949,2026-01-26,Senate,"Senate Rules Committee Action (PFC)",0,0,0,0,0
2057575,1616010,2026-01-21,Senate,"Senate Judiciary and Elections Committee Action (DP)",4,3,0,0,7
2057575,1617216,2026-01-26,Senate,"Senate Rules Committee Action (PFC)",0,0,0,0,0
2057643,1617327,2026-01-26,Senate,"Senate Federalism Committee Action (DP)",4,3,0,0,7
2057708,1615466,2026-01-21,Senate,"Senate Health and Human Services Committee Action (DP)",4,3,0,0,7
2057708,1617230,2026-01-26,Senate,"Senate Rules Committee Action (PFC)",0,0,0,0,0
2057753,1615040,2026-01-21,Senate,"Senate Health and Human Services Committee Action (DP)",4,3,0,0,7
2057753,1617248,2026-01-26,Senate,"Senate Rules Committee Action (PFC)",0,0,0,0,0
2057775,1618582,2026-01-28,Senate,"Senate Public Safety Committee Action (DP)",7,0,0,0,7
2057797,1618256,2026-01-28,Senate,"Senate Government Committee Action (DP)",4,3,0,0,7
2057817,1615059,2026-01-21,Senate,"Senate Regulatory Affairs and Government Efficiency Committee Action (DPA)",4,3,0,0,7
2057817,1617223,2026-01-26,Senate,"Senate Rules Committee Action (PFC)",0,0,0,0,0
2057830,1615008,2026-01-21,House,"House Government Committee Action (HELD)",0,0,0,0,0
2058229,1617838,2026-01-27,House,"House Natural Resources, Energy & Water Committee Action (DP)",6,4,0,0,10
2058232,1615081,2026-01-21,House,"House Judiciary Committee Action (DP)",9,0,0,0,9
2058232,1617218,2026-01-26,House,"House Rules Committee Action (C&P)",8,0,0,0,8
2058232,1619367,2026-01-29,House,"House - Committee of the Whole (DP)",0,0,0,0,0
2058241,1613858,2026-01-14,House,"House Judiciary Committee Action (DPA)",6,3,0,0,9
2058241,1617234,2026-01-26,House,"House Rules Committee Action (C&P)",8,0,0,0,8
2058247,1615037,2026-01-21,House,"House Judiciary Committee Action (DP)",7,1,0,1,9
2058247,1617190,2026-01-26,House,"House Rules Committee Action (C&P)",8,0,0,0,8
2058251,1616275,2026-01-22,House,"House Health & Human Services Committee Action (DPA)",10,2,0,0,12
2058255,1616284,2026-01-22,House,"House Health & Human Services Committee Action (DP)",11,0,0,1,12
2058262,1613833,2026-01-14,House,"House Judiciary Committee Action (HELD)",0,0,0,0,0
2058262,1615152,2026-01-21,House,"House Judiciary Committee Action (DP)",6,2,0,1,9
2058262,1617093,2026-01-26,House,"House Rules Committee Action (C&P)",8,0,0,0,8
2058265,1615150,2026-01-21,House,"House Judiciary Committee Action (DP)",8,0,1,0,9
2058265,1617107,2026-01-26,House,"House Rules Committee Action (C&P)",8,0,0,0,8
2058361,1615023,2026-01-21,Senate,"Senate Regulatory Affairs and Government Efficiency Committee Action (DP)",7,0,0,0,7
2058361,1617179,2026-01-26,Senate,"Senate Rules Committee Action (PFC)",0,0,0,0,0
2058434,1616288,2026-01-22,House,"House Health & Human Services Committee Action (DPA)",12,0,0,0,12
2058525,1618645,2026-01-28,Senate,"Senate Education Committee Action (DPA)",4,3,0,0,7
2058544,1614796,2026-01-20,Senate,"Senate Appropriations, Transportation and Technology Committee Action (DP)",7,2,1,0,10
2058544,1617092,2026-01-26,Senate,"Senate Rules Committee Action (PFC)",0,0,0,0,0
2058729,1618600,2026-01-28,House,"House Transportation & Infrastructure Committee Action (DP)",7,0,0,0,7
2058753,1617875,2026-01-27,House,"House Natural Resources, Energy & Water Committee Action (DPA)",6,4,0,0,10
2058777,1617739,2026-01-27,House,"House Natural Resources, Energy & Water Committee Action (DP)",6,4,0,0,10
2058791,1613615,2026-01-13,House,"House Natural Resources, Energy & Water Committee Action (DPA)",6,4,0,0,10
2058791,1615383,2026-01-21,House,"House Appropriations Committee Action (DPA)",11,7,0,0,18
2058791,1617250,2026-01-26,House,"House Rules Committee Action (C&P)",8,0,0,0,8
2058802,1617969,2026-01-27,House,"House Natural Resources, Energy & Water Committee Action (DP)",6,4,0,0,10
2058802,1619885,2026-01-28,House,"House Appropriations Committee Action (DP)",11,6,0,1,18
2058940,1618124,2026-01-28,House,"House Government Committee Action (DP)",4,3,0,0,7
2059280,1619498,2026-01-29,House,"House Public Safety & Law Enforcement Committee Action (W/D)",0,0,0,0,0
2059296,1614951,2026-01-21,House,"House Government Committee Action (DP)",7,0,0,0,7
2059296,1617196,2026-01-26,House,"House Rules Committee Action (C&P)",8,0,0,0,8
2059313,1619386,2026-01-29,House,"House Rural Economic Development Committee Action (DP)",6,1,0,0,7
2059321,1619560,2026-01-29,House,"House Rural Economic Development Committee Action (DP)",6,1,0,0,7
2059338,1614148,2026-01-14,Senate,"Senate Judiciary and Elections Committee Action (DP)",7,0,0,0,7
2059338,1617066,2026-01-26,Senate,"Senate Rules Committee Action (PFC)",0,0,0,0,0
2059345,1615184,2026-01-21,House,"House Judiciary Committee Action (DP)",8,1,0,0,9
2059361,1619343,2026-01-29,House,"House Rural Economic Development Committee Action (DP)",6,1,0,0,7
2059496,1614794,2026-01-20,Senate,"Senate Appropriations, Transportation and Technology Committee Action (DP)",10,0,0,0,10
2059496,1617044,2026-01-26,Senate,"Senate Rules Committee Action (PFC)",0,0,0,0,0
2059558,1616464,2026-01-22,House,"House Health & Human Services Committee Action (DP)",12,0,0,0,12
2059577,1614979,2026-01-21,House,"House Judiciary Committee Action (DPA)",5,3,0,1,9
2059577,1617177,2026-01-26,House,"House Rules Committee Action (C&P)",5,3,0,0,8
2059577,1618477,2026-01-28,House,"House - Committee of the Whole (DPA)",0,0,0,0,0
2059610,1617686,2026-01-27,House,"House Education Committee Action (DPA)",8,4,0,0,12
2060073,1615929,2026-01-22,House,"House Health & Human Services Committee Action (DP)",12,0,0,0,12
2060121,1614725,2026-01-20,House,"House Education Committee Action (DP)",7,5,0,0,12
2060171,1618585,2026-01-28,House,"House Judiciary Committee Action (DP)",6,3,0,0,9
2060246,1615435,2026-01-21,Senate,"Senate Public Safety Committee Action (DPA)",4,3,0,0,7
2060421,1614244,2026-01-15,Senate,"Senate Regulatory Affairs and Government Efficiency Committee Action (W/D)",0,0,0,0,0
2060426,1614053,2026-01-14,Senate,"Senate Judiciary and Elections Committee Action (DPA)",4,2,1,0,7
2060426,1617220,2026-01-26,Senate,"Senate Rules Committee Action (PFC)",0,0,0,0,0
2060434,1614076,2026-01-14,Senate,"Senate Judiciary and Elections Committee Action (DP)",4,2,1,0,7
2060434,1617149,2026-01-26,Senate,"Senate Rules Committee Action (PFC)",5,4,0,0,9
2060439,1614123,2026-01-14,Senate,"Senate Judiciary and Elections Committee Action (DP)",4,2,1,0,7
2060439,1617053,2026-01-26,Senate,"Senate Rules Committee Action (PFC)",0,0,0,0,0
2060447,1614052,2026-01-14,Senate,"Senate Judiciary and Elections Committee Action (DPA)",4,2,1,0,7
2060447,1617112,2026-01-26,Senate,"Senate Rules Committee Action (PFC)",0,0,0,0,0
2060457,1617060,2026-01-26,Senate,"Senate Finance Committee Action (DPA)",4,3,0,0,7
2060463,1615979,2026-01-22,Senate,"Senate Military Affairs and Border Security Committee Action (W/D)",0,0,0,0,0
2060463,1618438,2026-01-28,Senate,"Senate Health and Human Services Committee Action (DP)",4,3,0,0,7
2060471,1617329,2026-01-26,Senate,"Senate Finance Committee Action (DP)",4,3,0,0,7
2060477,1614841,2026-01-20,Senate,"Senate Appropriations, Transportation and Technology Committee Action (HELD)",0,0,0,0,0
2060477,1617874,2026-01-27,Senate,"Senate Appropriations, Transportation and Technology Committee Action (DPA)",6,4,0,0,10
2060492,1615165,2026-01-20,Senate,"Senate Natural Resources Committee Action (HELD)",0,0,0,0,0
2060501,1617078,2026-01-26,Senate,"Senate Finance Committee Action (DP)",4,3,0,0,7
2060508,1618556,2026-01-28,Senate,"Senate Government Committee Action (DP)",4,3,0,0,7
2060521,1615628,2026-01-21,Senate,"Senate Judiciary and Elections Committee Action (DPA)",4,2,1,0,7
2060521,1616960,2026-01-26,Senate,"Senate Rules Committee Action (PFC)",0,0,0,0,0
2060527,1618561,2026-01-28,Senate,"Senate Government Committee Action (DP)",4,3,0,0,7
2060534,1617160,2026-01-26,Senate,"Senate Military Affairs and Border Security Committee Action (DP)",4,3,0,0,7
2060542,1615388,2026-01-21,Senate,"Senate Health and Human Services Committee Action (DP)",5,2,0,0,7
2060542,1617181,2026-01-26,Senate,"Senate Rules Committee Action (PFC)",0,0,0,0,0
2060549,1614062,2026-01-14,Senate,"Senate Judiciary and Elections Committee Action (DP)",4,2,1,0,7
2060549,1617204,2026-01-26,Senate,"Senate Rules Committee Action (PFC)",0,0,0,0,0
2060570,1617255,2026-01-26,Senate,"Senate Finance Committee Action (DP)",4,3,0,0,7
2060603,1614923,2026-01-20,Senate,"Senate Appropriations, Transportation and Technology Committee Action (DP)",6,4,0,0,10
2060603,1617043,2026-01-26,Senate,"Senate Rules Committee Action (PFC)",0,0,0,0,0
2060609,1614074,2026-01-14,Senate,"Senate Judiciary and Elections Committee Action (DP)",3,2,2,0,7
2060609,1617201,2026-01-26,Senate,"Senate Rules Committee Action (PFC)",0,0,0,0,0
2060617,1614679,2026-01-20,Senate,"Senate Appropriations, Transportation and Technology Committee Action (DPA)",7,3,0,0,10
2060617,1617187,2026-01-26,Senate,"Senate Rules Committee Action (PFC)",0,0,0,0,0
2060624,1614051,2026-01-14,Senate,"Senate Judiciary and Elections Committee Action (DP)",4,2,1,0,7
2060624,1617252,2026-01-26,Senate,"Senate Rules Committee Action (PFC)",0,0,0,0,0
2060626,1614054,2026-01-14,Senate,"Senate Judiciary and Elections Committee Action (DP)",4,3,0,0,7
2060626,1617017,2026-01-26,Senate,"Senate Rules Committee Action (PFC)",0,0,0,0,0
2060631,1617757,2026-01-27,Senate,"Senate Appropriations, Transportation and Technology Committee Action (DP)",6,4,0,0,10
2060636,1614889,2026-01-20,Senate,"Senate Appropriations, Transportation and Technology Committee Action (DP)",6,4,0,0,10
2060636,1617159,2026-01-26,Senate,"Senate Rules Committee Action (PFC)",0,0,0,0,0
2060643,1615323,2026-01-21,Senate,"Senate Public Safety Committee Action (DP)",4,3,0,0,7
2060643,1617113,2026-01-26,Senate,"Senate Rules Committee Action (PFC)",0,0,0,0,0
2060649,1615875,2026-01-21,Senate,"Senate Judiciary and Elections Committee Action (DP)",4,3,0,0,7
2060649,1617222,2026-01-26,Senate,"Senate Rules Committee Action (PFC)",0,0,0,0,0
2060657,1614105,2026-01-14,Senate,"Senate Judiciary and Elections Committee Action (DP)",4,2,1,0,7
2060657,1617202,2026-01-26,Senate,"Senate Rules Committee Action (PFC)",0,0,0,0,0
2060661,1617233,2026-01-26,Senate,"Senate Military Affairs and Border Security Committee Action (DP)",7,0,0,0,7
2060664,1614861,2026-01-20,Senate,"Senate Appropriations, Transportation and Technology Committee Action (DP)",7,3,0,0,10
2060664,1617038,2026-01-26,Senate,"Senate Rules Committee Action (PFC)",0,0,0,0,0
2060668,1614059,2026-01-14,Senate,"Senate Judiciary and Elections Committee Action (DP)",4,3,0,0,7
2060668,1617219,2026-01-26,Senate,"Senate Rules Committee Action (PFC)",0,0,0,0,0
2060680,1616425,2026-01-22,House,"House Health & Human Services Committee Action (DP)",7,5,0,0,12
2060722,1615151,2026-01-21,Senate,"Senate Health and Human Services Committee Action (DP)",6,0,1,0,7
2060761,1617892,2026-01-27,House,"House Regulatory Oversight Committee Action (DP)",3,2,0,0,5
2060961,1614667,2026-01-20,House,"House Commerce Committee Action (DP)",11,0,0,0,11
2060961,1617224,2026-01-26,House,"House Rules Committee Action (C&P)",8,0,0,0,8
2060961,1619146,2026-01-29,House,"House - Committee of the Whole (DP)",0,0,0,0,0
2061048,1617330,2026-01-26,Senate,"Senate Federalism Committee Action (DPA)",4,3,0,0,7
2061056,1615541,2026-01-21,Senate,"Senate Public Safety Committee Action (DP)",5,2,0,0,7
2061056,1617221,2026-01-26,Senate,"Senate Rules Committee Action (PFC)",0,0,0,0,0
2061069,1615676,2026-01-21,Senate,"Senate Judiciary and Elections Committee Action (DP)",4,3,0,0,7
2061069,1617189,2026-01-26,Senate,"Senate Rules Committee Action (PFC)",0,0,0,0,0
2061077,1614203,2026-01-15,Senate,"Senate Judiciary and Elections Committee Action (W/D)",0,0,0,0,0
2061077,1617313,2026-01-26,Senate,"Senate Federalism Committee Action (DP)",7,0,0,0,7
2061107,1618379,2026-01-28,Senate,"Senate Government Committee Action (DP)",7,0,0,0,7
2061114,1617758,2026-01-27,House,"House Natural Resources, Energy & Water Committee Action (HELD)",0,0,0,0,0
2061137,1614665,2026-01-20,House,"House Natural Resources, Energy & Water Committee Action (DP)",10,0,0,0,10
2061137,1617045,2026-01-26,House,"House Rules Committee Action (C&P)",8,0,0,0,8
2061143,1613617,2026-01-13,House,"House Natural Resources, Energy & Water Committee Action (DP)",6,4,0,0,10
2061143,1616975,2026-01-26,House,"House Rules Committee Action (C&P)",8,0,0,0,8
2061170,1617601,2026-01-27,House,"House Natural Resources, Energy & Water Committee Action (DP)",10,0,0,0,10
2061197,1613879,2026-01-14,House,"House Judiciary Committee Action (DP)",6,3,0,0,9
2061197,1617185,2026-01-26,House,"House Rules Committee Action (C&P)",8,0,0,0,8
2061203,1619525,2026-01-29,House,"House Rural Economic Development Committee Action (DP)",7,0,0,0,7
2061208,1618699,2026-01-28,House,"House Transportation & Infrastructure Committee Action (DP)",6,1,0,0,7
2061213,1618965,2026-01-28,House,"House Transportation & Infrastructure Committee Action (DP)",7,0,0,0,7
2061220,1615239,2026-01-21,House,"House Ways & Means Committee Action (DP)",5,4,0,0,9
2061220,1617168,2026-01-26,House,"House Rules Committee Action (C&P)",8,0,0,0,8
2061220,1619201,2026-01-29,House,"House - Committee of the Whole (DP)",0,0,0,0,0
2061225,1614901,2026-01-20,House,"House Education Committee Action (DP)",8,4,0,0,12
2061225,1617176,2026-01-26,House,"House Rules Committee Action (C&P)",8,0,0,0,8
2061230,1618764,2026-01-28,House,"House Transportation & Infrastructure Committee Action (DP)",7,0,0,0,7
2061235,1615335,2026-01-21,House,"House Ways & Means Committee Action (DP)",5,4,0,0,9
2061235,1617231,2026-01-26,House,"House Rules Committee Action (C&P)",8,0,0,0,8
2061235,1619185,2026-01-29,House,"House - Committee of the Whole (DP)",0,0,0,0,0
2061241,1618817,2026-01-28,House,"House Transportation & Infrastructure Committee Action (DP)",7,0,0,0,7
2061257,1615945,2026-01-21,Senate,"Senate Judiciary and Elections Committee Action (DP)",4,3,0,0,7
2061257,1617042,2026-01-26,Senate,"Senate Rules Committee Action (PFC)",0,0,0,0,0
2061321,1618727,2026-01-28,Senate,"Senate Government Committee Action (DP)",7,0,0,0,7
2061335,1618390,2026-01-28,Senate,"Senate Government Committee Action (DP)",4,3,0,0,7
2061348,1613584,2026-01-13,House,"House Natural Resources, Energy & Water Committee Action (DP)",7,3,0,0,10
2061348,1616938,2026-01-26,House,"House Rules Committee Action (C&P)",8,0,0,0,8
2061362,1613599,2026-01-13,House,"House Natural Resources, Energy & Water Committee Action (DP)",9,1,0,0,10
2061362,1615135,2026-01-21,House,"House Appropriations Committee Action (DP)",17,1,0,0,18
2061362,1617235,2026-01-26,House,"House Rules Committee Action (C&P)",8,0,0,0,8
2061362,1619484,2026-01-29,House,"House - Committee of the Whole (DP)",0,0,0,0,0
2064912,1614803,2026-01-20,House,"House Commerce Committee Action (HELD)",0,0,0,0,0
2064937,1616173,2026-01-22,House,"House Commerce Committee Action (W/D)",0,0,0,0,0
2064963,1618193,2026-01-28,House,"House Ways & Means Committee Action (DP)",6,1,1,1,9
2065331,1618296,2026-01-28,House,"House Science & Technology Committee Action (DPA)",7,1,1,0,9
2065654,1614666,2026-01-20,House,"House Commerce Committee Action (DP)",11,0,0,0,11
2065654,1617200,2026-01-26,House,"House Rules Committee Action (C&P)",8,0,0,0,8
2065677,1615634,2026-01-21,Senate,"Senate Judiciary and Elections Committee Action (HELD)",0,0,0,0,0
2065677,1617494,2026-01-27,Senate,"Senate Judiciary and Elections Committee Action (W/D)",0,0,0,0,0
2065907,1618767,2026-01-28,Senate,"Senate Judiciary and Elections Committee Action (DPA)",4,3,0,0,7
2065927,1615519,2026-01-21,Senate,"Senate Public Safety Committee Action (DP)",4,3,0,0,7
2065927,1617157,2026-01-26,Senate,"Senate Rules Committee Action (PFC)",0,0,0,0,0
2065977,1615166,2026-01-21,House,"House Judiciary Committee Action (DP)",7,0,1,1,9
2065977,1617203,2026-01-26,House,"House Rules Committee Action (C&P)",8,0,0,0,8
2066062,1618581,2026-01-28,House,"House Government Committee Action (HELD)",0,0,0,0,0
2066114,1615520,2026-01-21,House,"House Federalism, Military Affairs & Elections Committee Action (FAILED)",3,3,1,0,7
2066158,1618854,2026-01-28,House,"House Science & Technology Committee Action (DP)",5,4,0,0,9
2066184,1613864,2026-01-14,House,"House Judiciary Committee Action (DP)",7,2,0,0,9
2066184,1617077,2026-01-26,House,"House Rules Committee Action (C&P)",8,0,0,0,8
2066184,1619087,2026-01-29,House,"House - Committee of the Whole (DP)",0,0,0,0,0
2066237,1613861,2026-01-14,House,"House Judiciary Committee Action (DP)",7,0,1,1,9
2066237,1617180,2026-01-26,House,"House Rules Committee Action (C&P)",8,0,0,0,8
2066292,1615149,2026-01-21,House,"House Judiciary Committee Action (DP)",7,1,0,1,9
2066292,1619247,2026-01-29,House,"House Artificial Intelligence & Innovation Committee Action (DPA)",5,0,2,0,7
2066317,1614664,2026-01-20,House,"House Commerce Committee Action (DP)",11,0,0,0,11
2066317,1617100,2026-01-26,House,"House Rules Committee Action (C&P)",8,0,0,0,8
2066369,1618595,2026-01-28,House,"House Judiciary Committee Action (DP)",6,2,0,1,9
2066565,1614783,2026-01-20,Senate,"Senate Appropriations, Transportation and Technology Committee Action (DP)",8,0,2,0,10
2066565,1617041,2026-01-26,Senate,"Senate Rules Committee Action (PFC)",0,0,0,0,0
2067032,1613594,2026-01-13,House,"House Education Committee Action (DP)",6,4,1,1,12
2067032,1617229,2026-01-26,House,"House Rules Committee Action (C&P)",8,0,0,0,8
2067032,1619441,2026-01-29,House,"House - Committee of the Whole (RET ON CAL)",0,0,0,0,0
2067364,1615185,2026-01-21,House,"House Judiciary Committee Action (DP)",6,2,0,1,9
2067364,1617164,2026-01-26,House,"House Rules Committee Action (C&P)",8,0,0,0,8
2067568,1615025,2026-01-21,Senate,"Senate Health and Human Services Committee Action (DP)",5,2,0,0,7
2067568,1617199,2026-01-26,Senate,"Senate Rules Committee Action (PFC)",0,0,0,0,0
2067970,1615250,2026-01-21,House,"House Appropriations Committee Action (DPA)",11,7,0,0,18
2067970,1617225,2026-01-26,House,"House Rules Committee Action (C&P)",8,0,0,0,8
2067970,1618700,2026-01-28,House,"House - Committee of the Whole (DPA)",0,0,0,0,0
2067970,1619471,2026-01-29,House,"House - Third Reading",33,25,2,0,60
2068574,1613962,2026-01-14,Senate,"Senate Finance Committee Action (DP)",4,3,0,0,7
2068574,1614099,2026-01-15,Senate,"Senate - Committee of the Whole (DP)",0,0,0,0,0
2068574,1614100,2026-01-15,Senate,"Senate - Third Reading",17,12,1,0,30
2068574,1614199,2026-01-15,House,"House - Third Reading",31,27,2,0,60
2068574,1614318,2026-01-15,Senate,"Senate Rules Committee Action (PFC)",0,0,0,0,0
2068721,1613964,2026-01-14,House,"House Ways & Means Committee Action (DP)",5,4,0,0,9
2068721,1614093,2026-01-15,House,"House - Committee of the Whole (DP)",0,0,0,0,0
2068721,1614317,2026-01-15,House,"House Rules Committee Action (C&P)",5,0,0,3,8
2068898,1618560,2026-01-28,House,"House Federalism, Military Affairs & Elections Committee Action (DPA)",6,0,0,1,7
2068921,1617009,2026-01-26,House,"House Land, Agriculture & Rural Affairs Committee Action (DPA)",5,2,0,1,8
2068951,1618104,2026-01-28,House,"House Government Committee Action (DP)",4,3,0,0,7
2068964,1617345,2026-01-26,House,"House Land, Agriculture & Rural Affairs Committee Action (DISC/HELD)",0,0,0,0,0
2068994,1614241,2026-01-15,House,"House Judiciary Committee Action (W/D)",0,0,0,0,0
2069074,1614257,2026-01-15,House,"House Judiciary Committee Action (W/D)",0,0,0,0,0
2069126,1614254,2026-01-15,House,"House Judiciary Committee Action (W/D)",0,0,0,0,0
2069142,1617067,2026-01-26,House,"House Land, Agriculture & Rural Affairs Committee Action (DP)",7,1,0,0,8
2069538,1618822,2026-01-28,Senate,"Senate Public Safety Committee Action (DPA)",7,0,0,0,7
2069555,1616054,2026-01-22,House,"House Health & Human Services Committee Action (DP)",12,0,0,0,12
2069587,1617296,2026-01-26,House,"House Health & Human Services Committee Action (DP)",11,1,0,0,12
2069617,1614242,2026-01-15,House,"House Commerce Committee Action (W/D)",0,0,0,0,0
2069617,1617820,2026-01-27,House,"House Natural Resources, Energy & Water Committee Action (DPA)",10,0,0,0,10
2069688,1616277,2026-01-22,House,"House Health & Human Services Committee Action (DP)",12,0,0,0,12
2069702,1615928,2026-01-22,House,"House Health & Human Services Committee Action (DPA)",12,0,0,0,12
2069718,1618074,2026-01-28,House,"House Judiciary Committee Action (DP)",7,0,1,1,9
2069769,1617868,2026-01-27,House,"House Commerce Committee Action (DP)",9,0,2,0,11
2069833,1618361,2026-01-28,House,"House Ways & Means Committee Action (DP)",8,0,0,1,9
2069883,1615965,2026-01-22,House,"House Health & Human Services Committee Action (DP)",12,0,0,0,12
2069915,1618501,2026-01-28,House,"House Judiciary Committee Action (DPA)",6,2,0,1,9
2069948,1615989,2026-01-21,Senate,"Senate Judiciary and Elections Committee Action (DPA)",7,0,0,0,7
2069948,1616942,2026-01-26,Senate,"Senate Rules Committee Action (PFC)",0,0,0,0,0
2069952,1618374,2026-01-28,House,"House Government Committee Action (DPA)",4,3,0,0,7
2069973,1618697,2026-01-28,Senate,"Senate Health and Human Services Committee Action (DP)",4,3,0,0,7
2069978,1617015,2026-01-26,House,"House Health & Human Services Committee Action (DP)",11,0,0,1,12
2069978,1618868,2026-01-28,House,"House Appropriations Committee Action (DP)",15,2,0,1,18
2069983,1616463,2026-01-22,House,"House Health & Human Services Committee Action (DP)",12,0,0,0,12
2069988,1617240,2026-01-26,House,"House Public Safety & Law Enforcement Committee Action (DP)",9,0,4,2,15
2069988,1618879,2026-01-28,House,"House Appropriations Committee Action (DP)",17,0,0,1,18
2069993,1615511,2026-01-21,Senate,"Senate Health and Human Services Committee Action (DP)",6,0,1,0,7
2069993,1617353,2026-01-26,Senate,"Senate Rules Committee Action (PFC)",0,0,0,0,0
2070010,1617928,2026-01-27,House,"House Commerce Committee Action (DPA)",7,0,3,1,11
2070014,1615249,2026-01-21,Senate,"Senate Health and Human Services Committee Action (DP)",6,0,1,0,7
2070014,1617237,2026-01-26,Senate,"Senate Rules Committee Action (PFC)",0,0,0,0,0
2070019,1615876,2026-01-21,Senate,"Senate Judiciary and Elections Committee Action (DP)",6,1,0,0,7
2070019,1617178,2026-01-26,Senate,"Senate Rules Committee Action (PFC)",0,0,0,0,0
2070023,1618389,2026-01-28,Senate,"Senate Health and Human Services Committee Action (DP)",6,0,1,0,7
2070027,1618375,2026-01-28,Senate,"Senate Health and Human Services Committee Action (DP)",7,0,0,0,7
2070030,1615412,2026-01-21,Senate,"Senate Health and Human Services Committee Action (DPA)",7,0,0,0,7
2070030,1617150,2026-01-26,Senate,"Senate Rules Committee Action (PFC)",0,0,0,0,0
2070043,1617167,2026-01-26,Senate,"Senate Finance Committee Action (DP)",6,0,1,0,7
2070052,1615058,2026-01-21,Senate,"Senate Health and Human Services Committee Action (DP)",7,0,0,0,7
2070052,1617238,2026-01-26,Senate,"Senate Rules Committee Action (PFC)",0,0,0,0,0
2070055,1618821,2026-01-28,Senate,"Senate Public Safety Committee Action (DP)",7,0,0,0,7
2070060,1617694,2026-01-27,House,"House Education Committee Action (DP)",10,0,0,2,12
2070065,1615387,2026-01-21,Senate,"Senate Health and Human Services Committee Action (DPA)",7,0,0,0,7
2070068,1615405,2026-01-21,Senate,"Senate Health and Human Services Committee Action (DP)",7,0,0,0,7
2070068,1617685,2026-01-27,Senate,"Senate Appropriations, Transportation and Technology Committee Action (DPA)",10,0,0,0,10
2070073,1618614,2026-01-28,Senate,"Senate Regulatory Affairs and Government Efficiency Committee Action (DP)",7,0,0,0,7
2070078,1618745,2026-01-28,Senate,"Senate Education Committee Action (DP)",7,0,0,0,7
2070086,1615062,2026-01-21,Senate,"Senate Health and Human Services Committee Action (DP)",5,2,0,0,7
2070086,1617039,2026-01-26,Senate,"Senate Rules Committee Action (PFC)",0,0,0,0,0
2070092,1617188,2026-01-26,Senate,"Senate Finance Committee Action (DP)",6,0,1,0,7
2070096,1615061,2026-01-21,Senate,"Senate Health and Human Services Committee Action (HELD)",0,0,0,0,0
2070096,1618255,2026-01-28,Senate,"Senate Health and Human Services Committee Action (DPA)",7,0,0,0,7
2070106,1615060,2026-01-21,Senate,"Senate Health and Human Services Committee Action (DPA)",7,0,0,0,7
2070106,1616966,2026-01-26,Senate,"Senate Rules Committee Action (PFC)",0,0,0,0,0
2070124,1618518,2026-01-28,Senate,"Senate Judiciary and Elections Committee Action (DPA)",7,0,0,0,7
2070129,1615063,2026-01-21,Senate,"Senate Health and Human Services Committee Action (DP)",5,2,0,0,7
2070129,1617236,2026-01-26,Senate,"Senate Rules Committee Action (PFC)",0,0,0,0,0
2070133,1617627,2026-01-27,House,"House Education Committee Action (DP)",10,1,1,0,12
2071048,1618742,2026-01-28,Senate,"Senate Education Committee Action (DP)",4,3,0,0,7
2071109,1618318,2026-01-28,Senate,"Senate Regulatory Affairs and Government Efficiency Committee Action (DP)",7,0,0,0,7
2071197,1615964,2026-01-21,Senate,"Senate Judiciary and Elections Committee Action (DP)",4,3,0,0,7
2071197,1617186,2026-01-26,Senate,"Senate Rules Committee Action (PFC)",0,0,0,0,0
2071218,1617328,2026-01-26,Senate,"Senate Federalism Committee Action (DP)",7,0,0,0,7
2071302,1618598,2026-01-28,Senate,"Senate Regulatory Affairs and Government Efficiency Committee Action (DP)",7,0,0,0,7
2071344,1618132,2026-01-28,Senate,"Senate Regulatory Affairs and Government Efficiency Committee Action (HELD)",0,0,0,0,0
2071426,1617251,2026-01-26,Senate,"Senate Finance Committee Action (DP)",4,3,0,0,7
2071447,1615738,2026-01-21,Senate,"Senate Judiciary and Elections Committee Action (DP)",4,3,0,0,7
2071447,1617090,2026-01-26,Senate,"Senate Rules Committee Action (PFC)",0,0,0,0,0
2071469,1615737,2026-01-21,Senate,"Senate Judiciary and Elections Committee Action (DP)",4,3,0,0,7
2071469,1617124,2026-01-26,Senate,"Senate Rules Committee Action (PFC)",5,4,0,0,9
2071530,1616164,2026-01-21,Senate,"Senate Judiciary and Elections Committee Action (DP)",4,3,0,0,7
2071530,1617098,2026-01-26,Senate,"Senate Rules Committee Action (PFC)",0,0,0,0,0
2071557,1617722,2026-01-27,Senate,"Senate Appropriations, Transportation and Technology Committee Action (DP)",10,0,0,0,10
2071567,1617819,2026-01-27,House,"House Regulatory Oversight Committee Action (DP)",3,2,0,0,5
2071589,1617723,2026-01-27,House,"House Education Committee Action (DP)",5,4,1,2,12
2071596,1617243,2026-01-26,House,"House Health & Human Services Committee Action (DISC/HELD)",0,0,0,0,0
2071602,1618597,2026-01-28,House,"House Ways & Means Committee Action (DP)",5,3,0,1,9
2071619,1618866,2026-01-28,House,"House Federalism, Military Affairs & Elections Committee Action (DP)",6,0,0,1,7
2071634,1617152,2026-01-26,House,"House Public Safety & Law Enforcement Committee Action (DP)",6,5,3,1,15
2071708,1618752,2026-01-28,House,"House Government Committee Action (DP)",7,0,0,0,7
2071739,1617244,2026-01-26,House,"House Health & Human Services Committee Action (DPA/SE)",7,5,0,0,12
2071756,1619561,2026-01-29,House,"House Rural Economic Development Committee Action (DP)",7,0,0,0,7
2071779,1617342,2026-01-26,House,"House Health & Human Services Committee Action (DISC/HELD)",0,0,0,0,0
2071794,1614765,2026-01-20,House,"House Education Committee Action (DP)",7,5,0,0,12
2071794,1617014,2026-01-26,House,"House Rules Committee Action (C&P)",8,0,0,0,8
2071801,1618596,2026-01-28,House,"House Appropriations Committee Action (DPA)",16,1,0,1,18
2071838,1619442,2026-01-29,House,"House Rural Economic Development Committee Action (HELD)",0,0,0,0,0
2071853,1618557,2026-01-28,House,"House Judiciary Committee Action (DPA)",9,0,0,0,9
2071866,1617873,2026-01-27,Senate,"Senate Appropriations, Transportation and Technology Committee Action (DP)",6,4,0,0,10
2071876,1618332,2026-01-28,House,"House Transportation & Infrastructure Committee Action (HELD)",0,0,0,0,0
2071884,1618695,2026-01-28,House,"House Transportation & Infrastructure Committee Action (DPA)",6,0,0,1,7
2072573,1617628,2026-01-27,House,"House Commerce Committee Action (DP)",7,4,0,0,11
2072613,1617803,2026-01-27,House,"House Education Committee Action (DP)",7,5,0,0,12
2072785,1618839,2026-01-28,Senate,"Senate Public Safety Committee Action (DPA)",7,0,0,0,7
2073456,1618362,2026-01-28,Senate,"Senate Health and Human Services Committee Action (HELD)",0,0,0,0,0
2073524,1618773,2026-01-28,House,"House Appropriations Committee Action (DP)",15,0,2,1,18
2073578,1615127,2026-01-21,House,"House Ways & Means Committee Action (HELD)",0,0,0,0,0
2073683,1618583,2026-01-28,Senate,"Senate Education Committee Action (DP)",5,2,0,0,7
2073736,1615295,2026-01-21,House,"House Ways & Means Committee Action (DP)",5,3,0,1,9
2073736,1617158,2026-01-26,House,"House Rules Committee Action (C&P)",8,0,0,0,8
2073753,1617860,2026-01-27,Senate,"Senate Natural Resources Committee Action (DP)",4,3,1,0,8
2073769,1618534,2026-01-28,Senate,"Senate Government Committee Action (DP)",6,1,0,0,7
2073822,1615629,2026-01-21,Senate,"Senate Judiciary and Elections Committee Action (DP)",4,3,0,0,7
2073822,1617076,2026-01-26,Senate,"Senate Rules Committee Action (PFC)",0,0,0,0,0
2077900,1617921,2026-01-27,House,"House Commerce Committee Action (DP)",10,0,0,1,11
2078303,1618171,2026-01-28,Senate,"Senate Health and Human Services Committee Action (DP)",6,0,1,0,7
2078410,1618587,2026-01-28,Senate,"Senate Health and Human Services Committee Action (DP)",4,2,1,0,7
2078440,1618388,2026-01-28,Senate,"Senate Health and Human Services Committee Action (DP)",4,2,1,0,7
2078494,1618274,2026-01-28,Senate,"Senate Health and Human Services Committee Action (DPA)",4,3,0,0,7
2078550,1618613,2026-01-28,Senate,"Senate Health and Human Services Committee Action (DP)",6,1,0,0,7
2078574,1618819,2026-01-28,House,"House Federalism, Military Affairs & Elections Committee Action (DPA)",4,3,0,0,7
2078658,1618298,2026-01-28,Senate,"Senate Health and Human Services Committee Action (DPA)",5,2,0,0,7
2078710,1617738,2026-01-27,Senate,"Senate Natural Resources Committee Action (HELD)",0,0,0,0,0
2078824,1618376,2026-01-28,Senate,"Senate Health and Human Services Committee Action (DP)",7,0,0,0,7
2078928,1618949,2026-01-28,House,"House Transportation & Infrastructure Committee Action (DP)",6,0,0,1,7
2078987,1618073,2026-01-28,House,"House Judiciary Committee Action (DPA)",5,3,1,0,9
2079014,1617148,2026-01-26,Senate,"Senate Finance Committee Action (HELD)",0,0,0,0,0
2079042,1618594,2026-01-28,House,"House Transportation & Infrastructure Committee Action (DISC/HELD)",0,0,0,0,0
2079286,1618920,2026-01-28,House,"House Appropriations Committee Action (DP)",12,2,3,1,18
2079528,1618535,2026-01-28,Senate,"Senate Judiciary and Elections Committee Action (DP)",4,3,0,0,7
2079611,1617804,2026-01-27,House,"House Natural Resources, Energy & Water Committee Action (DP)",6,4,0,0,10
2079756,1618559,2026-01-28,House,"House Judiciary Committee Action (DPA)",7,2,0,0,9
2079761,1618057,2026-01-28,House,"House Judiciary Committee Action (DPA)",5,3,0,1,9
2079761,1620085,2026-01-28,House,"House Judiciary Committee Action (DP)",5,3,0,1,9
2079782,1617314,2026-01-26,House,"House Health & Human Services Committee Action (DPA)",7,5,0,0,12
2079835,1617833,2026-01-27,House,"House Commerce Committee Action (DP)",10,0,0,1,11
2079853,1618823,2026-01-28,House,"House Transportation & Infrastructure Committee Action (DP)",7,0,0,0,7
2079967,1618593,2026-01-28,House,"House Transportation & Infrastructure Committee Action (DP)",4,3,0,0,7
2079989,1618586,2026-01-28,House,"House Science & Technology Committee Action (DP)",8,0,0,1,9
2080017,1617923,2026-01-27,House,"House Education Committee Action (DP)",8,0,2,2,12
2080171,1616201,2026-01-22,House,"House Judiciary Committee Action (W/D)",0,0,0,0,0
2080242,1618816,2026-01-28,Senate,"Senate Regulatory Affairs and Government Efficiency Committee Action (HELD)",0,0,0,0,0
2080257,1615730,2026-01-21,Senate,"Senate Judiciary and Elections Committee Action (DP)",7,0,0,0,7
2080257,1617249,2026-01-26,Senate,"Senate Rules Committee Action (PFC)",0,0,0,0,0
2080264,1618335,2026-01-28,House,"House Government Committee Action (DP)",4,3,0,0,7
2080275,1618219,2026-01-28,Senate,"Senate Government Committee Action (DPA)",6,1,0,0,7
2080301,1617493,2026-01-27,House,"House Land, Agriculture & Rural Affairs Committee Action (W/D)",0,0,0,0,0
2080311,1618387,2026-01-28,Senate,"Senate Health and Human Services Committee Action (DP)",5,0,2,0,7
2080327,1618460,2026-01-28,House,"House Judiciary Committee Action (DP)",6,1,0,2,9
2080343,1618671,2026-01-28,House,"House Federalism, Military Affairs & Elections Committee Action (DP)",4,3,0,0,7
2080356,1618919,2026-01-28,House,"House Transportation & Infrastructure Committee Action (DP)",4,3,0,0,7
2080383,1618172,2026-01-28,House,"House Government Committee Action (DP)",4,3,0,0,7
2080412,1617277,2026-01-26,House,"House Health & Human Services Committee Action (DISC/HELD)",0,0,0,0,0
2080646,1616120,2026-01-22,House,"House Commerce Committee Action (W/D)",0,0,0,0,0
2081649,1618907,2026-01-28,Senate,"Senate Judiciary and Elections Committee Action (HELD)",0,0,0,0,0
2081716,1617961,2026-01-27,Senate,"Senate Natural Resources Committee Action (DP)",7,0,1,0,8
2081741,1617872,2026-01-27,House,"House Commerce Committee Action (DPA)",9,1,0,1,11
2081849,1617363,2026-01-26,House,"House Public Safety & Law Enforcement Committee Action (DP)",10,2,3,0,15
2081866,1617925,2026-01-27,Senate,"Senate Natural Resources Committee Action (DP)",4,3,1,0,8
2081880,1617852,2026-01-27,Senate,"Senate Natural Resources Committee Action (DP)",7,0,1,0,8
2081992,1618906,2026-01-28,House,"House Transportation & Infrastructure Committee Action (DP)",7,0,0,0,7
2082031,1616243,2026-01-22,House,"House Government Committee Action (W/D)",0,0,0,0,0
2082031,1618783,2026-01-28,House,"House Appropriations Committee Action (DP)",11,6,0,1,18
2082042,1617504,2026-01-27,House,"House Commerce Committee Action (DP)",11,0,0,0,11
2082133,1617096,2026-01-26,Senate,"Senate Finance Committee Action (DP)",4,3,0,0,7
2082165,1618698,2026-01-28,Senate,"Senate Public Safety Committee Action (DP)",7,0,0,0,7
2082260,1618757,2026-01-28,Senate,"Senate Judiciary and Elections Committee Action (DP)",7,0,0,0,7
2082269,1619279,2026-01-29,House,"House Artificial Intelligence & Innovation Committee Action (HELD)",0,0,0,0,0
2082349,1617910,2026-01-27,House,"House Judiciary Committee Action (W/D)",0,0,0,0,0
2082405,1618173,2026-01-28,House,"House Government Committee Action (DPA)",4,3,0,0,7
2082460,1617600,2026-01-27,Senate,"Senate Appropriations, Transportation and Technology Committee Action (DP)",9,0,1,0,10
2082477,1617016,2026-01-26,House,"House Public Safety & Law Enforcement Committee Action (DP)",15,0,0,0,15
2082529,1616290,2026-01-22,House,"House Commerce Committee Action (W/D)",0,0,0,0,0
2082596,1616468,2026-01-22,House,"House Judiciary Committee Action (W/D)",0,0,0,0,0
2082599,1617859,2026-01-27,House,"House Natural Resources, Energy & Water Committee Action (DPA)",7,3,0,0,10
2082599,1619781,2026-01-28,House,"House Appropriations Committee Action (DPA)",11,5,1,1,18
2082611,1618081,2026-01-28,House,"House Ways & Means Committee Action (DP)",8,0,0,1,9
2082618,1616202,2026-01-22,House,"House Commerce Committee Action (W/D)",0,0,0,0,0
2082635,1616214,2026-01-22,House,"House Judiciary Committee Action (W/D)",0,0,0,0,0
2082638,1618275,2026-01-28,House,"House Judiciary Committee Action (DP)",8,1,0,0,9
2082671,1619653,2026-01-29,House,"House Judiciary Committee Action (W/D)",0,0,0,0,0
2082691,1618840,2026-01-28,House,"House Science & Technology Committee Action (DPA)",8,0,0,1,9
2082734,1617360,2026-01-26,House,"House Health & Human Services Committee Action (DP)",7,5,0,0,12
2082856,1617843,2026-01-27,House,"House Commerce Committee Action (DPA)",8,1,2,0,11
2082871,1618036,2026-01-28,House,"House Judiciary Committee Action (DP)",8,0,1,0,9
2082896,1619617,2026-01-29,House,"House Judiciary Committee Action (W/D)",0,0,0,0,0
2082989,1617344,2026-01-26,House,"House Land, Agriculture & Rural Affairs Committee Action (DP)",5,3,0,0,8
2083009,1617343,2026-01-26,House,"House Land, Agriculture & Rural Affairs Committee Action (DP)",5,3,0,0,8
2083038,1617854,2026-01-27,House,"House Natural Resources, Energy & Water Committee Action (DPA)",6,4,0,0,10
2083041,1618818,2026-01-28,House,"House Appropriations Committee Action (DP)",11,6,0,1,18
2083049,1615558,2026-01-21,House,"House Judiciary Committee Action (W/D)",0,0,0,0,0
2083049,1618236,2026-01-28,House,"House Public Safety & Law Enforcement Committee Action (W/D)",0,0,0,0,0
2083074,1618334,2026-01-28,House,"House Ways & Means Committee Action (DP)",8,0,0,1,9
2083185,1617331,2026-01-26,House,"House Health & Human Services Committee Action (DP)",7,5,0,0,12
2083200,1616244,2026-01-22,House,"House Commerce Committee Action (W/D)",0,0,0,0,0
2083237,1618743,2026-01-28,House,"House Federalism, Military Affairs & Elections Committee Action (DP)",4,2,0,1,7
2083281,1617834,2026-01-27,House,"House Regulatory Oversight Committee Action (DP)",3,2,0,0,5
2083340,1617756,2026-01-27,House,"House Commerce Committee Action (DP)",7,4,0,0,11
2083364,1618878,2026-01-28,House,"House Federalism, Military Affairs & Elections Committee Action (DP)",4,2,0,1,7
2083407,1619321,2026-01-29,House,"House Judiciary Committee Action (W/D)",0,0,0,0,0
2083422,1618911,2026-01-28,House,"House Federalism, Military Affairs & Elections Committee Action (DP)",4,2,0,1,7
2083520,1618670,2026-01-28,House,"House Judiciary Committee Action (DP)",6,2,0,1,9
2084316,1618728,2026-01-28,Senate,"Senate Health and Human Services Committee Action (DPA)",5,2,0,0,7
2086322,1618056,2026-01-28,Senate,"Senate Regulatory Affairs and Government Efficiency Committee Action (HELD)",0,0,0,0,0
2086404,1618558,2026-01-28,Senate,"Senate Judiciary and Elections Committee Action (DPA)",6,1,0,0,7
2086430,1618882,2026-01-28,Senate,"Senate Judiciary and Elections Committee Action (DP)",4,3,0,0,7
2086517,1618611,2026-01-28,Senate,"Senate Judiciary and Elections Committee Action (DP)",4,3,0,0,7
2086542,1618584,2026-01-28,Senate,"Senate Judiciary and Elections Committee Action (DP)",4,3,0,0,7
2086572,1618220,2026-01-28,Senate,"Senate Health and Human Services Committee Action (DP)",7,0,0,0,7
2087086,1618962,2026-01-28,Senate,"Senate Judiciary and Elections Committee Action (DP)",7,0,0,0,7
2087098,1618562,2026-01-28,Senate,"Senate Judiciary and Elections Committee Action (DP)",7,0,0,0,7
2087126,1617101,2026-01-26,Senate,"Senate Finance Committee Action (DP)",6,0,1,0,7
2087245,1617099,2026-01-26,Senate,"Senate Finance Committee Action (DP)",6,0,1,0,7
2087313,1615980,2026-01-22,Senate,"Senate Regulatory Affairs and Government Efficiency Committee Action (W/D)",0,0,0,0,0
2087313,1618331,2026-01-28,Senate,"Senate Health and Human Services Committee Action (DPA)",4,3,0,0,7
2087363,1618103,2026-01-28,Senate,"Senate Regulatory Affairs and Government Efficiency Committee Action (DP)",7,0,0,0,7
2087402,1619660,2026-01-29,House,"House Government Committee Action (W/D)",0,0,0,0,0
2087682,1618939,2026-01-28,Senate,"Senate Judiciary and Elections Committee Action (DP)",4,3,0,0,7
2089064,1618378,2026-01-28,Senate,"Senate Health and Human Services Committee Action (DP)",4,3,0,0,7
2089344,1617683,2026-01-27,House,"House - Third Reading",0,0,0,0,0
2089344,1617684,2026-01-27,Senate,"Senate - Third Reading",0,0,0,0,0
2089479,1618796,2026-01-28,Senate,"Senate Public Safety Committee Action (DP)",7,0,0,0,7
2090415,1618218,2026-01-28,Senate,"Senate Health and Human Services Committee Action (DP)",4,3,0,0,7
2094887,1619507,2026-01-29,Senate,"Motion The President instructed the Secretary to convert Senate Concurrent Resolution 1036 to Senate Resolution 1036. See: Senate action on Senate Resolution 1036.",0,0,0,0,0
2101949,1619233,2026-01-29,Senate,"Motion The President instructed the Secretary to convert Senate Concurrent Resolution 1036 to Senate Resolution 1036. ",0,0,0,0,0
2101949,1619234,2026-01-29,Senate,"Senate - Committee of the Whole (DPA)",0,0,0,0,0
2101949,1619235,2026-01-29,Senate,"Senate - Third Reading",17,13,0,0,30
