bill_id,session_id,bill_number,status,status_desc,status_date,title,description,committee_id,committee,last_action_date,last_action,url,state_link
2034096,2215,HB1,4,Passed,2025-06-04,"Appropriation; Archives and History, Department of.","An Act Making An Appropriation For The Purpose Of Defraying The Expenses Of The Department Of Archives And History, For The Fiscal Year 2026.",0,,2025-06-04,"Approved by Governor",https://legiscan.com/MS/bill/HB1/2025/X1,https://billstatus.ls.state.ms.us/20251E/pdf/history/HB/HB0001.xml
2034097,2215,HB2,4,Passed,2025-06-04,"Appropriation; Engineers and Land Surveyors, Board of Registration for Professional.","An Act Approving The Expenditure Of Special Funds For The Purpose Of Defraying The Expenses Of The State Board Of Registration For Professional Engineers And Land Surveyors For Fiscal Year 2026.",0,,2025-06-04,"Approved by Governor",https://legiscan.com/MS/bill/HB2/2025/X1,https://billstatus.ls.state.ms.us/20251E/pdf/history/HB/HB0002.xml
2034116,2215,HB3,4,Passed,2025-06-04,"Appropriation; Environmental Quality, Department of.","An Act Making An Appropriation For The Support And Maintenance Of The Department Of Environmental Quality; And For Related Purposes, For The Fiscal Year 2026.",0,,2025-06-04,"Approved by Governor",https://legiscan.com/MS/bill/HB3/2025/X1,https://billstatus.ls.state.ms.us/20251E/pdf/history/HB/HB0003.xml
2034200,2215,HB4,4,Passed,2025-06-04,"Appropriation; Foresters, Board of Registration for.","An Act Making An Appropriation From Special Funds In The State Treasury For The Purpose Of Defraying The Expenses Of The State Board Of Registration For Foresters For The Fiscal Year 2026.",0,,2025-06-04,"Approved by Governor",https://legiscan.com/MS/bill/HB4/2025/X1,https://billstatus.ls.state.ms.us/20251E/pdf/history/HB/HB0004.xml
2034102,2215,HB5,4,Passed,2025-06-04,"Appropriation; Forestry Commission.","An Act Making An Appropriation For The Support And Maintenance Of The State Forestry Commission For The Fiscal Year 2026.",0,,2025-06-04,"Approved by Governor",https://legiscan.com/MS/bill/HB5/2025/X1,https://billstatus.ls.state.ms.us/20251E/pdf/history/HB/HB0005.xml
2034175,2215,HB6,4,Passed,2025-06-04,"Appropriation; Grand Gulf Military Monument Commission.","An Act Making An Appropriation For The Purpose Of Defraying The Expenses Of The Grand Gulf Military Monument Commission For The Fiscal Year 2026.",0,,2025-06-04,"Approved by Governor",https://legiscan.com/MS/bill/HB6/2025/X1,https://billstatus.ls.state.ms.us/20251E/pdf/history/HB/HB0006.xml
2034162,2215,HB7,4,Passed,2025-06-04,"Appropriation; Port Authority, State.","An Act Making An Appropriation For The Purpose Of Defraying The Expenses Of The Mississippi State Port Authority At Gulfport For The Fiscal Year 2026.",0,,2025-06-04,"Approved by Governor",https://legiscan.com/MS/bill/HB7/2025/X1,https://billstatus.ls.state.ms.us/20251E/pdf/history/HB/HB0007.xml
2034182,2215,HB8,4,Passed,2025-06-04,"Appropriation; Marine Resources, Department of.","An Act Making An Appropriation For The Support And Maintenance Of The Department Of Marine Resources For The Fiscal Year 2026.",0,,2025-06-04,"Approved by Governor",https://legiscan.com/MS/bill/HB8/2025/X1,https://billstatus.ls.state.ms.us/20251E/pdf/history/HB/HB0008.xml
2034146,2215,HB9,4,Passed,2025-06-04,"Appropriation; Oil and Gas Board.","An Act Approving The Expenditure Of Special Funds For The Purpose Of Defraying The Expenses Of The State Oil And Gas Board For The Fiscal Year 2026.",0,,2025-06-04,"Approved by Governor",https://legiscan.com/MS/bill/HB9/2025/X1,https://billstatus.ls.state.ms.us/20251E/pdf/history/HB/HB0009.xml
2034183,2215,HB10,4,Passed,2025-06-04,"Appropriation; Pat Harrison Waterway District.","An Act Approving The Expenditure Of Special Funds For The Purpose Of Defraying The Expenses Of The Pat Harrison Waterway District For The Fiscal Year 2026.",0,,2025-06-04,"Approved by Governor",https://legiscan.com/MS/bill/HB10/2025/X1,https://billstatus.ls.state.ms.us/20251E/pdf/history/HB/HB0010.xml
2034189,2215,HB11,4,Passed,2025-06-04,"Appropriation; Pearl River Valley Water Supply District.","An Act Approving The Expenditure Of Special Funds For The Purpose Of Defraying The Expenses Of The Pearl River Valley Water Supply District For The Fiscal Year 2026.",0,,2025-06-04,"Approved by Governor",https://legiscan.com/MS/bill/HB11/2025/X1,https://billstatus.ls.state.ms.us/20251E/pdf/history/HB/HB0011.xml
2034174,2215,HB12,4,Passed,2025-06-04,"Appropriation; Public Service Commission.","An Act Making An Appropriation For The Purpose Of Defraying The Expenses Of The Public Service Commission For The Fiscal Year 2026.",0,,2025-06-04,"Approved by Governor",https://legiscan.com/MS/bill/HB12/2025/X1,https://billstatus.ls.state.ms.us/20251E/pdf/history/HB/HB0012.xml
2034170,2215,HB13,4,Passed,2025-06-04,"Appropriation; Public Utilities Staff.","An Act Making An Appropriation From General Funds In The State Treasury For The Purpose Of Defraying The Expenses Of The Public Utilities Staff For Fiscal Year 2026.",0,,2025-06-04,"Approved by Governor",https://legiscan.com/MS/bill/HB13/2025/X1,https://billstatus.ls.state.ms.us/20251E/pdf/history/HB/HB0013.xml
2034107,2215,HB14,4,Passed,2025-06-04,"Appropriation; Soil and Water Conservation Commission.","An Act Making An Appropriation For The Purpose Of Defraying The Expenses Of The State Soil And Water Conservation Commission For The Fiscal Year 2026.",0,,2025-06-04,"Approved by Governor",https://legiscan.com/MS/bill/HB14/2025/X1,https://billstatus.ls.state.ms.us/20251E/pdf/history/HB/HB0014.xml
2034151,2215,HB15,4,Passed,2025-06-04,"Appropriation; Wildlife, Fisheries and Parks, Department of.","An Act Making An Appropriation For The Support And Maintenance Of The Department Of Wildlife, Fisheries And Parks For The Fiscal Year 2026.",0,,2025-06-04,"Approved by Governor",https://legiscan.com/MS/bill/HB15/2025/X1,https://billstatus.ls.state.ms.us/20251E/pdf/history/HB/HB0015.xml
2034157,2215,HB16,4,Passed,2025-06-04,"Appropriation; Yellow Creek State Inland Port Authority.","An Act Approving The Expenditure Of Special Funds For The Purpose Of Defraying The Expenses Of The Yellow Creek State Inland Port Authority For The Fiscal Year 2026.",0,,2025-06-04,"Approved by Governor",https://legiscan.com/MS/bill/HB16/2025/X1,https://billstatus.ls.state.ms.us/20251E/pdf/history/HB/HB0016.xml
2034099,2215,HB17,4,Passed,2025-06-17,"Appropriation; Child Protection Services, Department of.","An Act Making An Appropriation To Defray The Expenses Of The Department Of Child Protection Services For The Fiscal Year 2026.",0,,2025-06-17,"Approved by Governor",https://legiscan.com/MS/bill/HB17/2025/X1,https://billstatus.ls.state.ms.us/20251E/pdf/history/HB/HB0017.xml
2034156,2215,HB18,4,Passed,2025-06-04,"Appropriation; Board of Cosmetology and Barbering.","An Act Approving The Expenditure Of Special Funds For The Purpose Of Defraying The Expenses Of The State Board Of Cosmetology And Barbering For The Fiscal Year 2026.",0,,2025-06-04,"Approved by Governor",https://legiscan.com/MS/bill/HB18/2025/X1,https://billstatus.ls.state.ms.us/20251E/pdf/history/HB/HB0018.xml
2034105,2215,HB19,5,Vetoed,2025-06-19,"Appropriation; Health, Department of.","An Act Making An Appropriation For The Purpose Of Defraying The Expenses Of The State Department Of Health For The Fiscal Year 2026.",0,,2025-06-19,"Partially Vetoed By Governor",https://legiscan.com/MS/bill/HB19/2025/X1,https://billstatus.ls.state.ms.us/20251E/pdf/history/HB/HB0019.xml
2034195,2215,HB20,4,Passed,2025-06-17,"Appropriation; Human Services, Department of.","An Act Making An Appropriation To Defray The Expenses Of The Department Of Human Services For The Fiscal Year 2026.",0,,2025-06-17,"Approved by Governor",https://legiscan.com/MS/bill/HB20/2025/X1,https://billstatus.ls.state.ms.us/20251E/pdf/history/HB/HB0020.xml
2034186,2215,HB21,4,Passed,2025-06-04,"Appropriation; Fire Academy.","An Act Making An Appropriation For The Purpose Of Defraying The Expenses Of The State Fire Academy For The Fiscal Year 2026.",0,,2025-06-04,"Approved by Governor",https://legiscan.com/MS/bill/HB21/2025/X1,https://billstatus.ls.state.ms.us/20251E/pdf/history/HB/HB0021.xml
2034120,2215,HB22,4,Passed,2025-06-17,"Appropriation; Insurance, Department of.","An Act Making An Appropriation For The Purpose Of Defraying The Expenses Of The Mississippi Department Of Insurance For The Fiscal Year 2026.",0,,2025-06-17,"Approved by Governor",https://legiscan.com/MS/bill/HB22/2025/X1,https://billstatus.ls.state.ms.us/20251E/pdf/history/HB/HB0022.xml
2034176,2215,HB23,4,Passed,2025-06-17,"Appropriation; Medicaid, Division of.","An Act Making An Appropriation To The Governor's Office-division Of Medicaid For The Purpose Of Providing Medical Assistance Under The Mississippi Medicaid Law And Defraying The Expenses Of The Administration Of That Law For The Fiscal Year 2026.",0,,2025-06-17,"Approved by Governor",https://legiscan.com/MS/bill/HB23/2025/X1,https://billstatus.ls.state.ms.us/20251E/pdf/history/HB/HB0023.xml
2034166,2215,HB24,4,Passed,2025-06-04,"Appropriation; Medical Licensure, Board of.","An Act Making An Appropriation From Special Funds In The State Treasury For The Purpose Of Defraying The Expenses Of The State Board Of Medical Licensure For The Fiscal Year 2026.",0,,2025-06-04,"Approved by Governor",https://legiscan.com/MS/bill/HB24/2025/X1,https://billstatus.ls.state.ms.us/20251E/pdf/history/HB/HB0024.xml
2034142,2215,HB25,4,Passed,2025-06-04,"Appropriation; Nursing, Board of.","An Act Making An Appropriation From Special Funds In The State Treasury For The Purpose Of Defraying The Expenses Of The Mississippi Board Of Nursing For The Fiscal Year 2026.",0,,2025-06-04,"Approved by Governor",https://legiscan.com/MS/bill/HB25/2025/X1,https://billstatus.ls.state.ms.us/20251E/pdf/history/HB/HB0025.xml
2034202,2215,HB26,4,Passed,2025-06-04,"Appropriation; Optometry, Board of.","An Act Making An Appropriation From Special Funds In The State Treasury For The Purpose Of Defraying The Expenses Of The State Board Of Optometry For The Fiscal Year 2026.",0,,2025-06-04,"Approved by Governor",https://legiscan.com/MS/bill/HB26/2025/X1,https://billstatus.ls.state.ms.us/20251E/pdf/history/HB/HB0026.xml
2034133,2215,HB27,4,Passed,2025-06-04,"Appropriation; Physical Therapy Board.","An Act Making An Appropriation From Special Funds In The State Treasury For The Purpose Of Defraying The Expenses Of The Mississippi State Board Of Physical Therapy For The Fiscal Year 2026.",0,,2025-06-04,"Approved by Governor",https://legiscan.com/MS/bill/HB27/2025/X1,https://billstatus.ls.state.ms.us/20251E/pdf/history/HB/HB0027.xml
2034108,2215,HB28,4,Passed,2025-06-04,"Appropriation; Real Estate Commission.","An Act Making An Appropriation From Special Funds In The State Treasury For The Purpose Of Defraying The Expenses Of The Mississippi Real Estate Commission For Fiscal Year 2026.",0,,2025-06-04,"Approved by Governor",https://legiscan.com/MS/bill/HB28/2025/X1,https://billstatus.ls.state.ms.us/20251E/pdf/history/HB/HB0028.xml
2034109,2215,HB29,4,Passed,2025-06-17,"Appropriation; Rehabilitation Services, Department of.","An Act Making An Appropriation For The Purpose Of Defraying The Expenses Of The Department Of Rehabilitation Services For Fiscal Year 2026.",0,,2025-06-17,"Approved by Governor",https://legiscan.com/MS/bill/HB29/2025/X1,https://billstatus.ls.state.ms.us/20251E/pdf/history/HB/HB0029.xml
2034110,2215,HB30,4,Passed,2025-06-04,"Appropriation; Social Workers and Marriage and Family Therapists, Board of Examiners for.","An Act Making An Appropriation From Special Funds In The State Treasury For The Purpose Of Defraying The Expenses Of The Board Of Examiners For Social Workers And Marriage And Family Therapists For The Fiscal Year 2026.",0,,2025-06-04,"Approved by Governor",https://legiscan.com/MS/bill/HB30/2025/X1,https://billstatus.ls.state.ms.us/20251E/pdf/history/HB/HB0030.xml
2034119,2215,HB31,4,Passed,2025-06-04,"Appropriation; Athletic Commission.","An Act Making An Appropriation From Special Funds In The State Treasury For The Purpose Of Defraying The Expenses Of The Mississippi Athletic Commission For The Fiscal Year 2026.",0,,2025-06-04,"Approved by Governor",https://legiscan.com/MS/bill/HB31/2025/X1,https://billstatus.ls.state.ms.us/20251E/pdf/history/HB/HB0031.xml
2034140,2215,HB32,4,Passed,2025-06-17,"Appropriation; Attorney General.","An Act Making An Appropriation For The Purpose Of Defraying The Expenses Of The Office Of The Attorney General For Fiscal Year 2026.",0,,2025-06-17,"Approved by Governor",https://legiscan.com/MS/bill/HB32/2025/X1,https://billstatus.ls.state.ms.us/20251E/pdf/history/HB/HB0032.xml
2034173,2215,HB33,4,Passed,2025-06-04,"Appropriation; Capital Post-Conviction Counsel, Office of.","An Act Making An Appropriation For The Purpose Of Defraying The Expenses Of The Office Of Capital Post-conviction Counsel Of The State Of Mississippi For The Fiscal Year 2026.",0,,2025-06-04,"Approved by Governor",https://legiscan.com/MS/bill/HB33/2025/X1,https://billstatus.ls.state.ms.us/20251E/pdf/history/HB/HB0033.xml
2034149,2215,HB34,4,Passed,2025-06-17,"Appropriation; District attorneys and staff.","An Act Making An Appropriation For The Purpose Of Paying Salaries And Travel Expenses Of District Attorneys And Assistant District Attorneys Of The State And Paying Office Expenses Of District Attorneys For The Fiscal Year 2026.",0,,2025-06-17,"Approved by Governor",https://legiscan.com/MS/bill/HB34/2025/X1,https://billstatus.ls.state.ms.us/20251E/pdf/history/HB/HB0034.xml
2034150,2215,HB35,4,Passed,2025-06-17,"Appropriation; Legislative expenses.","An Act Making An Appropriation For The Purpose Of Paying The Expenses And Providing Contingent Funds For The Legislature, The Expenses Of The Joint Legislative Budget Committee, The Expenses Of The Joint Legislative Committee On Performance Evaluation And Expenditure Review, The Expenses Of The Joint Legislative Reapportionment Committee, The Expenses Of The Joint Committee On Compilation, Revision And Publication Of Legislation, Paying The Monthly Expense Allowance Of The Members Of The Legislature, Paying The State's Share Of Various Assessments, And For Related Purposes, For The Fiscal Year 2026.",0,,2025-06-17,"Approved by Governor",https://legiscan.com/MS/bill/HB35/2025/X1,https://billstatus.ls.state.ms.us/20251E/pdf/history/HB/HB0035.xml
2034112,2215,HB36,4,Passed,2025-06-04,"Appropriation; Public Employees' Retirement System.","An Act Making An Appropriation From Special Funds In The State Treasury For The Purpose Of Defraying The Administrative Expenses Of The Board Of Trustees Of The Public Employees' Retirement System And For The Maintenance And Operation Of The Retirement System Building For The Fiscal Year 2026.",0,,2025-06-04,"Approved by Governor",https://legiscan.com/MS/bill/HB36/2025/X1,https://billstatus.ls.state.ms.us/20251E/pdf/history/HB/HB0036.xml
2034177,2215,HB37,4,Passed,2025-06-04,"Appropriation; State Public Defender, Office of.","An Act Making An Appropriation For The Purpose Of Defraying The Expenses Of The Office Of State Public Defender Of The State Of Mississippi For The Fiscal Year 2026.",0,,2025-06-04,"Approved by Governor",https://legiscan.com/MS/bill/HB37/2025/X1,https://billstatus.ls.state.ms.us/20251E/pdf/history/HB/HB0037.xml
2034164,2215,HB38,4,Passed,2025-06-17,"Appropriation; Supreme Court, Court of Appeals and trial judges services.","An Act Making An Appropriation For The Purpose Of Defraying The Expenses Of The Mississippi State Supreme Court Which Is Comprised Of The Supreme Court, The Office Of The Supreme Court Clerk And The State Law Library And To Pay Expenses Of Special Judges, Chancellors And Circuit Judges, And For The Purpose Of Defraying The Expenses Of The Administrative Office Of Courts And Certified Court Reporters, Continuing Legal Education, Court Of Appeals And The Board Of Bar Admissions, For The Fiscal Year 2026; And For Related Purposes.",0,,2025-06-17,"Approved by Governor",https://legiscan.com/MS/bill/HB38/2025/X1,https://billstatus.ls.state.ms.us/20251E/pdf/history/HB/HB0038.xml
2034115,2215,HB39,4,Passed,2025-06-04,"Appropriation; Veterans' Home Purchase Board.","An Act Making An Appropriation From Special Funds In The State Treasury For The Purpose Of Defraying The Expenses Of The Veterans' Home Purchase Board And Making New Home Loans As Authorized By Law For The Fiscal Year 2026.",0,,2025-06-04,"Approved by Governor",https://legiscan.com/MS/bill/HB39/2025/X1,https://billstatus.ls.state.ms.us/20251E/pdf/history/HB/HB0039.xml
2034158,2215,HB40,4,Passed,2025-06-17,"Appropriation; reappropriation, DFA - Bureau of Building - FY 2025.","An Act Making A Reappropriation To The Department Of Finance And Administration To Reauthorize The Expenditure Of Capital Expenses And Special Funds Previously Appropriated For Construction And/or Repair And Renovation Projects At Various State Agencies And Institutions, For Fiscal Year 2026.",0,,2025-06-17,"Approved by Governor",https://legiscan.com/MS/bill/HB40/2025/X1,https://billstatus.ls.state.ms.us/20251E/pdf/history/HB/HB0040.xml
2034155,2215,HB41,4,Passed,2025-06-04,"Appropriation; Arts Commission.","An Act Making An Appropriation For The Purpose Of Defraying The Expenses Of The Mississippi Arts Commission For The Fiscal Year 2026.",0,,2025-06-04,"Approved by Governor",https://legiscan.com/MS/bill/HB41/2025/X1,https://billstatus.ls.state.ms.us/20251E/pdf/history/HB/HB0041.xml
2034113,2215,HB42,4,Passed,2025-06-17,"Appropriation; Education, Department of.","An Act Making An Appropriation For The Purpose Of Funding K-12 And Other Related Educational Activities, Including Certain Agencies And Programs, In The State Of Mississippi, For The Fiscal Year 2026.",0,,2025-06-17,"Approved by Governor",https://legiscan.com/MS/bill/HB42/2025/X1,https://billstatus.ls.state.ms.us/20251E/pdf/history/HB/HB0042.xml
2034178,2215,HB43,4,Passed,2025-06-04,"Appropriation; Educational Television, Authority for.","An Act Making An Appropriation For The Purpose Of Defraying The Expenses Of The Mississippi Authority For Educational Television For The Fiscal Year 2026.",0,,2025-06-04,"Approved by Governor",https://legiscan.com/MS/bill/HB43/2025/X1,https://billstatus.ls.state.ms.us/20251E/pdf/history/HB/HB0043.xml
2034165,2215,HB44,4,Passed,2025-06-04,"Appropriation; Library Commission.","An Act Making An Appropriation For The Support And Maintenance Of The Mississippi Library Commission For The Fiscal Year 2026.",0,,2025-06-04,"Approved by Governor",https://legiscan.com/MS/bill/HB44/2025/X1,https://billstatus.ls.state.ms.us/20251E/pdf/history/HB/HB0044.xml
2034197,2215,HB45,4,Passed,2025-06-17,"Appropriation; Transportation, Department of.","An Act Making An Appropriation From Special Funds In The State Treasury For The Purpose Of Defraying The Expenses Of The Mississippi Department Of Transportation, For The Fiscal Year 2026; And For Related Purposes.",0,,2025-06-17,"Approved by Governor",https://legiscan.com/MS/bill/HB45/2025/X1,https://billstatus.ls.state.ms.us/20251E/pdf/history/HB/HB0045.xml
2034152,2215,HB46,4,Passed,2025-06-17,"Appropriations; additional for various state agencies for FY25 and FY26.","An Act Making An Additional Appropriation Of State General Funds, Capital Expense Funds, Education Enhancement Funds And Special Funds For Fiscal Years 2025 And 2026 To Defray The Expenses Of The Office Of The Attorney General; The Department Of Corrections; The Mississippi State Department Of Health; The Department Of Education; The Department Of Child Protective Services; The Board Of Examiners For Social Workers And Marriage And Family Therapists; The Department Of Mental Health; The Pearl River Water Supply District; And For Related Purposes.",0,,2025-06-17,"Approved by Governor",https://legiscan.com/MS/bill/HB46/2025/X1,https://billstatus.ls.state.ms.us/20251E/pdf/history/HB/HB0046.xml
2034138,2215,HB47,4,Passed,2025-06-17,"Surplus property; certain purchases of from Legislature are not violations of ethics laws.","An Act To Amend Section 29-9-9, Mississippi Code Of 1972, To Provide That Certain Purchases Of Obsolete Personal Property Sold By The Legislature Are Not Violations Of The Ethics Laws; And For Related Purposes.",0,,2025-06-17,"Approved by Governor",https://legiscan.com/MS/bill/HB47/2025/X1,https://billstatus.ls.state.ms.us/20251E/pdf/history/HB/HB0047.xml
2034147,2215,HB48,4,Passed,2025-06-17,"Department of Education; amend FY25 appropriation to revise purpose for a certain sum.","An Act To Amend Section 43 Of Chapter 95, Laws Of 2024, To Revise The Fiscal Year 2025 Appropriation To The State Department Of Education To Provide That A Certain Sum May Be Used For The Continuation Of The Current School Safety Platform; And For Related Purposes.",0,,2025-06-17,"Approved by Governor",https://legiscan.com/MS/bill/HB48/2025/X1,https://billstatus.ls.state.ms.us/20251E/pdf/history/HB/HB0048.xml
2034191,2215,HB49,4,Passed,2025-06-17,"Assistant District Attorneys and Criminal Investigators; revise number of for certain judicial districts.","An Act To Amend Section 25-31-5, Mississippi Code Of 1972, To Revise The Number Of Assistant District Attorneys In Certain Judicial Districts; To Amend Section 25-31-10, Mississippi Code Of 1972, To Revise The Number Of Criminal Investigators In The Twenty-second Circuit Court District; And For Related Purposes.",0,,2025-06-17,"Approved by Governor",https://legiscan.com/MS/bill/HB49/2025/X1,https://billstatus.ls.state.ms.us/20251E/pdf/history/HB/HB0049.xml
2034322,2215,HB50,5,Vetoed,2025-06-17,"Special funds; transfer certain sum from Capital Expense Fund to the Human Trafficking Fund.","An Act To Direct The State Treasurer To Transfer A Certain Sum From The Capital Expense Fund To The Victims Of Human Trafficking And Commercial Sexual Exploitation Fund; And For Related Purposes.",0,,2025-06-17,Vetoed,https://legiscan.com/MS/bill/HB50/2025/X1,https://billstatus.ls.state.ms.us/20251E/pdf/history/HB/HB0050.xml
2034145,2215,HR1,4,Passed,2025-05-28,"Winfred Jerome ""Win"" Crane; mourn loss and commemorate life, legacy and service of upon his passing.","A Resolution Mourning The Loss And Commemorating The Life, Legacy And Service Of Mr. Winfred Jerome ""win"" Crane, Assistant Sergeant At Arms For The Mississippi House Of Representatives, And Expressing Deepest Sympathy To His Family And Friends Upon His Passing.",0,,2025-05-28,"Enrolled Bill Signed",https://legiscan.com/MS/bill/HR1/2025/X1,https://billstatus.ls.state.ms.us/20251E/pdf/history/HR/HR0001.xml
2034198,2215,HR2,4,Passed,2025-05-28,"Rogelio V. Solos; commend career of with Associated Press upon the occasion of his retirement.","A Resolution Commending And Congratulating Mr. Rogelio V. Solis For His Remarkable Career With The Associated Press As Chief Photographer For The Wire Service's Jackson Office Photo.",0,,2025-05-28,"Enrolled Bill Signed",https://legiscan.com/MS/bill/HR2/2025/X1,https://billstatus.ls.state.ms.us/20251E/pdf/history/HR/HR0002.xml
2034129,2215,HR3,4,Passed,2025-05-28,"West Lauderdale High School Baseball Team; commend for winning the MHSAA Class 4A Baseball State Championship.","A Resolution Commending And Congratulating The West Lauderdale High School Knights Baseball Team Upon Winning The Mississippi High School Activities Association Class 4a Baseball State Championship.",0,,2025-05-28,"Enrolled Bill Signed",https://legiscan.com/MS/bill/HR3/2025/X1,https://billstatus.ls.state.ms.us/20251E/pdf/history/HR/HR0003.xml
2034194,2215,SB2001,4,Passed,2025-06-04,"Appropriation; IHL - General support.","An Act Making An Appropriation To The Board Of Trustees Of State Institutions Of Higher Learning For Support Of The Eight Universities For Fiscal Year 2026.",0,,2025-06-04,"Approved by Governor",https://legiscan.com/MS/bill/SB2001/2025/X1,https://billstatus.ls.state.ms.us/20251E/pdf/history/SB/SB2001.xml
2034104,2215,SB2002,4,Passed,2025-06-04,"Appropriation; IHL - Subsidiary programs.","An Act Making An Appropriation To The Board Of Trustees Of State Institutions Of Higher Learning For Support Of The Eight Universities' Designated Institutes, Laboratories And Programs For Which They Are Responsible And The Executive Office Of The Board Of Trustees For Fiscal Year 2026; And For Related Purposes.",0,,2025-06-04,"Approved by Governor",https://legiscan.com/MS/bill/SB2002/2025/X1,https://billstatus.ls.state.ms.us/20251E/pdf/history/SB/SB2002.xml
2034122,2215,SB2003,4,Passed,2025-06-04,"Appropriation; IHL - Alcorn State - Agricultural programs.","An Act Making An Appropriation For The Support And Maintenance Of The Alcorn State University Agricultural Research, Extension And Land-grant Programs For Fiscal Year 2026.",0,,2025-06-04,"Approved by Governor",https://legiscan.com/MS/bill/SB2003/2025/X1,https://billstatus.ls.state.ms.us/20251E/pdf/history/SB/SB2003.xml
2034159,2215,SB2004,4,Passed,2025-06-04,"Appropriation; IHL - Mississippi State University - Agricultural and Forestry Experiment Station.","An Act Making An Appropriation For The Support And Maintenance Of The Mississippi Agricultural And Forestry Experiment Station For Fiscal Year 2026.",0,,2025-06-04,"Approved by Governor",https://legiscan.com/MS/bill/SB2004/2025/X1,https://billstatus.ls.state.ms.us/20251E/pdf/history/SB/SB2004.xml
2034148,2215,SB2005,4,Passed,2025-06-04,"Appropriation; IHL - Mississippi State University - Cooperative Extension Service.","An Act Making An Appropriation For The Support And Maintenance Of The Mississippi Cooperative Extension Service For Fiscal Year 2026.",0,,2025-06-04,"Approved by Governor",https://legiscan.com/MS/bill/SB2005/2025/X1,https://billstatus.ls.state.ms.us/20251E/pdf/history/SB/SB2005.xml
2034135,2215,SB2006,4,Passed,2025-06-04,"Appropriation; IHL - Mississippi State University - Forest and Wildlife Research Center.","An Act Making An Appropriation For The Purpose Of Defraying The Expenses Incurred In The Maintenance And Operation Of The Forest And Wildlife Research Center For Fiscal Year 2026.",0,,2025-06-04,"Approved by Governor",https://legiscan.com/MS/bill/SB2006/2025/X1,https://billstatus.ls.state.ms.us/20251E/pdf/history/SB/SB2006.xml
2034179,2215,SB2007,4,Passed,2025-06-04,"Appropriation; IHL - Mississippi State University - Veterinary Medicine, College of.","An Act Making An Appropriation To The Board Of Trustees Of State Institutions Of Higher Learning For The College Of Veterinary Medicine At Mississippi State University For Fiscal Year 2026.",0,,2025-06-04,"Approved by Governor",https://legiscan.com/MS/bill/SB2007/2025/X1,https://billstatus.ls.state.ms.us/20251E/pdf/history/SB/SB2007.xml
2034144,2215,SB2008,4,Passed,2025-06-04,"Appropriation; IHL - Student Financial Aid.","An Act Making An Appropriation To The Board Of Trustees Of State Institutions Of Higher Learning For The Support And Maintenance Of Financial Aid Scholarship, Loan And Grant Programs And The Mississippi Office Of Student Financial Aid, For Fiscal Year 2026.",0,,2025-06-04,"Approved by Governor",https://legiscan.com/MS/bill/SB2008/2025/X1,https://billstatus.ls.state.ms.us/20251E/pdf/history/SB/SB2008.xml
2034127,2215,SB2009,4,Passed,2025-06-17,"Appropriation; IHL - University of Mississippi Medical Center.","An Act Making An Appropriation For The Purpose Of Defraying The Expenses Of The University Of Mississippi Medical Center For Fiscal Year 2026.",0,,2025-06-17,"Approved by Governor",https://legiscan.com/MS/bill/SB2009/2025/X1,https://billstatus.ls.state.ms.us/20251E/pdf/history/SB/SB2009.xml
2034136,2215,SB2010,4,Passed,2025-06-17,"Appropriation; Community and Junior Colleges Board - Administrative expenses.","An Act Making An Appropriation For The Purpose Of Defraying The Administrative Expenses Of The Mississippi Community College Board For Fiscal Year 2026.",0,,2025-06-17,"Approved by Governor",https://legiscan.com/MS/bill/SB2010/2025/X1,https://billstatus.ls.state.ms.us/20251E/pdf/history/SB/SB2010.xml
2034124,2215,SB2011,4,Passed,2025-06-17,"Appropriation; Community and Junior Colleges Board - Support for community and junior colleges.","An Act Making An Appropriation For The Aid And Support Of The Public Community And Junior Colleges Of The State Of Mississippi For Fiscal Year 2026.",0,,2025-06-17,"Approved by Governor",https://legiscan.com/MS/bill/SB2011/2025/X1,https://billstatus.ls.state.ms.us/20251E/pdf/history/SB/SB2011.xml
2034154,2215,SB2012,4,Passed,2025-06-17,"Appropriation; Employment Security, Department of.","An Act Making An Appropriation Of Special Funds To Defray The Expenses Of The Mississippi Department Of Employment Security For Fiscal Year 2026.",0,,2025-06-17,"Approved by Governor",https://legiscan.com/MS/bill/SB2012/2025/X1,https://billstatus.ls.state.ms.us/20251E/pdf/history/SB/SB2012.xml
2034169,2215,SB2013,4,Passed,2025-06-04,"Appropriation; Ethics Commission.","An Act Making An Appropriation To Defray The Expenses Of The Mississippi Ethics Commission For The Fiscal Year 2026.",0,,2025-06-04,"Approved by Governor",https://legiscan.com/MS/bill/SB2013/2025/X1,https://billstatus.ls.state.ms.us/20251E/pdf/history/SB/SB2013.xml
2034118,2215,SB2014,4,Passed,2025-06-04,"Appropriation; Judicial Performance Commission.","An Act Making An Appropriation For The Purpose Of Defraying The Expenses Of The Commission On Judicial Performance Of The State Of Mississippi For The Fiscal Year 2026.",0,,2025-06-04,"Approved by Governor",https://legiscan.com/MS/bill/SB2014/2025/X1,https://billstatus.ls.state.ms.us/20251E/pdf/history/SB/SB2014.xml
2034101,2215,SB2015,4,Passed,2025-06-17,"Appropriation; Public Safety, Department of.","An Act Making An Appropriation To Defray The Expenses Of The Department Of Public Safety For Fiscal Year 2026.",0,,2025-06-17,"Approved by Governor",https://legiscan.com/MS/bill/SB2015/2025/X1,https://billstatus.ls.state.ms.us/20251E/pdf/history/SB/SB2015.xml
2034100,2215,SB2016,4,Passed,2025-06-17,"Appropriation; Mental Health, Department of.","An Act Making An Appropriation To Defray The Expenses Of The Department Of Mental Health For Fiscal Year 2026.",0,,2025-06-17,"Approved by Governor",https://legiscan.com/MS/bill/SB2016/2025/X1,https://billstatus.ls.state.ms.us/20251E/pdf/history/SB/SB2016.xml
2034188,2215,SB2017,4,Passed,2025-06-17,"Appropriation; Transportation, Department of - State Aid Road Construction, Office of.","An Act Making An Appropriation For The Support And Maintenance Of The Office Of State Aid Road Construction Of The Mississippi Department Of Transportation For Fiscal Year 2026.",0,,2025-06-17,"Approved by Governor",https://legiscan.com/MS/bill/SB2017/2025/X1,https://billstatus.ls.state.ms.us/20251E/pdf/history/SB/SB2017.xml
2034111,2215,SB2018,4,Passed,2025-06-04,"Appropriation; Funeral Services Board.","An Act Making An Appropriation Of Special Funds In The State Treasury To Defray The Expenses Of The State Board Of Funeral Services For Fiscal Year 2026.",0,,2025-06-04,"Approved by Governor",https://legiscan.com/MS/bill/SB2018/2025/X1,https://billstatus.ls.state.ms.us/20251E/pdf/history/SB/SB2018.xml
2034139,2215,SB2019,4,Passed,2025-06-04,"Appropriation; Geologists, Board of Registered Professional.","An Act Making An Appropriation For The Purpose Of Defraying The Expenses Of The Mississippi Board Of Registered Professional Geologists For Fiscal Year 2026.",0,,2025-06-04,"Approved by Governor",https://legiscan.com/MS/bill/SB2019/2025/X1,https://billstatus.ls.state.ms.us/20251E/pdf/history/SB/SB2019.xml
2034098,2215,SB2020,4,Passed,2025-06-04,"Appropriation; Counselors, Board of Examiners for Licensed Professional.","An Act Making An Appropriation Of Special Funds For The Purpose Of Defraying The Expenses Of The Mississippi State Board Of Examiners For Licensed Professional Counselors For Fiscal Year 2026.",0,,2025-06-04,"Approved by Governor",https://legiscan.com/MS/bill/SB2020/2025/X1,https://billstatus.ls.state.ms.us/20251E/pdf/history/SB/SB2020.xml
2034172,2215,SB2021,4,Passed,2025-06-04,"Appropriation; Accountancy, Board of Public.","An Act Making An Appropriation Of Special Funds To Defray The Expenses Of The Mississippi State Board Of Public Accountancy For Fiscal Year 2026.",0,,2025-06-04,"Approved by Governor",https://legiscan.com/MS/bill/SB2021/2025/X1,https://billstatus.ls.state.ms.us/20251E/pdf/history/SB/SB2021.xml
2034196,2215,SB2022,4,Passed,2025-06-04,"Appropriation; Contractors, Board of.","An Act Making An Appropriation From Special Funds In The State Treasury To Defray The Expenses Of The Mississippi State Board Of Public Contractors For Fiscal Year 2026.",0,,2025-06-04,"Approved by Governor",https://legiscan.com/MS/bill/SB2022/2025/X1,https://billstatus.ls.state.ms.us/20251E/pdf/history/SB/SB2022.xml
2034114,2215,SB2023,4,Passed,2025-06-04,"Appropriation; Veterinary Examiners, Board of.","An Act Making An Appropriation Of Special Funds To Defray The Expenses Of The Mississippi State Board Of Veterinary Examiners For Fiscal Year 2026.",0,,2025-06-04,"Approved by Governor",https://legiscan.com/MS/bill/SB2023/2025/X1,https://billstatus.ls.state.ms.us/20251E/pdf/history/SB/SB2023.xml
2034128,2215,SB2024,4,Passed,2025-06-04,"Appropriation; Dental Examiners, Board of.","An Act Making An Appropriation Of Special Funds To The Mississippi State Board Of Dental Examiners For Fiscal Year 2026.",0,,2025-06-04,"Approved by Governor",https://legiscan.com/MS/bill/SB2024/2025/X1,https://billstatus.ls.state.ms.us/20251E/pdf/history/SB/SB2024.xml
2034180,2215,SB2025,4,Passed,2025-06-04,"Appropriation; Pharmacy, Board of.","An Act Making An Appropriation Of Special Funds To Defray The Expenses Of The Mississippi State Board Of Pharmacy For Fiscal Year 2026.",0,,2025-06-04,"Approved by Governor",https://legiscan.com/MS/bill/SB2025/2025/X1,https://billstatus.ls.state.ms.us/20251E/pdf/history/SB/SB2025.xml
2034134,2215,SB2026,4,Passed,2025-06-17,"Appropriation; Corrections, Department of.","An Act Making An Appropriation For The Support And Maintenance Of The Mississippi Department Of Corrections For Fiscal Year 2026.",0,,2025-06-17,"Approved by Governor",https://legiscan.com/MS/bill/SB2026/2025/X1,https://billstatus.ls.state.ms.us/20251E/pdf/history/SB/SB2026.xml
2034103,2215,SB2027,4,Passed,2025-06-17,"Appropriation; Emergency Management Agency.","An Act Making An Appropriation To Defray The Expenses Of The Mississippi Emergency Management Agency, And For The Purpose Of Establishing A Disaster Relief Reserve Fund And Defraying The Costs Related To Certain Disaster Assistance Programs For Fiscal Year 2026.",0,,2025-06-17,"Approved by Governor",https://legiscan.com/MS/bill/SB2027/2025/X1,https://billstatus.ls.state.ms.us/20251E/pdf/history/SB/SB2027.xml
2034171,2215,SB2028,4,Passed,2025-06-17,"Appropriation; Agriculture and Commerce, Department of.","An Act Making An Appropriation For The Purpose Of Defraying The Expenses Of The State Department Of Agriculture And Commerce For Fiscal Year 2026.",0,,2025-06-17,"Approved by Governor",https://legiscan.com/MS/bill/SB2028/2025/X1,https://billstatus.ls.state.ms.us/20251E/pdf/history/SB/SB2028.xml
2034181,2215,SB2029,4,Passed,2025-06-04,"Appropriation; Fair and Coliseum Commission - Livestock shows.","An Act Making An Appropriation To The State Department Of Agriculture And Commerce For The Purpose Of Defraying The Expenses Of The Dixie National Livestock Show; A Roundup For Junior Exhibitors Of Livestock And Goats; Supplemental Funds For Livestock Premiums; County Livestock Shows In Offering And Paying Prizes Or Awards To Competitors In Approved County Livestock Shows; The Five District Livestock Shows; The Five State Dairy Shows; The Mississippi High School Rodeo; And To Provide How Said Money Shall Be Paid Out Of The State Treasury For Fiscal Year 2026.",0,,2025-06-04,"Approved by Governor",https://legiscan.com/MS/bill/SB2029/2025/X1,https://billstatus.ls.state.ms.us/20251E/pdf/history/SB/SB2029.xml
2034106,2215,SB2030,4,Passed,2025-06-04,"Appropriation; Animal Health, Board of.","An Act Making An Appropriation To The Mississippi Board Of Animal Health For The Purpose Of Defraying The Expenses Of The Board For Fiscal Year 2026.",0,,2025-06-04,"Approved by Governor",https://legiscan.com/MS/bill/SB2030/2025/X1,https://billstatus.ls.state.ms.us/20251E/pdf/history/SB/SB2030.xml
2034163,2215,SB2031,4,Passed,2025-06-04,"Appropriation; Gaming Commission.","An Act Making An Appropriation For The Purpose Of Defraying The Expenses Of The Mississippi Gaming Commission For Fiscal Year 2026.",0,,2025-06-04,"Approved by Governor",https://legiscan.com/MS/bill/SB2031/2025/X1,https://billstatus.ls.state.ms.us/20251E/pdf/history/SB/SB2031.xml
2034192,2215,SB2032,4,Passed,2025-06-04,"Appropriation; Information Technology Services, Department of.","An Act Making An Appropriation For The Purpose Of Defraying The Expenses Of The Mississippi Department Of Information Technology Services For Fiscal Year 2026.",0,,2025-06-04,"Approved by Governor",https://legiscan.com/MS/bill/SB2032/2025/X1,https://billstatus.ls.state.ms.us/20251E/pdf/history/SB/SB2032.xml
2034193,2215,SB2033,4,Passed,2025-06-04,"Appropriation; Personnel Board.","An Act Making An Appropriation To Defray The Expenses Of The State Personnel Board For Fiscal Year 2026.",0,,2025-06-04,"Approved by Governor",https://legiscan.com/MS/bill/SB2033/2025/X1,https://billstatus.ls.state.ms.us/20251E/pdf/history/SB/SB2033.xml
2034168,2215,SB2034,4,Passed,2025-06-04,"Appropriation; Military Department.","An Act Making An Appropriation For The Purpose Of Defraying The Expenses Of The Mississippi National Guard For Fiscal Year 2026.",0,,2025-06-04,"Approved by Governor",https://legiscan.com/MS/bill/SB2034/2025/X1,https://billstatus.ls.state.ms.us/20251E/pdf/history/SB/SB2034.xml
2034123,2215,SB2035,4,Passed,2025-06-04,"Appropriation; Veterans Affairs Board.","An Act Making An Appropriation For The Purpose Of Defraying The Expenses Of The State Veterans Affairs Board And The Mississippi State Veterans Homes For Fiscal Year 2026.",0,,2025-06-04,"Approved by Governor",https://legiscan.com/MS/bill/SB2035/2025/X1,https://billstatus.ls.state.ms.us/20251E/pdf/history/SB/SB2035.xml
2034117,2215,SB2036,4,Passed,2025-06-17,"Appropriation; Revenue, Department of.","An Act Making An Appropriation For The Purpose Of Defraying The Expenses Of The Mississippi Department Of Revenue, Including The Homestead Exemption Division, The Motor Vehicle Comptroller Functions, The Alcoholic Beverage Control Division Liquor Distribution Center, The Enforcement Division, And For The Purpose Of Reimbursing The Counties, County Districts And Municipal Separate School Districts For Tax Losses Incurred By Reason Of The Exemption Of Homes From Certain Ad Valorem Taxes, And For The Purpose Of Purchasing Motor Vehicle License Tags For Fiscal Year 2026.",0,,2025-06-17,"Approved by Governor",https://legiscan.com/MS/bill/SB2036/2025/X1,https://billstatus.ls.state.ms.us/20251E/pdf/history/SB/SB2036.xml
2034184,2215,SB2037,4,Passed,2025-06-17,"Appropriation; Secretary of State.","An Act Making An Appropriation To Defray The Expenses Of The Office Of The Secretary Of State For Fiscal Year 2026.",0,,2025-06-17,"Approved by Governor",https://legiscan.com/MS/bill/SB2037/2025/X1,https://billstatus.ls.state.ms.us/20251E/pdf/history/SB/SB2037.xml
2034130,2215,SB2038,4,Passed,2025-06-04,"Appropriation; Tax Appeals Board.","An Act Making An Appropriation To Defray The Expenses Of The Board Of Tax Appeals For The Fiscal Year 2026.",0,,2025-06-04,"Approved by Governor",https://legiscan.com/MS/bill/SB2038/2025/X1,https://billstatus.ls.state.ms.us/20251E/pdf/history/SB/SB2038.xml
2034187,2215,SB2039,4,Passed,2025-06-04,"Appropriation; Workers' Compensation Commission.","An Act Making An Appropriation To Defray The Expenses Of The Mississippi Workers' Compensation Commission For Fiscal Year 2026.",0,,2025-06-04,"Approved by Governor",https://legiscan.com/MS/bill/SB2039/2025/X1,https://billstatus.ls.state.ms.us/20251E/pdf/history/SB/SB2039.xml
2034125,2215,SB2040,4,Passed,2025-06-04,"Appropriation; Treasurer's Office.","An Act Making An Appropriation To Defray The Expenses Of The State Treasurer's Office For Fiscal Year 2026.",0,,2025-06-04,"Approved by Governor",https://legiscan.com/MS/bill/SB2040/2025/X1,https://billstatus.ls.state.ms.us/20251E/pdf/history/SB/SB2040.xml
2034153,2215,SB2041,4,Passed,2025-06-04,"Appropriation; Debt Service-Gen. Obli.","An Act Making An Appropriation For The Payment Of Service Charges To Banks For Acting As Agents Of The State In Paying Full Faith And Credit Bonds And Interest Of The State Of Mississippi, From The Effective Date Of This Act Until Such Bonds Shall Be Paid Or Until June 30, 2026, Whichever Shall First Occur; And For The Payment Of Maturing Bonds And Interest On The Full Faith And Credit Bonds Of The State Of Mississippi Falling Due During Fiscal Year 2026.",0,,2025-06-04,"Approved by Governor",https://legiscan.com/MS/bill/SB2041/2025/X1,https://billstatus.ls.state.ms.us/20251E/pdf/history/SB/SB2041.xml
2034137,2215,SB2042,4,Passed,2025-06-17,"Appropriation; Audit, Department of.","An Act Making An Appropriation For The Purpose Of Defraying The Expenses Of The State Department Of Audit For Fiscal Year 2026.",0,,2025-06-17,"Approved by Governor",https://legiscan.com/MS/bill/SB2042/2025/X1,https://billstatus.ls.state.ms.us/20251E/pdf/history/SB/SB2042.xml
2034160,2215,SB2043,4,Passed,2025-06-04,"Appropriation; Banking and Consumer Finance, Department of.","An Act Making An Appropriation Of Special Funds For The Support Of The State Department Of Banking And Consumer Finance For Fiscal Year 2026.",0,,2025-06-04,"Approved by Governor",https://legiscan.com/MS/bill/SB2043/2025/X1,https://billstatus.ls.state.ms.us/20251E/pdf/history/SB/SB2043.xml
2034185,2215,SB2044,5,Vetoed,2025-06-17,"Appropriation; Finance and Administration, Department of.","An Act Making An Appropriation To Defray The Expenses Of The Department Of Finance And Administration For Fiscal Year 2026.",0,,2025-06-17,"Partially Vetoed By Governor",https://legiscan.com/MS/bill/SB2044/2025/X1,https://billstatus.ls.state.ms.us/20251E/pdf/history/SB/SB2044.xml
2034201,2215,SB2045,4,Passed,2025-06-04,"Appropriation; Governor's Office and Mansion.","An Act Making An Appropriation For Expenses Of The Executive Department, Being The Governor's Office And Staff, And For Expenses Incidental To The Proper Operation Of The Governor's Mansion And Residence Of The Governor For Fiscal Year 2026.",0,,2025-06-04,"Approved by Governor",https://legiscan.com/MS/bill/SB2045/2025/X1,https://billstatus.ls.state.ms.us/20251E/pdf/history/SB/SB2045.xml
2034190,2215,SB2046,5,Vetoed,2025-06-17,"Appropriation; Development Authority, Mississippi.","An Act Making An Appropriation To Defray The Expenses Of The Mississippi Development Authority For Fiscal Year 2026.",0,,2025-06-17,"Partially Vetoed By Governor",https://legiscan.com/MS/bill/SB2046/2025/X1,https://billstatus.ls.state.ms.us/20251E/pdf/history/SB/SB2046.xml
2034132,2215,SB2047,4,Passed,2025-06-04,"Appropriation; Gulf Coast Restoration Funds to the Mississippi Development Authority.","An Act Making An Appropriation And A Reappropriation To The Mississippi Development Authority To Authorize And Reauthorize The Expenditure Of Gulf Coast Restoration Funds Previously Appropriated For Projects For Fiscal Year 2026.",0,,2025-06-04,"Approved by Governor",https://legiscan.com/MS/bill/SB2047/2025/X1,https://billstatus.ls.state.ms.us/20251E/pdf/history/SB/SB2047.xml
2034161,2215,SB2048,4,Passed,2025-06-04,"Coronavirus State Fiscal Recovery Fund; FY2026 reappropriate to certain agencies.","An Act Making A Reappropriation To Certain Agencies To Reauthorize The Expenditure Of Coronavirus State Fiscal Recovery Funds Previously Appropriated For Certain Projects For Fiscal Year 2026.",0,,2025-06-04,"Approved by Governor",https://legiscan.com/MS/bill/SB2048/2025/X1,https://billstatus.ls.state.ms.us/20251E/pdf/history/SB/SB2048.xml
2034141,2215,SB2049,4,Passed,2025-06-17,"State Budget process; revise provisions related to and transfer certain funds.","An Act To Amend Section 37-113-55, Mississippi Code Of 1972, To Provide That Monies In The Mississippi State University Veterinary School Fund Shall Be Disbursed By The Board Of Trustees Of State Institutions Of Higher Learning Instead Of The Department Of Finance And Administration; To Amend Section 1 Of Chapter 534, Laws Of 2024, To Correct The Reference To The Fund Number For The 2022 Emergency Road And Bridge Fund; To Direct The University Of Mississippi Medical Center To Transfer To The State Treasurer From The Authorized Bank Account A Certain Sum For The Office Of Mississippi Physician Workforce, For Deposit To The Credit Of The State Department Of Health For The Physician Workforce Program; To Create The ""mississippi Veteran's Home Improvement Fund"" In The State Treasury And Direct The State Treasurer To Transfer A Certain Sum From The Msva-board Cef To The Fund; To Create The ""united States Fire Insurance Company Settlement Fund"" In The State Treasury And Direct The State Treasurer To Transfer A Certain Sum From The Attorney General Contingent Fund To The Settlement Fund; To Direct The State Treasurer To Transfer A Certain Sum From The Capital Expense Fund - Dfa To The 2022 Ihl Capital Improvements Fund; To Authorize Those Funds To Be Used To Pay The Costs For The Repair Or Renovation Of Systems Or Buildings On The Hattiesburg Campus Of The University Of Southern Mississippi; To Direct The State Treasurer To Transfer A Certain Sum From The March 2023 Storm Housing Mission Fund To The Hazard Mitigation Administration And Management Fund; To Direct The State Treasurer To Transfer The Remaining Balance Of The March 2023 Storm Housing Mission Fund To The Disaster Assistance Trust Fund; To Direct The State Treasurer To Transfer A Certain Sum From The Capital Expense Fund To The Disaster Assistance Trust Fund; To Repeal Section 33-15-55, Mississippi Code Of 1972, Which Is The Provision Of Law Creating The March 2023 Storm Housing Mission Fund; To Create The ""dbcf Civil Money Penalty Fund"" In The State Treasury And Direct The State Treasurer To Transfer A Certain Sum From The Consumer Finance Fund To The Penalty Fund; To Direct The State Treasurer To Transfer A Certain Sum From The Appropriate Financial Institutions To The Ng911 Cmrs Grant Fund; To Direct The State Treasurer To Transfer A Certain Sum From The Appropriate Financial Institutions To The State Ng911 Fund; To Direct The State Treasurer To Transfer A Certain Sum From The Capital Expense Fund To The Board Of Animal Health Disease Response Fund; To Direct The State Treasurer To Transfer A Certain Sum From The Capital Expense Fund To The Mississippi Department Of Transportation Strategic Multi-modal Investments Fund; To Direct The State Treasurer To Transfer A Certain Sum From The Capital Expense Fund To The Mississippi Department Of Transportation 2022 Infrastructure Match Fund; To Direct The State Treasurer To Transfer A Certain Sum From The Annual Fire Fund To The Rural Fire Truck Matching Assistance Fund; To Direct The State Treasurer To Transfer A Certain Sum From The Annual Fire Fund To The Mississippi Volunteer Firefighter Length Of Service Awards Program Fund; To Direct The State Treasurer To Transfer A Certain Sum From The Capital Expense Fund To The Mississippi Outdoor Stewardship Trust Fund; And For Related Purposes.",0,,2025-06-17,"Approved by Governor",https://legiscan.com/MS/bill/SB2049/2025/X1,https://billstatus.ls.state.ms.us/20251E/pdf/history/SB/SB2049.xml
2034143,2215,SB2050,2,Engrossed,2025-05-28,"Special funds; revise and create certain within the State Treasury and transfer funds to.","An Act To Amend Section 7-3-91, Mississippi Code Of 1972, To Transfer The Administration Of The Secretary Of State Land Improvement Fund To The Department Of Finance And Administration And Rename The Fund As The Land Improvement Fund; To Revise The Purpose Of The Fund; To Direct The State Treasurer To Transfer A Certain Sum From The Capital Expense Fund To The Land Improvement Fund; To Create ""the Lift At The Mississippi Children's Museum Fund"" Within The State Treasury And Direct The State Treasurer To Transfer Funds From The Capital Expense Fund To The Fund; And For Related Purposes.",0,,2025-05-28,Failed,https://legiscan.com/MS/bill/SB2050/2025/X1,https://billstatus.ls.state.ms.us/20251E/pdf/history/SB/SB2050.xml
2034121,2215,SB2051,6,Failed,2025-05-28,"MDE; amend FY 2025 appropriation to revise purpose for a certain sum.","An Act To Amend Section 43 Of Chapter 95, Laws Of 2024, To Revise The Fiscal Year 2025 Appropriation To The State Department Of Education To Provide That A Certain Sum May Be Used For The Continuation Of The Current School Safety Platform; And For Related Purposes.",0,,2025-05-28,"Died In Committee",https://legiscan.com/MS/bill/SB2051/2025/X1,https://billstatus.ls.state.ms.us/20251E/pdf/history/SB/SB2051.xml
2034126,2215,SB2052,6,Failed,2025-05-28,"Surplus property; certain purchases from Legislature are not violations of ethics laws.","An Act To Amend Section 29-9-9, Mississippi Code Of 1972, To Provide That Certain Purchases Of Obsolete Personal Property Sold By The Legislature Are Not Violations Of The Ethics Laws; And For Related Purposes.",0,,2025-05-28,"Died In Committee",https://legiscan.com/MS/bill/SB2052/2025/X1,https://billstatus.ls.state.ms.us/20251E/pdf/history/SB/SB2052.xml
2034199,2215,SR1,4,Passed,2025-05-28,"Commend District 24 Senator David L. Jordan for distinguished service to State Senate.","A Resolution To Recognize And Commend The Outstanding Leadership Of District 24 State Senator David Lee Jordan For His Distinguished Service In The Mississippi Senate On The Occasion Of His Retirement.",0,,2025-05-28,Adopted,https://legiscan.com/MS/bill/SR1/2025/X1,https://billstatus.ls.state.ms.us/20251E/pdf/history/SR/SR0001.xml
