bill_id,document_id,document_type,document_size,document_mime,document_desc,url,state_link
2034096,3246853,text,20315,text/html,Introduced,https://legiscan.com/MS/text/HB1/id/3246853,https://billstatus.ls.state.ms.us/documents/20251E/html/HB/0001-0099/HB0001IN.htm
2034096,3247276,text,20535,text/html,Engrossed,https://legiscan.com/MS/text/HB1/id/3247276,https://billstatus.ls.state.ms.us/documents/20251E/html/HB/0001-0099/HB0001PS.htm
2034096,3248866,text,20535,text/html,Enrolled,https://legiscan.com/MS/text/HB1/id/3248866,https://billstatus.ls.state.ms.us/documents/20251E/html/HB/0001-0099/HB0001SG.htm
2034097,3246854,text,14517,text/html,Introduced,https://legiscan.com/MS/text/HB2/id/3246854,https://billstatus.ls.state.ms.us/documents/20251E/html/HB/0001-0099/HB0002IN.htm
2034097,3247469,text,14737,text/html,Engrossed,https://legiscan.com/MS/text/HB2/id/3247469,https://billstatus.ls.state.ms.us/documents/20251E/html/HB/0001-0099/HB0002PS.htm
2034097,3248885,text,14737,text/html,Enrolled,https://legiscan.com/MS/text/HB2/id/3248885,https://billstatus.ls.state.ms.us/documents/20251E/html/HB/0001-0099/HB0002SG.htm
2034116,3246873,text,35148,text/html,Introduced,https://legiscan.com/MS/text/HB3/id/3246873,https://billstatus.ls.state.ms.us/documents/20251E/html/HB/0001-0099/HB0003IN.htm
2034116,3247328,text,35368,text/html,Engrossed,https://legiscan.com/MS/text/HB3/id/3247328,https://billstatus.ls.state.ms.us/documents/20251E/html/HB/0001-0099/HB0003PS.htm
2034116,3250067,text,35368,text/html,Enrolled,https://legiscan.com/MS/text/HB3/id/3250067,https://billstatus.ls.state.ms.us/documents/20251E/html/HB/0001-0099/HB0003SG.htm
2034200,3246961,text,5082,text/html,Introduced,https://legiscan.com/MS/text/HB4/id/3246961,https://billstatus.ls.state.ms.us/documents/20251E/html/HB/0001-0099/HB0004IN.htm
2034200,3247275,text,5302,text/html,Engrossed,https://legiscan.com/MS/text/HB4/id/3247275,https://billstatus.ls.state.ms.us/documents/20251E/html/HB/0001-0099/HB0004PS.htm
2034200,3249915,text,5302,text/html,Enrolled,https://legiscan.com/MS/text/HB4/id/3249915,https://billstatus.ls.state.ms.us/documents/20251E/html/HB/0001-0099/HB0004SG.htm
2034102,3246859,text,19915,text/html,Introduced,https://legiscan.com/MS/text/HB5/id/3246859,https://billstatus.ls.state.ms.us/documents/20251E/html/HB/0001-0099/HB0005IN.htm
2034102,3247464,text,20135,text/html,Engrossed,https://legiscan.com/MS/text/HB5/id/3247464,https://billstatus.ls.state.ms.us/documents/20251E/html/HB/0001-0099/HB0005PS.htm
2034102,3248691,text,20135,text/html,Enrolled,https://legiscan.com/MS/text/HB5/id/3248691,https://billstatus.ls.state.ms.us/documents/20251E/html/HB/0001-0099/HB0005SG.htm
2034175,3246933,text,16617,text/html,Introduced,https://legiscan.com/MS/text/HB6/id/3246933,https://billstatus.ls.state.ms.us/documents/20251E/html/HB/0001-0099/HB0006IN.htm
2034175,3247827,text,16837,text/html,Engrossed,https://legiscan.com/MS/text/HB6/id/3247827,https://billstatus.ls.state.ms.us/documents/20251E/html/HB/0001-0099/HB0006PS.htm
2034175,3248862,text,16837,text/html,Enrolled,https://legiscan.com/MS/text/HB6/id/3248862,https://billstatus.ls.state.ms.us/documents/20251E/html/HB/0001-0099/HB0006SG.htm
2034162,3246919,text,6506,text/html,Introduced,https://legiscan.com/MS/text/HB7/id/3246919,https://billstatus.ls.state.ms.us/documents/20251E/html/HB/0001-0099/HB0007IN.htm
2034162,3247765,text,6726,text/html,Engrossed,https://legiscan.com/MS/text/HB7/id/3247765,https://billstatus.ls.state.ms.us/documents/20251E/html/HB/0001-0099/HB0007PS.htm
2034162,3248852,text,6726,text/html,Enrolled,https://legiscan.com/MS/text/HB7/id/3248852,https://billstatus.ls.state.ms.us/documents/20251E/html/HB/0001-0099/HB0007SG.htm
2034182,3246940,text,53964,text/html,Introduced,https://legiscan.com/MS/text/HB8/id/3246940,https://billstatus.ls.state.ms.us/documents/20251E/html/HB/0001-0099/HB0008IN.htm
2034182,3247890,text,54184,text/html,Engrossed,https://legiscan.com/MS/text/HB8/id/3247890,https://billstatus.ls.state.ms.us/documents/20251E/html/HB/0001-0099/HB0008PS.htm
2034182,3248660,text,54183,text/html,Enrolled,https://legiscan.com/MS/text/HB8/id/3248660,https://billstatus.ls.state.ms.us/documents/20251E/html/HB/0001-0099/HB0008SG.htm
2034146,3246903,text,14225,text/html,Introduced,https://legiscan.com/MS/text/HB9/id/3246903,https://billstatus.ls.state.ms.us/documents/20251E/html/HB/0001-0099/HB0009IN.htm
2034146,3247675,text,14445,text/html,Engrossed,https://legiscan.com/MS/text/HB9/id/3247675,https://billstatus.ls.state.ms.us/documents/20251E/html/HB/0001-0099/HB0009PS.htm
2034146,3248856,text,14445,text/html,Enrolled,https://legiscan.com/MS/text/HB9/id/3248856,https://billstatus.ls.state.ms.us/documents/20251E/html/HB/0001-0099/HB0009SG.htm
2034183,3246941,text,8223,text/html,Introduced,https://legiscan.com/MS/text/HB10/id/3246941,https://billstatus.ls.state.ms.us/documents/20251E/html/HB/0001-0099/HB0010IN.htm
2034183,3247886,text,8443,text/html,Engrossed,https://legiscan.com/MS/text/HB10/id/3247886,https://billstatus.ls.state.ms.us/documents/20251E/html/HB/0001-0099/HB0010PS.htm
2034183,3248663,text,8418,text/html,Enrolled,https://legiscan.com/MS/text/HB10/id/3248663,https://billstatus.ls.state.ms.us/documents/20251E/html/HB/0001-0099/HB0010SG.htm
2034189,3246947,text,10874,text/html,Introduced,https://legiscan.com/MS/text/HB11/id/3246947,https://billstatus.ls.state.ms.us/documents/20251E/html/HB/0001-0099/HB0011IN.htm
2034189,3247587,text,11094,text/html,Engrossed,https://legiscan.com/MS/text/HB11/id/3247587,https://billstatus.ls.state.ms.us/documents/20251E/html/HB/0001-0099/HB0011PS.htm
2034189,3248640,text,11094,text/html,Enrolled,https://legiscan.com/MS/text/HB11/id/3248640,https://billstatus.ls.state.ms.us/documents/20251E/html/HB/0001-0099/HB0011SG.htm
2034174,3246932,text,23155,text/html,Introduced,https://legiscan.com/MS/text/HB12/id/3246932,https://billstatus.ls.state.ms.us/documents/20251E/html/HB/0001-0099/HB0012IN.htm
2034174,3247797,text,23375,text/html,Engrossed,https://legiscan.com/MS/text/HB12/id/3247797,https://billstatus.ls.state.ms.us/documents/20251E/html/HB/0001-0099/HB0012PS.htm
2034174,3248875,text,23375,text/html,Enrolled,https://legiscan.com/MS/text/HB12/id/3248875,https://billstatus.ls.state.ms.us/documents/20251E/html/HB/0001-0099/HB0012SG.htm
2034170,3246928,text,14769,text/html,Introduced,https://legiscan.com/MS/text/HB13/id/3246928,https://billstatus.ls.state.ms.us/documents/20251E/html/HB/0001-0099/HB0013IN.htm
2034170,3247673,text,14989,text/html,Engrossed,https://legiscan.com/MS/text/HB13/id/3247673,https://billstatus.ls.state.ms.us/documents/20251E/html/HB/0001-0099/HB0013PS.htm
2034170,3248726,text,14989,text/html,Enrolled,https://legiscan.com/MS/text/HB13/id/3248726,https://billstatus.ls.state.ms.us/documents/20251E/html/HB/0001-0099/HB0013SG.htm
2034107,3246864,text,15260,text/html,Introduced,https://legiscan.com/MS/text/HB14/id/3246864,https://billstatus.ls.state.ms.us/documents/20251E/html/HB/0001-0099/HB0014IN.htm
2034107,3247773,text,15480,text/html,Engrossed,https://legiscan.com/MS/text/HB14/id/3247773,https://billstatus.ls.state.ms.us/documents/20251E/html/HB/0001-0099/HB0014PS.htm
2034107,3248995,text,15480,text/html,Enrolled,https://legiscan.com/MS/text/HB14/id/3248995,https://billstatus.ls.state.ms.us/documents/20251E/html/HB/0001-0099/HB0014SG.htm
2034151,3246908,text,42826,text/html,Introduced,https://legiscan.com/MS/text/HB15/id/3246908,https://billstatus.ls.state.ms.us/documents/20251E/html/HB/0001-0099/HB0015IN.htm
2034151,3247820,text,43046,text/html,Engrossed,https://legiscan.com/MS/text/HB15/id/3247820,https://billstatus.ls.state.ms.us/documents/20251E/html/HB/0001-0099/HB0015PS.htm
2034151,3250011,text,43047,text/html,Enrolled,https://legiscan.com/MS/text/HB15/id/3250011,https://billstatus.ls.state.ms.us/documents/20251E/html/HB/0001-0099/HB0015SG.htm
2034157,3246914,text,6443,text/html,Introduced,https://legiscan.com/MS/text/HB16/id/3246914,https://billstatus.ls.state.ms.us/documents/20251E/html/HB/0001-0099/HB0016IN.htm
2034157,3248059,text,6663,text/html,Engrossed,https://legiscan.com/MS/text/HB16/id/3248059,https://billstatus.ls.state.ms.us/documents/20251E/html/HB/0001-0099/HB0016PS.htm
2034157,3248821,text,6663,text/html,Enrolled,https://legiscan.com/MS/text/HB16/id/3248821,https://billstatus.ls.state.ms.us/documents/20251E/html/HB/0001-0099/HB0016SG.htm
2034099,3246856,text,18072,text/html,Introduced,https://legiscan.com/MS/text/HB17/id/3246856,https://billstatus.ls.state.ms.us/documents/20251E/html/HB/0001-0099/HB0017IN.htm
2034099,3247680,text,18292,text/html,Engrossed,https://legiscan.com/MS/text/HB17/id/3247680,https://billstatus.ls.state.ms.us/documents/20251E/html/HB/0001-0099/HB0017PS.htm
2034099,3250041,text,18292,text/html,Enrolled,https://legiscan.com/MS/text/HB17/id/3250041,https://billstatus.ls.state.ms.us/documents/20251E/html/HB/0001-0099/HB0017SG.htm
2034156,3246913,text,22131,text/html,Introduced,https://legiscan.com/MS/text/HB18/id/3246913,https://billstatus.ls.state.ms.us/documents/20251E/html/HB/0001-0099/HB0018IN.htm
2034156,3247684,text,22351,text/html,Engrossed,https://legiscan.com/MS/text/HB18/id/3247684,https://billstatus.ls.state.ms.us/documents/20251E/html/HB/0001-0099/HB0018PS.htm
2034156,3249933,text,22351,text/html,Enrolled,https://legiscan.com/MS/text/HB18/id/3249933,https://billstatus.ls.state.ms.us/documents/20251E/html/HB/0001-0099/HB0018SG.htm
2034105,3246862,text,69786,text/html,Introduced,https://legiscan.com/MS/text/HB19/id/3246862,https://billstatus.ls.state.ms.us/documents/20251E/html/HB/0001-0099/HB0019IN.htm
2034105,3247681,text,70006,text/html,Engrossed,https://legiscan.com/MS/text/HB19/id/3247681,https://billstatus.ls.state.ms.us/documents/20251E/html/HB/0001-0099/HB0019PS.htm
2034105,3249929,text,69960,text/html,Enrolled,https://legiscan.com/MS/text/HB19/id/3249929,https://billstatus.ls.state.ms.us/documents/20251E/html/HB/0001-0099/HB0019SG.htm
2034195,3246953,text,41052,text/html,Introduced,https://legiscan.com/MS/text/HB20/id/3246953,https://billstatus.ls.state.ms.us/documents/20251E/html/HB/0001-0099/HB0020IN.htm
2034195,3247762,text,41272,text/html,Engrossed,https://legiscan.com/MS/text/HB20/id/3247762,https://billstatus.ls.state.ms.us/documents/20251E/html/HB/0001-0099/HB0020PS.htm
2034195,3249960,text,41272,text/html,Enrolled,https://legiscan.com/MS/text/HB20/id/3249960,https://billstatus.ls.state.ms.us/documents/20251E/html/HB/0001-0099/HB0020SG.htm
2034186,3246944,text,18978,text/html,Introduced,https://legiscan.com/MS/text/HB21/id/3246944,https://billstatus.ls.state.ms.us/documents/20251E/html/HB/0001-0099/HB0021IN.htm
2034186,3247683,text,19198,text/html,Engrossed,https://legiscan.com/MS/text/HB21/id/3247683,https://billstatus.ls.state.ms.us/documents/20251E/html/HB/0001-0099/HB0021PS.htm
2034186,3250155,text,19198,text/html,Enrolled,https://legiscan.com/MS/text/HB21/id/3250155,https://billstatus.ls.state.ms.us/documents/20251E/html/HB/0001-0099/HB0021SG.htm
2034120,3246877,text,25662,text/html,Introduced,https://legiscan.com/MS/text/HB22/id/3246877,https://billstatus.ls.state.ms.us/documents/20251E/html/HB/0001-0099/HB0022IN.htm
2034120,3247783,text,25882,text/html,Engrossed,https://legiscan.com/MS/text/HB22/id/3247783,https://billstatus.ls.state.ms.us/documents/20251E/html/HB/0001-0099/HB0022PS.htm
2034120,3248497,text,25882,text/html,Enrolled,https://legiscan.com/MS/text/HB22/id/3248497,https://billstatus.ls.state.ms.us/documents/20251E/html/HB/0001-0099/HB0022SG.htm
2034176,3246934,text,38738,text/html,Introduced,https://legiscan.com/MS/text/HB23/id/3246934,https://billstatus.ls.state.ms.us/documents/20251E/html/HB/0001-0099/HB0023IN.htm
2034176,3247679,text,38958,text/html,Engrossed,https://legiscan.com/MS/text/HB23/id/3247679,https://billstatus.ls.state.ms.us/documents/20251E/html/HB/0001-0099/HB0023PS.htm
2034176,3249936,text,38958,text/html,Enrolled,https://legiscan.com/MS/text/HB23/id/3249936,https://billstatus.ls.state.ms.us/documents/20251E/html/HB/0001-0099/HB0023SG.htm
2034166,3246924,text,19695,text/html,Introduced,https://legiscan.com/MS/text/HB24/id/3246924,https://billstatus.ls.state.ms.us/documents/20251E/html/HB/0001-0099/HB0024IN.htm
2034166,3247672,text,19915,text/html,Engrossed,https://legiscan.com/MS/text/HB24/id/3247672,https://billstatus.ls.state.ms.us/documents/20251E/html/HB/0001-0099/HB0024PS.htm
2034166,3250009,text,19915,text/html,Enrolled,https://legiscan.com/MS/text/HB24/id/3250009,https://billstatus.ls.state.ms.us/documents/20251E/html/HB/0001-0099/HB0024SG.htm
2034142,3246899,text,14897,text/html,Introduced,https://legiscan.com/MS/text/HB25/id/3246899,https://billstatus.ls.state.ms.us/documents/20251E/html/HB/0001-0099/HB0025IN.htm
2034142,3247794,text,15117,text/html,Engrossed,https://legiscan.com/MS/text/HB25/id/3247794,https://billstatus.ls.state.ms.us/documents/20251E/html/HB/0001-0099/HB0025PS.htm
2034142,3249011,text,15117,text/html,Enrolled,https://legiscan.com/MS/text/HB25/id/3249011,https://billstatus.ls.state.ms.us/documents/20251E/html/HB/0001-0099/HB0025SG.htm
2034202,3246963,text,5016,text/html,Introduced,https://legiscan.com/MS/text/HB26/id/3246963,https://billstatus.ls.state.ms.us/documents/20251E/html/HB/0001-0099/HB0026IN.htm
2034202,3247829,text,5236,text/html,Engrossed,https://legiscan.com/MS/text/HB26/id/3247829,https://billstatus.ls.state.ms.us/documents/20251E/html/HB/0001-0099/HB0026PS.htm
2034202,3249961,text,5236,text/html,Enrolled,https://legiscan.com/MS/text/HB26/id/3249961,https://billstatus.ls.state.ms.us/documents/20251E/html/HB/0001-0099/HB0026SG.htm
2034133,3246890,text,13515,text/html,Introduced,https://legiscan.com/MS/text/HB27/id/3246890,https://billstatus.ls.state.ms.us/documents/20251E/html/HB/0001-0099/HB0027IN.htm
2034133,3247685,text,13735,text/html,Engrossed,https://legiscan.com/MS/text/HB27/id/3247685,https://billstatus.ls.state.ms.us/documents/20251E/html/HB/0001-0099/HB0027PS.htm
2034133,3249922,text,13735,text/html,Enrolled,https://legiscan.com/MS/text/HB27/id/3249922,https://billstatus.ls.state.ms.us/documents/20251E/html/HB/0001-0099/HB0027SG.htm
2034108,3246865,text,13409,text/html,Introduced,https://legiscan.com/MS/text/HB28/id/3246865,https://billstatus.ls.state.ms.us/documents/20251E/html/HB/0001-0099/HB0028IN.htm
2034108,3247774,text,13629,text/html,Engrossed,https://legiscan.com/MS/text/HB28/id/3247774,https://billstatus.ls.state.ms.us/documents/20251E/html/HB/0001-0099/HB0028PS.htm
2034108,3248986,text,13629,text/html,Enrolled,https://legiscan.com/MS/text/HB28/id/3248986,https://billstatus.ls.state.ms.us/documents/20251E/html/HB/0001-0099/HB0028SG.htm
2034109,3246866,text,25488,text/html,Introduced,https://legiscan.com/MS/text/HB29/id/3246866,https://billstatus.ls.state.ms.us/documents/20251E/html/HB/0001-0099/HB0029IN.htm
2034109,3247777,text,25708,text/html,Engrossed,https://legiscan.com/MS/text/HB29/id/3247777,https://billstatus.ls.state.ms.us/documents/20251E/html/HB/0001-0099/HB0029PS.htm
2034109,3249953,text,25708,text/html,Enrolled,https://legiscan.com/MS/text/HB29/id/3249953,https://billstatus.ls.state.ms.us/documents/20251E/html/HB/0001-0099/HB0029SG.htm
2034110,3246867,text,14207,text/html,Introduced,https://legiscan.com/MS/text/HB30/id/3246867,https://billstatus.ls.state.ms.us/documents/20251E/html/HB/0001-0099/HB0030IN.htm
2034110,3247813,text,14427,text/html,Engrossed,https://legiscan.com/MS/text/HB30/id/3247813,https://billstatus.ls.state.ms.us/documents/20251E/html/HB/0001-0099/HB0030PS.htm
2034110,3249957,text,14427,text/html,Enrolled,https://legiscan.com/MS/text/HB30/id/3249957,https://billstatus.ls.state.ms.us/documents/20251E/html/HB/0001-0099/HB0030SG.htm
2034119,3246876,text,13876,text/html,Introduced,https://legiscan.com/MS/text/HB31/id/3246876,https://billstatus.ls.state.ms.us/documents/20251E/html/HB/0001-0099/HB0031IN.htm
2034119,3247780,text,14096,text/html,Engrossed,https://legiscan.com/MS/text/HB31/id/3247780,https://billstatus.ls.state.ms.us/documents/20251E/html/HB/0001-0099/HB0031PS.htm
2034119,3248842,text,14096,text/html,Enrolled,https://legiscan.com/MS/text/HB31/id/3248842,https://billstatus.ls.state.ms.us/documents/20251E/html/HB/0001-0099/HB0031SG.htm
2034140,3246897,text,36432,text/html,Introduced,https://legiscan.com/MS/text/HB32/id/3246897,https://billstatus.ls.state.ms.us/documents/20251E/html/HB/0001-0099/HB0032IN.htm
2034140,3247752,text,36652,text/html,Engrossed,https://legiscan.com/MS/text/HB32/id/3247752,https://billstatus.ls.state.ms.us/documents/20251E/html/HB/0001-0099/HB0032PS.htm
2034140,3249928,text,36652,text/html,Enrolled,https://legiscan.com/MS/text/HB32/id/3249928,https://billstatus.ls.state.ms.us/documents/20251E/html/HB/0001-0099/HB0032SG.htm
2034173,3246931,text,6150,text/html,Introduced,https://legiscan.com/MS/text/HB33/id/3246931,https://billstatus.ls.state.ms.us/documents/20251E/html/HB/0001-0099/HB0033IN.htm
2034173,3247816,text,6364,text/html,Engrossed,https://legiscan.com/MS/text/HB33/id/3247816,https://billstatus.ls.state.ms.us/documents/20251E/html/HB/0001-0099/HB0033PS.htm
2034173,3249947,text,6364,text/html,Enrolled,https://legiscan.com/MS/text/HB33/id/3249947,https://billstatus.ls.state.ms.us/documents/20251E/html/HB/0001-0099/HB0033SG.htm
2034149,3246906,text,6581,text/html,Introduced,https://legiscan.com/MS/text/HB34/id/3246906,https://billstatus.ls.state.ms.us/documents/20251E/html/HB/0001-0099/HB0034IN.htm
2034149,3247806,text,6801,text/html,Engrossed,https://legiscan.com/MS/text/HB34/id/3247806,https://billstatus.ls.state.ms.us/documents/20251E/html/HB/0001-0099/HB0034PS.htm
2034149,3249013,text,6801,text/html,Enrolled,https://legiscan.com/MS/text/HB34/id/3249013,https://billstatus.ls.state.ms.us/documents/20251E/html/HB/0001-0099/HB0034SG.htm
2034150,3246907,text,21268,text/html,Introduced,https://legiscan.com/MS/text/HB35/id/3246907,https://billstatus.ls.state.ms.us/documents/20251E/html/HB/0001-0099/HB0035IN.htm
2034150,3247809,text,21488,text/html,Engrossed,https://legiscan.com/MS/text/HB35/id/3247809,https://billstatus.ls.state.ms.us/documents/20251E/html/HB/0001-0099/HB0035PS.htm
2034150,3249956,text,21488,text/html,Enrolled,https://legiscan.com/MS/text/HB35/id/3249956,https://billstatus.ls.state.ms.us/documents/20251E/html/HB/0001-0099/HB0035SG.htm
2034112,3246869,text,18013,text/html,Introduced,https://legiscan.com/MS/text/HB36/id/3246869,https://billstatus.ls.state.ms.us/documents/20251E/html/HB/0001-0099/HB0036IN.htm
2034112,3247688,text,18233,text/html,Engrossed,https://legiscan.com/MS/text/HB36/id/3247688,https://billstatus.ls.state.ms.us/documents/20251E/html/HB/0001-0099/HB0036PS.htm
2034112,3249921,text,18233,text/html,Enrolled,https://legiscan.com/MS/text/HB36/id/3249921,https://billstatus.ls.state.ms.us/documents/20251E/html/HB/0001-0099/HB0036SG.htm
2034177,3246935,text,12934,text/html,Introduced,https://legiscan.com/MS/text/HB37/id/3246935,https://billstatus.ls.state.ms.us/documents/20251E/html/HB/0001-0099/HB0037IN.htm
2034177,3247674,text,13368,text/html,Engrossed,https://legiscan.com/MS/text/HB37/id/3247674,https://billstatus.ls.state.ms.us/documents/20251E/html/HB/0001-0099/HB0037PS.htm
2034177,3248503,text,13368,text/html,Enrolled,https://legiscan.com/MS/text/HB37/id/3248503,https://billstatus.ls.state.ms.us/documents/20251E/html/HB/0001-0099/HB0037SG.htm
2034164,3246922,text,24678,text/html,Introduced,https://legiscan.com/MS/text/HB38/id/3246922,https://billstatus.ls.state.ms.us/documents/20251E/html/HB/0001-0099/HB0038IN.htm
2034164,3247686,text,24898,text/html,Engrossed,https://legiscan.com/MS/text/HB38/id/3247686,https://billstatus.ls.state.ms.us/documents/20251E/html/HB/0001-0099/HB0038PS.htm
2034164,3249952,text,24898,text/html,Enrolled,https://legiscan.com/MS/text/HB38/id/3249952,https://billstatus.ls.state.ms.us/documents/20251E/html/HB/0001-0099/HB0038SG.htm
2034115,3246872,text,14081,text/html,Introduced,https://legiscan.com/MS/text/HB39/id/3246872,https://billstatus.ls.state.ms.us/documents/20251E/html/HB/0001-0099/HB0039IN.htm
2034115,3247788,text,14301,text/html,Engrossed,https://legiscan.com/MS/text/HB39/id/3247788,https://billstatus.ls.state.ms.us/documents/20251E/html/HB/0001-0099/HB0039PS.htm
2034115,3250069,text,14301,text/html,Enrolled,https://legiscan.com/MS/text/HB39/id/3250069,https://billstatus.ls.state.ms.us/documents/20251E/html/HB/0001-0099/HB0039SG.htm
2034158,3246915,text,40943,text/html,Introduced,https://legiscan.com/MS/text/HB40/id/3246915,https://billstatus.ls.state.ms.us/documents/20251E/html/HB/0001-0099/HB0040IN.htm
2034158,3247811,text,41163,text/html,Engrossed,https://legiscan.com/MS/text/HB40/id/3247811,https://billstatus.ls.state.ms.us/documents/20251E/html/HB/0001-0099/HB0040PS.htm
2034158,3250064,text,41155,text/html,Enrolled,https://legiscan.com/MS/text/HB40/id/3250064,https://billstatus.ls.state.ms.us/documents/20251E/html/HB/0001-0099/HB0040SG.htm
2034155,3246912,text,18817,text/html,Introduced,https://legiscan.com/MS/text/HB41/id/3246912,https://billstatus.ls.state.ms.us/documents/20251E/html/HB/0001-0099/HB0041IN.htm
2034155,3247821,text,19037,text/html,Engrossed,https://legiscan.com/MS/text/HB41/id/3247821,https://billstatus.ls.state.ms.us/documents/20251E/html/HB/0001-0099/HB0041PS.htm
2034155,3249978,text,19037,text/html,Enrolled,https://legiscan.com/MS/text/HB41/id/3249978,https://billstatus.ls.state.ms.us/documents/20251E/html/HB/0001-0099/HB0041SG.htm
2034113,3246870,text,74188,text/html,Introduced,https://legiscan.com/MS/text/HB42/id/3246870,https://billstatus.ls.state.ms.us/documents/20251E/html/HB/0001-0099/HB0042IN.htm
2034113,3247690,text,74409,text/html,Engrossed,https://legiscan.com/MS/text/HB42/id/3247690,https://billstatus.ls.state.ms.us/documents/20251E/html/HB/0001-0099/HB0042PS.htm
2034113,3249940,text,74409,text/html,Enrolled,https://legiscan.com/MS/text/HB42/id/3249940,https://billstatus.ls.state.ms.us/documents/20251E/html/HB/0001-0099/HB0042SG.htm
2034178,3246936,text,26432,text/html,Introduced,https://legiscan.com/MS/text/HB43/id/3246936,https://billstatus.ls.state.ms.us/documents/20251E/html/HB/0001-0099/HB0043IN.htm
2034178,3247691,text,26652,text/html,Engrossed,https://legiscan.com/MS/text/HB43/id/3247691,https://billstatus.ls.state.ms.us/documents/20251E/html/HB/0001-0099/HB0043PS.htm
2034178,3250020,text,26652,text/html,Enrolled,https://legiscan.com/MS/text/HB43/id/3250020,https://billstatus.ls.state.ms.us/documents/20251E/html/HB/0001-0099/HB0043SG.htm
2034165,3246923,text,21039,text/html,Introduced,https://legiscan.com/MS/text/HB44/id/3246923,https://billstatus.ls.state.ms.us/documents/20251E/html/HB/0001-0099/HB0044IN.htm
2034165,3247758,text,21266,text/html,Engrossed,https://legiscan.com/MS/text/HB44/id/3247758,https://billstatus.ls.state.ms.us/documents/20251E/html/HB/0001-0099/HB0044PS.htm
2034165,3250031,text,21266,text/html,Enrolled,https://legiscan.com/MS/text/HB44/id/3250031,https://billstatus.ls.state.ms.us/documents/20251E/html/HB/0001-0099/HB0044SG.htm
2034197,3246956,text,35157,text/html,Introduced,https://legiscan.com/MS/text/HB45/id/3246956,https://billstatus.ls.state.ms.us/documents/20251E/html/HB/0001-0099/HB0045IN.htm
2034197,3247677,text,35377,text/html,Engrossed,https://legiscan.com/MS/text/HB45/id/3247677,https://billstatus.ls.state.ms.us/documents/20251E/html/HB/0001-0099/HB0045PS.htm
2034197,3250173,text,35377,text/html,Enrolled,https://legiscan.com/MS/text/HB45/id/3250173,https://billstatus.ls.state.ms.us/documents/20251E/html/HB/0001-0099/HB0045SG.htm
2034152,3246909,text,12687,text/html,Introduced,https://legiscan.com/MS/text/HB46/id/3246909,https://billstatus.ls.state.ms.us/documents/20251E/html/HB/0001-0099/HB0046IN.htm
2034152,3247791,text,12907,text/html,Engrossed,https://legiscan.com/MS/text/HB46/id/3247791,https://billstatus.ls.state.ms.us/documents/20251E/html/HB/0001-0099/HB0046PS.htm
2034152,3248832,text,12907,text/html,Enrolled,https://legiscan.com/MS/text/HB46/id/3248832,https://billstatus.ls.state.ms.us/documents/20251E/html/HB/0001-0099/HB0046SG.htm
2034138,3246895,text,6171,text/html,Introduced,https://legiscan.com/MS/text/HB47/id/3246895,https://billstatus.ls.state.ms.us/documents/20251E/html/HB/0001-0099/HB0047IN.htm
2034138,3248079,text,6391,text/html,Engrossed,https://legiscan.com/MS/text/HB47/id/3248079,https://billstatus.ls.state.ms.us/documents/20251E/html/HB/0001-0099/HB0047PS.htm
2034138,3248850,text,6391,text/html,Enrolled,https://legiscan.com/MS/text/HB47/id/3248850,https://billstatus.ls.state.ms.us/documents/20251E/html/HB/0001-0099/HB0047SG.htm
2034147,3246904,text,2244,text/html,Introduced,https://legiscan.com/MS/text/HB48/id/3246904,https://billstatus.ls.state.ms.us/documents/20251E/html/HB/0001-0099/HB0048IN.htm
2034147,3247801,text,2464,text/html,Engrossed,https://legiscan.com/MS/text/HB48/id/3247801,https://billstatus.ls.state.ms.us/documents/20251E/html/HB/0001-0099/HB0048PS.htm
2034147,3248534,text,2464,text/html,Enrolled,https://legiscan.com/MS/text/HB48/id/3248534,https://billstatus.ls.state.ms.us/documents/20251E/html/HB/0001-0099/HB0048SG.htm
2034191,3246949,text,22199,text/html,Introduced,https://legiscan.com/MS/text/HB49/id/3246949,https://billstatus.ls.state.ms.us/documents/20251E/html/HB/0001-0099/HB0049IN.htm
2034191,3247588,text,22419,text/html,Engrossed,https://legiscan.com/MS/text/HB49/id/3247588,https://billstatus.ls.state.ms.us/documents/20251E/html/HB/0001-0099/HB0049PS.htm
2034191,3248642,text,22419,text/html,Enrolled,https://legiscan.com/MS/text/HB49/id/3248642,https://billstatus.ls.state.ms.us/documents/20251E/html/HB/0001-0099/HB0049SG.htm
2034322,3247368,text,2107,text/html,Introduced,https://legiscan.com/MS/text/HB50/id/3247368,https://billstatus.ls.state.ms.us/documents/20251E/html/HB/0001-0099/HB0050IN.htm
2034322,3247750,text,2327,text/html,Engrossed,https://legiscan.com/MS/text/HB50/id/3247750,https://billstatus.ls.state.ms.us/documents/20251E/html/HB/0001-0099/HB0050PS.htm
2034322,3250045,text,2327,text/html,Enrolled,https://legiscan.com/MS/text/HB50/id/3250045,https://billstatus.ls.state.ms.us/documents/20251E/html/HB/0001-0099/HB0050SG.htm
2034145,3246902,text,6904,text/html,Introduced,https://legiscan.com/MS/text/HR1/id/3246902,https://billstatus.ls.state.ms.us/documents/20251E/html/HR/HR0001IN.htm
2034145,3247537,text,7124,text/html,Engrossed,https://legiscan.com/MS/text/HR1/id/3247537,https://billstatus.ls.state.ms.us/documents/20251E/html/HR/HR0001PS.htm
2034198,3246957,text,5086,text/html,Introduced,https://legiscan.com/MS/text/HR2/id/3246957,https://billstatus.ls.state.ms.us/documents/20251E/html/HR/HR0002IN.htm
2034198,3247268,text,5317,text/html,Engrossed,https://legiscan.com/MS/text/HR2/id/3247268,https://billstatus.ls.state.ms.us/documents/20251E/html/HR/HR0002PS.htm
2034129,3246886,text,4962,text/html,Introduced,https://legiscan.com/MS/text/HR3/id/3246886,https://billstatus.ls.state.ms.us/documents/20251E/html/HR/HR0003IN.htm
2034129,3247526,text,5182,text/html,Engrossed,https://legiscan.com/MS/text/HR3/id/3247526,https://billstatus.ls.state.ms.us/documents/20251E/html/HR/HR0003PS.htm
2034194,3246952,text,48964,text/html,Introduced,https://legiscan.com/MS/text/SB2001/id/3246952,https://billstatus.ls.state.ms.us/documents/20251E/html/SB/2001-2099/SB2001IN.htm
2034194,3247330,text,49185,text/html,Engrossed,https://legiscan.com/MS/text/SB2001/id/3247330,https://billstatus.ls.state.ms.us/documents/20251E/html/SB/2001-2099/SB2001PS.htm
2034194,3248967,text,49184,text/html,Enrolled,https://legiscan.com/MS/text/SB2001/id/3248967,https://billstatus.ls.state.ms.us/documents/20251E/html/SB/2001-2099/SB2001SG.htm
2034104,3246861,text,19886,text/html,Introduced,https://legiscan.com/MS/text/SB2002/id/3246861,https://billstatus.ls.state.ms.us/documents/20251E/html/SB/2001-2099/SB2002IN.htm
2034104,3247150,text,20107,text/html,Engrossed,https://legiscan.com/MS/text/SB2002/id/3247150,https://billstatus.ls.state.ms.us/documents/20251E/html/SB/2001-2099/SB2002PS.htm
2034104,3248839,text,20106,text/html,Enrolled,https://legiscan.com/MS/text/SB2002/id/3248839,https://billstatus.ls.state.ms.us/documents/20251E/html/SB/2001-2099/SB2002SG.htm
2034122,3246879,text,6781,text/html,Introduced,https://legiscan.com/MS/text/SB2003/id/3246879,https://billstatus.ls.state.ms.us/documents/20251E/html/SB/2001-2099/SB2003IN.htm
2034122,3247489,text,7002,text/html,Engrossed,https://legiscan.com/MS/text/SB2003/id/3247489,https://billstatus.ls.state.ms.us/documents/20251E/html/SB/2001-2099/SB2003PS.htm
2034122,3248869,text,7001,text/html,Enrolled,https://legiscan.com/MS/text/SB2003/id/3248869,https://billstatus.ls.state.ms.us/documents/20251E/html/SB/2001-2099/SB2003SG.htm
2034159,3246916,text,11049,text/html,Introduced,https://legiscan.com/MS/text/SB2004/id/3246916,https://billstatus.ls.state.ms.us/documents/20251E/html/SB/2001-2099/SB2004IN.htm
2034159,3247548,text,11270,text/html,Engrossed,https://legiscan.com/MS/text/SB2004/id/3247548,https://billstatus.ls.state.ms.us/documents/20251E/html/SB/2001-2099/SB2004PS.htm
2034159,3249000,text,11269,text/html,Enrolled,https://legiscan.com/MS/text/SB2004/id/3249000,https://billstatus.ls.state.ms.us/documents/20251E/html/SB/2001-2099/SB2004SG.htm
2034148,3246905,text,13772,text/html,Introduced,https://legiscan.com/MS/text/SB2005/id/3246905,https://billstatus.ls.state.ms.us/documents/20251E/html/SB/2001-2099/SB2005IN.htm
2034148,3247532,text,13993,text/html,Engrossed,https://legiscan.com/MS/text/SB2005/id/3247532,https://billstatus.ls.state.ms.us/documents/20251E/html/SB/2001-2099/SB2005PS.htm
2034148,3248809,text,13992,text/html,Enrolled,https://legiscan.com/MS/text/SB2005/id/3248809,https://billstatus.ls.state.ms.us/documents/20251E/html/SB/2001-2099/SB2005SG.htm
2034135,3246892,text,7559,text/html,Introduced,https://legiscan.com/MS/text/SB2006/id/3246892,https://billstatus.ls.state.ms.us/documents/20251E/html/SB/2001-2099/SB2006IN.htm
2034135,3247519,text,7780,text/html,Engrossed,https://legiscan.com/MS/text/SB2006/id/3247519,https://billstatus.ls.state.ms.us/documents/20251E/html/SB/2001-2099/SB2006PS.htm
2034135,3248528,text,7779,text/html,Enrolled,https://legiscan.com/MS/text/SB2006/id/3248528,https://billstatus.ls.state.ms.us/documents/20251E/html/SB/2001-2099/SB2006SG.htm
2034179,3246937,text,14557,text/html,Introduced,https://legiscan.com/MS/text/SB2007/id/3246937,https://billstatus.ls.state.ms.us/documents/20251E/html/SB/2001-2099/SB2007IN.htm
2034179,3247575,text,14778,text/html,Engrossed,https://legiscan.com/MS/text/SB2007/id/3247575,https://billstatus.ls.state.ms.us/documents/20251E/html/SB/2001-2099/SB2007PS.htm
2034179,3248519,text,14777,text/html,Enrolled,https://legiscan.com/MS/text/SB2007/id/3248519,https://billstatus.ls.state.ms.us/documents/20251E/html/SB/2001-2099/SB2007SG.htm
2034144,3246901,text,13810,text/html,Introduced,https://legiscan.com/MS/text/SB2008/id/3246901,https://billstatus.ls.state.ms.us/documents/20251E/html/SB/2001-2099/SB2008IN.htm
2034144,3247527,text,14031,text/html,Engrossed,https://legiscan.com/MS/text/SB2008/id/3247527,https://billstatus.ls.state.ms.us/documents/20251E/html/SB/2001-2099/SB2008PS.htm
2034144,3248725,text,14030,text/html,Enrolled,https://legiscan.com/MS/text/SB2008/id/3248725,https://billstatus.ls.state.ms.us/documents/20251E/html/SB/2001-2099/SB2008SG.htm
2034127,3246884,text,15160,text/html,Introduced,https://legiscan.com/MS/text/SB2009/id/3246884,https://billstatus.ls.state.ms.us/documents/20251E/html/SB/2001-2099/SB2009IN.htm
2034127,3247506,text,15381,text/html,Engrossed,https://legiscan.com/MS/text/SB2009/id/3247506,https://billstatus.ls.state.ms.us/documents/20251E/html/SB/2001-2099/SB2009PS.htm
2034127,3248517,text,15380,text/html,Enrolled,https://legiscan.com/MS/text/SB2009/id/3248517,https://billstatus.ls.state.ms.us/documents/20251E/html/SB/2001-2099/SB2009SG.htm
2034136,3246893,text,11584,text/html,Introduced,https://legiscan.com/MS/text/SB2010/id/3246893,https://billstatus.ls.state.ms.us/documents/20251E/html/SB/2001-2099/SB2010IN.htm
2034136,3247522,text,11805,text/html,Engrossed,https://legiscan.com/MS/text/SB2010/id/3247522,https://billstatus.ls.state.ms.us/documents/20251E/html/SB/2001-2099/SB2010PS.htm
2034136,3248838,text,11703,text/html,Enrolled,https://legiscan.com/MS/text/SB2010/id/3248838,https://billstatus.ls.state.ms.us/documents/20251E/html/SB/2001-2099/SB2010SG.htm
2034124,3246881,text,29048,text/html,Introduced,https://legiscan.com/MS/text/SB2011/id/3246881,https://billstatus.ls.state.ms.us/documents/20251E/html/SB/2001-2099/SB2011IN.htm
2034124,3247152,text,29269,text/html,Engrossed,https://legiscan.com/MS/text/SB2011/id/3247152,https://billstatus.ls.state.ms.us/documents/20251E/html/SB/2001-2099/SB2011PS.htm
2034124,3248647,text,29268,text/html,Enrolled,https://legiscan.com/MS/text/SB2011/id/3248647,https://billstatus.ls.state.ms.us/documents/20251E/html/SB/2001-2099/SB2011SG.htm
2034154,3246911,text,27140,text/html,Introduced,https://legiscan.com/MS/text/SB2012/id/3246911,https://billstatus.ls.state.ms.us/documents/20251E/html/SB/2001-2099/SB2012IN.htm
2034154,3247538,text,27361,text/html,Engrossed,https://legiscan.com/MS/text/SB2012/id/3247538,https://billstatus.ls.state.ms.us/documents/20251E/html/SB/2001-2099/SB2012PS.htm
2034154,3248888,text,26678,text/html,Enrolled,https://legiscan.com/MS/text/SB2012/id/3248888,https://billstatus.ls.state.ms.us/documents/20251E/html/SB/2001-2099/SB2012SG.htm
2034169,3246927,text,6357,text/html,Introduced,https://legiscan.com/MS/text/SB2013/id/3246927,https://billstatus.ls.state.ms.us/documents/20251E/html/SB/2001-2099/SB2013IN.htm
2034169,3247556,text,6578,text/html,Engrossed,https://legiscan.com/MS/text/SB2013/id/3247556,https://billstatus.ls.state.ms.us/documents/20251E/html/SB/2001-2099/SB2013PS.htm
2034169,3248897,text,6577,text/html,Enrolled,https://legiscan.com/MS/text/SB2013/id/3248897,https://billstatus.ls.state.ms.us/documents/20251E/html/SB/2001-2099/SB2013SG.htm
2034118,3246875,text,7059,text/html,Introduced,https://legiscan.com/MS/text/SB2014/id/3246875,https://billstatus.ls.state.ms.us/documents/20251E/html/SB/2001-2099/SB2014IN.htm
2034118,3247502,text,7280,text/html,Engrossed,https://legiscan.com/MS/text/SB2014/id/3247502,https://billstatus.ls.state.ms.us/documents/20251E/html/SB/2001-2099/SB2014PS.htm
2034118,3248886,text,7279,text/html,Enrolled,https://legiscan.com/MS/text/SB2014/id/3248886,https://billstatus.ls.state.ms.us/documents/20251E/html/SB/2001-2099/SB2014SG.htm
2034101,3246858,text,63740,text/html,Introduced,https://legiscan.com/MS/text/SB2015/id/3246858,https://billstatus.ls.state.ms.us/documents/20251E/html/SB/2001-2099/SB2015IN.htm
2034101,3247333,text,63961,text/html,Engrossed,https://legiscan.com/MS/text/SB2015/id/3247333,https://billstatus.ls.state.ms.us/documents/20251E/html/SB/2001-2099/SB2015PS.htm
2034101,3250048,text,65767,text/html,Enrolled,https://legiscan.com/MS/text/SB2015/id/3250048,https://billstatus.ls.state.ms.us/documents/20251E/html/SB/2001-2099/SB2015SG.htm
2034100,3246857,text,48518,text/html,Introduced,https://legiscan.com/MS/text/SB2016/id/3246857,https://billstatus.ls.state.ms.us/documents/20251E/html/SB/2001-2099/SB2016IN.htm
2034100,3247354,text,48739,text/html,Engrossed,https://legiscan.com/MS/text/SB2016/id/3247354,https://billstatus.ls.state.ms.us/documents/20251E/html/SB/2001-2099/SB2016PS.htm
2034100,3248645,text,48738,text/html,Enrolled,https://legiscan.com/MS/text/SB2016/id/3248645,https://billstatus.ls.state.ms.us/documents/20251E/html/SB/2001-2099/SB2016SG.htm
2034188,3246946,text,28355,text/html,Introduced,https://legiscan.com/MS/text/SB2017/id/3246946,https://billstatus.ls.state.ms.us/documents/20251E/html/SB/2001-2099/SB2017IN.htm
2034188,3247581,text,28576,text/html,Engrossed,https://legiscan.com/MS/text/SB2017/id/3247581,https://billstatus.ls.state.ms.us/documents/20251E/html/SB/2001-2099/SB2017PS.htm
2034188,3248687,text,28575,text/html,Enrolled,https://legiscan.com/MS/text/SB2017/id/3248687,https://billstatus.ls.state.ms.us/documents/20251E/html/SB/2001-2099/SB2017SG.htm
2034111,3246868,text,13666,text/html,Introduced,https://legiscan.com/MS/text/SB2018/id/3246868,https://billstatus.ls.state.ms.us/documents/20251E/html/SB/2001-2099/SB2018IN.htm
2034111,3247486,text,13887,text/html,Engrossed,https://legiscan.com/MS/text/SB2018/id/3247486,https://billstatus.ls.state.ms.us/documents/20251E/html/SB/2001-2099/SB2018PS.htm
2034111,3248974,text,13886,text/html,Enrolled,https://legiscan.com/MS/text/SB2018/id/3248974,https://billstatus.ls.state.ms.us/documents/20251E/html/SB/2001-2099/SB2018SG.htm
2034139,3246896,text,13423,text/html,Introduced,https://legiscan.com/MS/text/SB2019/id/3246896,https://billstatus.ls.state.ms.us/documents/20251E/html/SB/2001-2099/SB2019IN.htm
2034139,3247524,text,13644,text/html,Engrossed,https://legiscan.com/MS/text/SB2019/id/3247524,https://billstatus.ls.state.ms.us/documents/20251E/html/SB/2001-2099/SB2019PS.htm
2034139,3248887,text,13643,text/html,Enrolled,https://legiscan.com/MS/text/SB2019/id/3248887,https://billstatus.ls.state.ms.us/documents/20251E/html/SB/2001-2099/SB2019SG.htm
2034098,3246855,text,6284,text/html,Introduced,https://legiscan.com/MS/text/SB2020/id/3246855,https://billstatus.ls.state.ms.us/documents/20251E/html/SB/2001-2099/SB2020IN.htm
2034098,3247153,text,6505,text/html,Engrossed,https://legiscan.com/MS/text/SB2020/id/3247153,https://billstatus.ls.state.ms.us/documents/20251E/html/SB/2001-2099/SB2020PS.htm
2034098,3248516,text,6504,text/html,Enrolled,https://legiscan.com/MS/text/SB2020/id/3248516,https://billstatus.ls.state.ms.us/documents/20251E/html/SB/2001-2099/SB2020SG.htm
2034172,3246930,text,13043,text/html,Introduced,https://legiscan.com/MS/text/SB2021/id/3246930,https://billstatus.ls.state.ms.us/documents/20251E/html/SB/2001-2099/SB2021IN.htm
2034172,3247352,text,13264,text/html,Engrossed,https://legiscan.com/MS/text/SB2021/id/3247352,https://billstatus.ls.state.ms.us/documents/20251E/html/SB/2001-2099/SB2021PS.htm
2034172,3248515,text,13263,text/html,Enrolled,https://legiscan.com/MS/text/SB2021/id/3248515,https://billstatus.ls.state.ms.us/documents/20251E/html/SB/2001-2099/SB2021SG.htm
2034196,3246954,text,14507,text/html,Introduced,https://legiscan.com/MS/text/SB2022/id/3246954,https://billstatus.ls.state.ms.us/documents/20251E/html/SB/2001-2099/SB2022IN.htm
2034196,3247186,text,14728,text/html,Engrossed,https://legiscan.com/MS/text/SB2022/id/3247186,https://billstatus.ls.state.ms.us/documents/20251E/html/SB/2001-2099/SB2022PS.htm
2034196,3248865,text,14727,text/html,Enrolled,https://legiscan.com/MS/text/SB2022/id/3248865,https://billstatus.ls.state.ms.us/documents/20251E/html/SB/2001-2099/SB2022SG.htm
2034114,3246871,text,4639,text/html,Introduced,https://legiscan.com/MS/text/SB2023/id/3246871,https://billstatus.ls.state.ms.us/documents/20251E/html/SB/2001-2099/SB2023IN.htm
2034114,3247273,text,4860,text/html,Engrossed,https://legiscan.com/MS/text/SB2023/id/3247273,https://billstatus.ls.state.ms.us/documents/20251E/html/SB/2001-2099/SB2023PS.htm
2034114,3248635,text,4859,text/html,Enrolled,https://legiscan.com/MS/text/SB2023/id/3248635,https://billstatus.ls.state.ms.us/documents/20251E/html/SB/2001-2099/SB2023SG.htm
2034128,3246885,text,13947,text/html,Introduced,https://legiscan.com/MS/text/SB2024/id/3246885,https://billstatus.ls.state.ms.us/documents/20251E/html/SB/2001-2099/SB2024IN.htm
2034128,3247517,text,14168,text/html,Engrossed,https://legiscan.com/MS/text/SB2024/id/3247517,https://billstatus.ls.state.ms.us/documents/20251E/html/SB/2001-2099/SB2024PS.htm
2034128,3249797,text,14167,text/html,Enrolled,https://legiscan.com/MS/text/SB2024/id/3249797,https://billstatus.ls.state.ms.us/documents/20251E/html/SB/2001-2099/SB2024SG.htm
2034180,3246938,text,20685,text/html,Introduced,https://legiscan.com/MS/text/SB2025/id/3246938,https://billstatus.ls.state.ms.us/documents/20251E/html/SB/2001-2099/SB2025IN.htm
2034180,3247565,text,20906,text/html,Engrossed,https://legiscan.com/MS/text/SB2025/id/3247565,https://billstatus.ls.state.ms.us/documents/20251E/html/SB/2001-2099/SB2025PS.htm
2034180,3249796,text,20905,text/html,Enrolled,https://legiscan.com/MS/text/SB2025/id/3249796,https://billstatus.ls.state.ms.us/documents/20251E/html/SB/2001-2099/SB2025SG.htm
2034134,3246891,text,52774,text/html,Introduced,https://legiscan.com/MS/text/SB2026/id/3246891,https://billstatus.ls.state.ms.us/documents/20251E/html/SB/2001-2099/SB2026IN.htm
2034134,3247509,text,52995,text/html,Engrossed,https://legiscan.com/MS/text/SB2026/id/3247509,https://billstatus.ls.state.ms.us/documents/20251E/html/SB/2001-2099/SB2026PS.htm
2034134,3250054,text,52994,text/html,Enrolled,https://legiscan.com/MS/text/SB2026/id/3250054,https://billstatus.ls.state.ms.us/documents/20251E/html/SB/2001-2099/SB2026SG.htm
2034103,3246860,text,31450,text/html,Introduced,https://legiscan.com/MS/text/SB2027/id/3246860,https://billstatus.ls.state.ms.us/documents/20251E/html/SB/2001-2099/SB2027IN.htm
2034103,3247360,text,31671,text/html,Engrossed,https://legiscan.com/MS/text/SB2027/id/3247360,https://billstatus.ls.state.ms.us/documents/20251E/html/SB/2001-2099/SB2027PS.htm
2034103,3249801,text,31670,text/html,Enrolled,https://legiscan.com/MS/text/SB2027/id/3249801,https://billstatus.ls.state.ms.us/documents/20251E/html/SB/2001-2099/SB2027SG.htm
2034171,3246929,text,43495,text/html,Introduced,https://legiscan.com/MS/text/SB2028/id/3246929,https://billstatus.ls.state.ms.us/documents/20251E/html/SB/2001-2099/SB2028IN.htm
2034171,3247558,text,43716,text/html,Engrossed,https://legiscan.com/MS/text/SB2028/id/3247558,https://billstatus.ls.state.ms.us/documents/20251E/html/SB/2001-2099/SB2028PS.htm
2034171,3249959,text,42896,text/html,Enrolled,https://legiscan.com/MS/text/SB2028/id/3249959,https://billstatus.ls.state.ms.us/documents/20251E/html/SB/2001-2099/SB2028SG.htm
2034181,3246939,text,14196,text/html,Introduced,https://legiscan.com/MS/text/SB2029/id/3246939,https://billstatus.ls.state.ms.us/documents/20251E/html/SB/2001-2099/SB2029IN.htm
2034181,3247570,text,14417,text/html,Engrossed,https://legiscan.com/MS/text/SB2029/id/3247570,https://billstatus.ls.state.ms.us/documents/20251E/html/SB/2001-2099/SB2029PS.htm
2034181,3249937,text,14346,text/html,Enrolled,https://legiscan.com/MS/text/SB2029/id/3249937,https://billstatus.ls.state.ms.us/documents/20251E/html/SB/2001-2099/SB2029SG.htm
2034106,3246863,text,14806,text/html,Introduced,https://legiscan.com/MS/text/SB2030/id/3246863,https://billstatus.ls.state.ms.us/documents/20251E/html/SB/2001-2099/SB2030IN.htm
2034106,3247477,text,15027,text/html,Engrossed,https://legiscan.com/MS/text/SB2030/id/3247477,https://billstatus.ls.state.ms.us/documents/20251E/html/SB/2001-2099/SB2030PS.htm
2034106,3250166,text,15026,text/html,Enrolled,https://legiscan.com/MS/text/SB2030/id/3250166,https://billstatus.ls.state.ms.us/documents/20251E/html/SB/2001-2099/SB2030SG.htm
2034163,3246921,text,19154,text/html,Introduced,https://legiscan.com/MS/text/SB2031/id/3246921,https://billstatus.ls.state.ms.us/documents/20251E/html/SB/2001-2099/SB2031IN.htm
2034163,3247550,text,19375,text/html,Engrossed,https://legiscan.com/MS/text/SB2031/id/3247550,https://billstatus.ls.state.ms.us/documents/20251E/html/SB/2001-2099/SB2031PS.htm
2034163,3248990,text,19374,text/html,Enrolled,https://legiscan.com/MS/text/SB2031/id/3248990,https://billstatus.ls.state.ms.us/documents/20251E/html/SB/2001-2099/SB2031SG.htm
2034192,3246950,text,28210,text/html,Introduced,https://legiscan.com/MS/text/SB2032/id/3246950,https://billstatus.ls.state.ms.us/documents/20251E/html/SB/2001-2099/SB2032IN.htm
2034192,3247583,text,28431,text/html,Engrossed,https://legiscan.com/MS/text/SB2032/id/3247583,https://billstatus.ls.state.ms.us/documents/20251E/html/SB/2001-2099/SB2032PS.htm
2034192,3250062,text,26935,text/html,Enrolled,https://legiscan.com/MS/text/SB2032/id/3250062,https://billstatus.ls.state.ms.us/documents/20251E/html/SB/2001-2099/SB2032SG.htm
2034193,3246951,text,14436,text/html,Introduced,https://legiscan.com/MS/text/SB2033/id/3246951,https://billstatus.ls.state.ms.us/documents/20251E/html/SB/2001-2099/SB2033IN.htm
2034193,3247586,text,14657,text/html,Engrossed,https://legiscan.com/MS/text/SB2033/id/3247586,https://billstatus.ls.state.ms.us/documents/20251E/html/SB/2001-2099/SB2033PS.htm
2034193,3249954,text,14656,text/html,Enrolled,https://legiscan.com/MS/text/SB2033/id/3249954,https://billstatus.ls.state.ms.us/documents/20251E/html/SB/2001-2099/SB2033SG.htm
2034168,3246926,text,13042,text/html,Introduced,https://legiscan.com/MS/text/SB2034/id/3246926,https://billstatus.ls.state.ms.us/documents/20251E/html/SB/2001-2099/SB2034IN.htm
2034168,3247561,text,13263,text/html,Engrossed,https://legiscan.com/MS/text/SB2034/id/3247561,https://billstatus.ls.state.ms.us/documents/20251E/html/SB/2001-2099/SB2034PS.htm
2034168,3249803,text,13262,text/html,Enrolled,https://legiscan.com/MS/text/SB2034/id/3249803,https://billstatus.ls.state.ms.us/documents/20251E/html/SB/2001-2099/SB2034SG.htm
2034123,3246880,text,20799,text/html,Introduced,https://legiscan.com/MS/text/SB2035/id/3246880,https://billstatus.ls.state.ms.us/documents/20251E/html/SB/2001-2099/SB2035IN.htm
2034123,3247500,text,21020,text/html,Engrossed,https://legiscan.com/MS/text/SB2035/id/3247500,https://billstatus.ls.state.ms.us/documents/20251E/html/SB/2001-2099/SB2035PS.htm
2034123,3249931,text,21019,text/html,Enrolled,https://legiscan.com/MS/text/SB2035/id/3249931,https://billstatus.ls.state.ms.us/documents/20251E/html/SB/2001-2099/SB2035SG.htm
2034117,3246874,text,34438,text/html,Introduced,https://legiscan.com/MS/text/SB2036/id/3246874,https://billstatus.ls.state.ms.us/documents/20251E/html/SB/2001-2099/SB2036IN.htm
2034117,3247488,text,34659,text/html,Engrossed,https://legiscan.com/MS/text/SB2036/id/3247488,https://billstatus.ls.state.ms.us/documents/20251E/html/SB/2001-2099/SB2036PS.htm
2034117,3249934,text,34005,text/html,Enrolled,https://legiscan.com/MS/text/SB2036/id/3249934,https://billstatus.ls.state.ms.us/documents/20251E/html/SB/2001-2099/SB2036SG.htm
2034184,3246942,text,24232,text/html,Introduced,https://legiscan.com/MS/text/SB2037/id/3246942,https://billstatus.ls.state.ms.us/documents/20251E/html/SB/2001-2099/SB2037IN.htm
2034184,3247574,text,24453,text/html,Engrossed,https://legiscan.com/MS/text/SB2037/id/3247574,https://billstatus.ls.state.ms.us/documents/20251E/html/SB/2001-2099/SB2037PS.htm
2034184,3248860,text,23775,text/html,Enrolled,https://legiscan.com/MS/text/SB2037/id/3248860,https://billstatus.ls.state.ms.us/documents/20251E/html/SB/2001-2099/SB2037SG.htm
2034130,3246887,text,13634,text/html,Introduced,https://legiscan.com/MS/text/SB2038/id/3246887,https://billstatus.ls.state.ms.us/documents/20251E/html/SB/2001-2099/SB2038IN.htm
2034130,3247512,text,13855,text/html,Engrossed,https://legiscan.com/MS/text/SB2038/id/3247512,https://billstatus.ls.state.ms.us/documents/20251E/html/SB/2001-2099/SB2038PS.htm
2034130,3249800,text,13854,text/html,Enrolled,https://legiscan.com/MS/text/SB2038/id/3249800,https://billstatus.ls.state.ms.us/documents/20251E/html/SB/2001-2099/SB2038SG.htm
2034187,3246945,text,21535,text/html,Introduced,https://legiscan.com/MS/text/SB2039/id/3246945,https://billstatus.ls.state.ms.us/documents/20251E/html/SB/2001-2099/SB2039IN.htm
2034187,3247580,text,21756,text/html,Engrossed,https://legiscan.com/MS/text/SB2039/id/3247580,https://billstatus.ls.state.ms.us/documents/20251E/html/SB/2001-2099/SB2039PS.htm
2034187,3249946,text,21755,text/html,Enrolled,https://legiscan.com/MS/text/SB2039/id/3249946,https://billstatus.ls.state.ms.us/documents/20251E/html/SB/2001-2099/SB2039SG.htm
2034125,3246882,text,17274,text/html,Introduced,https://legiscan.com/MS/text/SB2040/id/3246882,https://billstatus.ls.state.ms.us/documents/20251E/html/SB/2001-2099/SB2040IN.htm
2034125,3247507,text,17495,text/html,Engrossed,https://legiscan.com/MS/text/SB2040/id/3247507,https://billstatus.ls.state.ms.us/documents/20251E/html/SB/2001-2099/SB2040PS.htm
2034125,3250010,text,17494,text/html,Enrolled,https://legiscan.com/MS/text/SB2040/id/3250010,https://billstatus.ls.state.ms.us/documents/20251E/html/SB/2001-2099/SB2040SG.htm
2034153,3246910,text,6163,text/html,Introduced,https://legiscan.com/MS/text/SB2041/id/3246910,https://billstatus.ls.state.ms.us/documents/20251E/html/SB/2001-2099/SB2041IN.htm
2034153,3247544,text,6384,text/html,Engrossed,https://legiscan.com/MS/text/SB2041/id/3247544,https://billstatus.ls.state.ms.us/documents/20251E/html/SB/2001-2099/SB2041PS.htm
2034153,3250161,text,6383,text/html,Enrolled,https://legiscan.com/MS/text/SB2041/id/3250161,https://billstatus.ls.state.ms.us/documents/20251E/html/SB/2001-2099/SB2041SG.htm
2034137,3246894,text,23715,text/html,Introduced,https://legiscan.com/MS/text/SB2042/id/3246894,https://billstatus.ls.state.ms.us/documents/20251E/html/SB/2001-2099/SB2042IN.htm
2034137,3247242,text,23936,text/html,Engrossed,https://legiscan.com/MS/text/SB2042/id/3247242,https://billstatus.ls.state.ms.us/documents/20251E/html/SB/2001-2099/SB2042PS.htm
2034137,3248825,text,23290,text/html,Enrolled,https://legiscan.com/MS/text/SB2042/id/3248825,https://billstatus.ls.state.ms.us/documents/20251E/html/SB/2001-2099/SB2042SG.htm
2034160,3246917,text,13660,text/html,Introduced,https://legiscan.com/MS/text/SB2043/id/3246917,https://billstatus.ls.state.ms.us/documents/20251E/html/SB/2001-2099/SB2043IN.htm
2034160,3247460,text,13881,text/html,Engrossed,https://legiscan.com/MS/text/SB2043/id/3247460,https://billstatus.ls.state.ms.us/documents/20251E/html/SB/2001-2099/SB2043PS.htm
2034160,3250174,text,13880,text/html,Enrolled,https://legiscan.com/MS/text/SB2043/id/3250174,https://billstatus.ls.state.ms.us/documents/20251E/html/SB/2001-2099/SB2043SG.htm
2034185,3246943,text,58078,text/html,Introduced,https://legiscan.com/MS/text/SB2044/id/3246943,https://billstatus.ls.state.ms.us/documents/20251E/html/SB/2001-2099/SB2044IN.htm
2034185,3247571,text,58299,text/html,Engrossed,https://legiscan.com/MS/text/SB2044/id/3247571,https://billstatus.ls.state.ms.us/documents/20251E/html/SB/2001-2099/SB2044PS.htm
2034185,3249914,text,58298,text/html,Enrolled,https://legiscan.com/MS/text/SB2044/id/3249914,https://billstatus.ls.state.ms.us/documents/20251E/html/SB/2001-2099/SB2044SG.htm
2034201,3246962,text,6373,text/html,Introduced,https://legiscan.com/MS/text/SB2045/id/3246962,https://billstatus.ls.state.ms.us/documents/20251E/html/SB/2001-2099/SB2045IN.htm
2034201,3247270,text,6594,text/html,Engrossed,https://legiscan.com/MS/text/SB2045/id/3247270,https://billstatus.ls.state.ms.us/documents/20251E/html/SB/2001-2099/SB2045PS.htm
2034201,3249950,text,6593,text/html,Enrolled,https://legiscan.com/MS/text/SB2045/id/3249950,https://billstatus.ls.state.ms.us/documents/20251E/html/SB/2001-2099/SB2045SG.htm
2034190,3246948,text,38195,text/html,Introduced,https://legiscan.com/MS/text/SB2046/id/3246948,https://billstatus.ls.state.ms.us/documents/20251E/html/SB/2001-2099/SB2046IN.htm
2034190,3247582,text,38416,text/html,Engrossed,https://legiscan.com/MS/text/SB2046/id/3247582,https://billstatus.ls.state.ms.us/documents/20251E/html/SB/2001-2099/SB2046PS.htm
2034190,3250027,text,38429,text/html,Enrolled,https://legiscan.com/MS/text/SB2046/id/3250027,https://billstatus.ls.state.ms.us/documents/20251E/html/SB/2001-2099/SB2046SG.htm
2034132,3246889,text,29458,text/html,Introduced,https://legiscan.com/MS/text/SB2047/id/3246889,https://billstatus.ls.state.ms.us/documents/20251E/html/SB/2001-2099/SB2047IN.htm
2034132,3247158,text,29679,text/html,Engrossed,https://legiscan.com/MS/text/SB2047/id/3247158,https://billstatus.ls.state.ms.us/documents/20251E/html/SB/2001-2099/SB2047PS.htm
2034132,3249799,text,29678,text/html,Enrolled,https://legiscan.com/MS/text/SB2047/id/3249799,https://billstatus.ls.state.ms.us/documents/20251E/html/SB/2001-2099/SB2047SG.htm
2034161,3246918,text,28604,text/html,Introduced,https://legiscan.com/MS/text/SB2048/id/3246918,https://billstatus.ls.state.ms.us/documents/20251E/html/SB/2001-2099/SB2048IN.htm
2034161,3247551,text,28825,text/html,Engrossed,https://legiscan.com/MS/text/SB2048/id/3247551,https://billstatus.ls.state.ms.us/documents/20251E/html/SB/2001-2099/SB2048PS.htm
2034161,3250042,text,28824,text/html,Enrolled,https://legiscan.com/MS/text/SB2048/id/3250042,https://billstatus.ls.state.ms.us/documents/20251E/html/SB/2001-2099/SB2048SG.htm
2034141,3246898,text,23448,text/html,Introduced,https://legiscan.com/MS/text/SB2049/id/3246898,https://billstatus.ls.state.ms.us/documents/20251E/html/SB/2001-2099/SB2049IN.htm
2034141,3247525,text,23669,text/html,Engrossed,https://legiscan.com/MS/text/SB2049/id/3247525,https://billstatus.ls.state.ms.us/documents/20251E/html/SB/2001-2099/SB2049PS.htm
2034141,3249792,text,23668,text/html,Enrolled,https://legiscan.com/MS/text/SB2049/id/3249792,https://billstatus.ls.state.ms.us/documents/20251E/html/SB/2001-2099/SB2049SG.htm
2034143,3246900,text,6085,text/html,Introduced,https://legiscan.com/MS/text/SB2050/id/3246900,https://billstatus.ls.state.ms.us/documents/20251E/html/SB/2001-2099/SB2050IN.htm
2034143,3247535,text,6306,text/html,Engrossed,https://legiscan.com/MS/text/SB2050/id/3247535,https://billstatus.ls.state.ms.us/documents/20251E/html/SB/2001-2099/SB2050PS.htm
2034121,3246878,text,2295,text/html,Introduced,https://legiscan.com/MS/text/SB2051/id/3246878,https://billstatus.ls.state.ms.us/documents/20251E/html/SB/2001-2099/SB2051IN.htm
2034121,3247487,text,2516,text/html,Engrossed,https://legiscan.com/MS/text/SB2051/id/3247487,https://billstatus.ls.state.ms.us/documents/20251E/html/SB/2001-2099/SB2051PS.htm
2034126,3246883,text,6206,text/html,Introduced,https://legiscan.com/MS/text/SB2052/id/3246883,https://billstatus.ls.state.ms.us/documents/20251E/html/SB/2001-2099/SB2052IN.htm
2034126,3247495,text,6427,text/html,Engrossed,https://legiscan.com/MS/text/SB2052/id/3247495,https://billstatus.ls.state.ms.us/documents/20251E/html/SB/2001-2099/SB2052PS.htm
2034199,3246959,text,5094,text/html,Introduced,https://legiscan.com/MS/text/SR1/id/3246959,https://billstatus.ls.state.ms.us/documents/20251E/html/SR/SR0001IN.htm
2034199,3246960,text,5315,text/html,Engrossed,https://legiscan.com/MS/text/SR1/id/3246960,https://billstatus.ls.state.ms.us/documents/20251E/html/SR/SR0001PS.htm
2034116,260617,amendment,3487,text/html,"Senate Amendment No 1",https://legiscan.com/MS/amendment/HB3/id/260617,https://billstatus.ls.state.ms.us/documents/20251E/html/sam/HB0003_S_Amend_01.htm
2034105,260619,amendment,2633,text/html,"Senate Amendment No 1",https://legiscan.com/MS/amendment/HB19/id/260619,https://billstatus.ls.state.ms.us/documents/20251E/html/sam/HB0019_S_Amend_01.htm
2034105,260620,amendment,2399,text/html,"Senate Amendment No 2",https://legiscan.com/MS/amendment/HB19/id/260620,https://billstatus.ls.state.ms.us/documents/20251E/html/sam/HB0019_S_Amend_02.htm
2034177,260290,amendment,2020,text/html,"House Amendment No 1",https://legiscan.com/MS/amendment/HB37/id/260290,https://billstatus.ls.state.ms.us/documents/20251E/html/ham/HB0037_H_Amend_01.htm
2034113,260532,amendment,2896,text/html,"Senate Amendment No 1",https://legiscan.com/MS/amendment/HB42/id/260532,https://billstatus.ls.state.ms.us/documents/20251E/html/sam/HB0042_S_Amend_01.htm
2034184,260291,amendment,1940,text/html,"House Amendment No 1",https://legiscan.com/MS/amendment/SB2037/id/260291,https://billstatus.ls.state.ms.us/documents/20251E/html/ham/SB2037_H_Amend_01.htm
2034137,260299,amendment,1596,text/html,"House Committee Amendment No 1",https://legiscan.com/MS/amendment/SB2042/id/260299,https://billstatus.ls.state.ms.us/documents/20251E/html/ham/SB2042_H_Cmte_Amend_01.htm
2034190,260293,amendment,2073,text/html,"House Amendment No 1",https://legiscan.com/MS/amendment/SB2046/id/260293,https://billstatus.ls.state.ms.us/documents/20251E/html/ham/SB2046_H_Amend_01.htm
2034190,260294,amendment,1997,text/html,"House Amendment No 2",https://legiscan.com/MS/amendment/SB2046/id/260294,https://billstatus.ls.state.ms.us/documents/20251E/html/ham/SB2046_H_Amend_02.htm
2034190,260295,amendment,2074,text/html,"House Amendment No 3",https://legiscan.com/MS/amendment/SB2046/id/260295,https://billstatus.ls.state.ms.us/documents/20251E/html/ham/SB2046_H_Amend_03.htm
2034190,260296,amendment,2048,text/html,"House Amendment No 4",https://legiscan.com/MS/amendment/SB2046/id/260296,https://billstatus.ls.state.ms.us/documents/20251E/html/ham/SB2046_H_Amend_04.htm
2034105,611526,supplement,121588,application/pdf,"Veto Message",https://legiscan.com/MS/supplement/HB19/id/611526,https://billstatus.ls.state.ms.us/documents/20251E/pdf/veto/HB0019.pdf
2034322,611559,supplement,156041,application/pdf,"Veto Message",https://legiscan.com/MS/supplement/HB50/id/611559,https://billstatus.ls.state.ms.us/documents/20251E/pdf/veto/HB0050.pdf
2034185,611551,supplement,109474,application/pdf,"Veto Message",https://legiscan.com/MS/supplement/SB2044/id/611551,https://billstatus.ls.state.ms.us/documents/20251E/pdf/veto/SB2044.pdf
2034190,611570,supplement,109474,application/pdf,"Veto Message",https://legiscan.com/MS/supplement/SB2046/id/611570,https://billstatus.ls.state.ms.us/documents/20251E/pdf/veto/SB2046.pdf
