people_id,name,first_name,middle_name,last_name,suffix,nickname,party_id,party,role_id,role,district,followthemoney_eid,votesmart_id,opensecrets_id,ballotpedia,knowwho_pid,committee_id
5239,"Patrick Connick",Patrick,,Connick,,,2,R,2,Sen,SD-008,6673327,93757,,Patrick_Connick,260726,0
5263,"Kirk Talbot",Kirk,,Talbot,,,2,R,2,Sen,SD-010,6673469,93725,,Kirk_Talbot,260719,0
5278,"Brett Geymann",Brett,F.,Geymann,,,2,R,1,Rep,HD-035,13001006,35640,,Brett_Geymann,220432,0
13075,"Bob Hensgens",Bob,,Hensgens,,,2,R,2,Sen,SD-026,6699505,129992,,Bob_Hensgens,340118,0
13929,"Edward Price",Edward,J.,Price,,Ed,1,D,2,Sen,SD-002,6514138,134641,,Ed_Price,366681,0
17810,"Dodie Horton",Dodie,,Horton,,,2,R,1,Rep,HD-009,32373949,165610,,Dodie_Horton,294629,0
17860,"Tony Bacala",Tony,,Bacala,,,2,R,1,Rep,HD-059,32373990,165556,,Tony_Bacala,551922,0
17881,"Gerald Boudreaux",Gerald,,Boudreaux,,,1,D,2,Sen,SD-024,8304558,165574,,Gerald_Boudreaux,551767,0
17889,"Samuel Jenkins",Samuel,L.,Jenkins,Jr.,Sam,1,D,2,Sen,SD-039,32373941,86816,,Sam_Jenkins,551796,0
17900,"Lawrence Bagley",Lawrence,A.,Bagley,,Larry,2,R,1,Rep,HD-007,32373946,165607,,Lawrence_Bagley,551803,0
17901,"Gary Carter",Gary,M.,Carter,Jr.,Jeff,1,D,2,Sen,SD-007,32374040,165598,,Gary_Carter_Jr.,551985,0
17909,"Denise Marcelle",C.,Denise,Marcelle,,Denise,1,D,1,Rep,HD-061,6514147,111285,,C._Denise_Marcelle,366684,0
19587,"Ken Brass",Ken,,Brass,,,1,D,1,Rep,HD-058,43855244,107210,,Ken_Brass,642502,0
19620,"Nicholas Muscarello",Nicholas,,Muscarello,,,2,R,1,Rep,HD-086,8457942,131860,,Nicholas_Muscarello_Jr.,663033,0
21343,"Mike Johnson",Mike,T.,Johnson,,,2,R,1,Rep,HD-027,28215321,186014,,Mike_Johnson_(Louisiana_House_of_Representatives),697913,0
21508,"Danny McCormick",Danny,,McCormick,,,2,R,1,Rep,HD-001,47942131,186929,,Danny_McCormick,714448,0
21513,"Rodney Schamerhorn",Rodney,,Schamerhorn,,,2,R,1,Rep,HD-024,8671634,165510,,Rodney_Schamerhorn,551823,0
21547,"Bryan Fontenot",Bryan,,Fontenot,,,2,R,1,Rep,HD-055,40425509,186988,,Bryan_Fontenot,714604,0
21551,"Aimee Freeman",Aimee,Adatto,Freeman,,,1,D,1,Rep,HD-098,47942242,187058,,Aimee_Adatto_Freeman,714802,0
21564,"Charles Owen",Charles,,Owen,,Chuck,2,R,1,Rep,HD-030,47942157,186957,,Charles_(Chuck)_Owen,714511,0
21566,"Debbie Villio",Debbie,,Villio,,,2,R,1,Rep,HD-079,47942216,187026,,Debbie_Villio,714753,0
21568,"Gabe Firment",Michael,,Firment,,Gabe,2,R,1,Rep,HD-022,47942149,186949,,Gabe_Firment,714491,0
21569,"John Illg",John,,Illg,Jr.,"Big John",2,R,1,Rep,HD-078,13001099,93721,,John_Illg_Jr.,714748,0
21571,"Kathy Edmonston",Kathy,,Edmonston,,,2,R,1,Rep,HD-088,8609561,169880,,Kathy_Edmonston,640563,0
21574,"Michael Echols",Michael,,Echols,,,2,R,1,Rep,HD-014,13000959,134582,,Michael_Echols,365733,0
21576,"Rhonda Butler",Rhonda,,Butler,,,2,R,1,Rep,HD-038,47942169,186970,,Rhonda_Butler,714568,0
21579,"Vincent St. Blanc",Vincent,J.,"St. Blanc",III,,2,R,1,Rep,HD-050,47942178,186984,,Vincent_St._Blanc_III,714598,0
21586,"Michael Fesi",Michael,A.,Fesi,,"Big Mike",2,R,2,Sen,SD-020,12041369,165570,,Michael_Fesi,551765,0
22926,"Laurie Schlegel",Laurie,,Schlegel,,,2,R,1,Rep,HD-082,52851974,195759,,Laurie_Schlegel,775889,0
24679,"Caleb Kleinpeter",Caleb,Seth,Kleinpeter,,,2,R,2,Sen,SD-017,56384648,211085,,Caleb_Kleinpeter,0,0
25060,"Brian Glorioso",Brian,,Glorioso,,,2,R,1,Rep,HD-090,55514096,0,,Brian_Glorioso,0,0
25061,"Roger Wilder",Roger,,Wilder,III,,2,R,1,Rep,HD-071,59433407,212577,,Roger_Wilder_III,0,0
25076,"Mike Bayham",Michael,,Bayham,,Mike,2,R,1,Rep,HD-103,59433554,35553,,Michael_Bayham,0,0
25077,"Stephanie Berault",Stephanie,Hunter,Berault,,,2,R,1,Rep,HD-076,59433483,212509,,Stephanie_Berault,0,0
25083,"Jason DeWitt",Jason,,DeWitt,,,2,R,1,Rep,HD-025,59359609,212500,,Jason_DeWitt,0,0
25084,"Kellee Dickerson",Kellee,,Dickerson,,,2,R,1,Rep,HD-064,59433383,212552,,Kellee_Hennessy_Dickerson,850436,0
25086,"Peter Egan",Peter,,Egan,,,2,R,1,Rep,HD-074,59433513,212588,,Peter_Egan,0,0
25089,"Dixon McMakin",Dixon,,McMakin,,,2,R,1,Rep,HD-068,59433442,212569,,Dixon_McMakin,0,0
25094,"Joy Walters",Daryl,Joy,Walters,,Joy,1,D,1,Rep,HD-004,59433603,186931,,Daryl_Joy_Walters,0,0
25095,"Jeff Wiley",Jeffrey,,Wiley,,Jeff,2,R,1,Rep,HD-081,59433381,212513,,Jeffrey_Wiley,0,0
25160,"Chance Henry",Chance,,Henry,,,2,R,1,Rep,HD-042,59433410,212506,,Chance_Henry,0,0
26457,"Annie Spell",Annie,,Spell,,,2,R,1,Rep,HD-045,0,221862,,Annie_Spell,0,0
