bill_id,date,chamber,sequence,action
1942320,2025-01-27,Senate,1,Filed
1942320,2025-01-27,Senate,2,"Referred to Appropriations"
1942320,2025-01-27,Senate,3,"On Committee agenda-- Appropriations, 01/27/25, 2:00 pm, 412 Knott Building"
1942320,2025-01-27,Senate,4,"CS by- Appropriations; YEAS 12 NAYS 6"
1942320,2025-01-27,Senate,5,"Pending reference review -under Rule 4.7(2) - (Committee Substitute)"
1942320,2025-01-27,Senate,6,"Placed on Calendar, on 2nd reading"
1942320,2025-01-27,Senate,7,"Placed on Special Order Calendar, 01/28/25"
1942320,2025-01-27,Senate,8,Introduced
1942320,2025-01-27,Senate,9,"CS by Appropriations read 1st time"
1942320,2025-01-28,Senate,10,"Read 2nd time"
1942320,2025-01-28,Senate,11,"Amendment(s) adopted (843850)"
1942320,2025-01-28,Senate,12,"Read 3rd time"
1942320,2025-01-28,Senate,13,"CS passed as amended; YEAS 21 NAYS 16"
1942320,2025-01-28,House,14,"In Messages"
1942320,2025-01-28,House,15,"Substituted for HB 1B"
1942320,2025-01-28,House,16,"1st Reading (Engrossed 1)"
1942320,2025-01-28,House,17,"Read 2nd time"
1942320,2025-01-28,House,18,"Amendment 298613 Failed"
1942320,2025-01-28,House,19,"Placed on 3rd reading"
1942320,2025-01-28,House,20,"Added to Third Reading Calendar"
1942320,2025-01-28,House,21,"Read 3rd time"
1942320,2025-01-28,House,22,"Passed; YEAS 82, NAYS 30"
1942320,2025-02-12,Senate,23,"Ordered enrolled"
1942320,2025-02-20,,24,"Signed by Officers and presented to Governor"
1942320,2025-02-20,,25,"Vetoed by Governor"
1942320,2025-02-27,Senate,26,"Veto Message received"
1942320,2025-02-27,Senate,27,"Veto Message referred to Rules"
1942320,2025-07-17,Senate,28,"Veto Message transmitted to Secretary of State"
1942322,2025-01-27,House,1,Filed
1942322,2025-01-27,House,2,"Referred to Select Committee on Illegal Immigration A"
1942322,2025-01-27,House,3,"Referred to Select Committee on Illegal Immigration B"
1942322,2025-01-27,House,4,"Referred to Select Committee on Illegal Immigration C"
1942322,2025-01-27,House,5,"Now in Select Committee on Illegal Immigration A"
1942322,2025-01-27,House,6,"Added to Select Committee on Illegal Immigration A agenda"
1942322,2025-01-27,House,7,"Added to Select Committee on Illegal Immigration C agenda"
1942322,2025-01-27,House,8,"Added to Select Committee on Illegal Immigration B agenda"
1942322,2025-01-27,House,9,"Favorable by Select Committee on Illegal Immigration A (Amended)"
1942322,2025-01-27,House,10,"Reported out of Select Committee on Illegal Immigration A"
1942322,2025-01-27,House,11,"Now in Select Committee on Illegal Immigration B"
1942322,2025-01-27,House,12,"Favorable by Select Committee on Illegal Immigration B"
1942322,2025-01-27,House,13,"Reported out of Select Committee on Illegal Immigration B"
1942322,2025-01-27,House,14,"Now in Select Committee on Illegal Immigration C"
1942322,2025-01-27,House,15,"Favorable by Select Committee on Illegal Immigration C"
1942322,2025-01-27,House,16,"Reported out of Select Committee on Illegal Immigration C"
1942322,2025-01-27,House,17,"Bill released to House Calendar"
1942322,2025-01-27,House,18,"Bill added to Special Order Calendar (1/28/2025)"
1942322,2025-01-27,House,19,"1st Reading (Original Filed Version)"
1942322,2025-01-28,House,20,"Read 2nd time"
1942322,2025-01-28,House,21,"Amendment 369839 Failed"
1942322,2025-01-28,House,22,"Amendment 054893 Failed"
1942322,2025-01-28,House,23,"Amendment 854375 Failed"
1942322,2025-01-28,House,24,"Amendment 624465 Failed"
1942322,2025-01-28,House,25,"Placed on 3rd reading"
1942322,2025-01-28,House,26,"Added to Third Reading Calendar"
1942322,2025-01-28,House,27,"Substituted SB 2"
1942322,2025-01-28,House,28,"Laid on Table, refer to CS/SB 2-B"
