bill_id,document_id,document_type,document_size,document_mime,document_desc,url,state_link
2052180,3283774,text,60926,application/pdf,Introduced,https://legiscan.com/NM/text/HB1/id/3283774,https://www.nmlegis.gov/Sessions/25%20Special2/bills/house/HB0001.pdf
2052179,3283773,text,61145,application/pdf,Introduced,https://legiscan.com/NM/text/SB1/id/3283773,https://www.nmlegis.gov/Sessions/25%20Special2/bills/senate/SB0001.pdf
2052180,265890,amendment,37339,application/pdf,"House HAFC1 HB1 232683.1 Committee Amendment",https://legiscan.com/NM/amendment/HB1/id/265890,https://www.nmlegis.gov/Sessions/25%20Special2/Committee_Subs_And_Amendments/HB0001AF1%20232683.1%20.pdf
2052179,265889,amendment,27730,application/pdf,"Senate SFC1 SB1 232659.3 Committee Amendment",https://legiscan.com/NM/amendment/SB1/id/265889,https://www.nmlegis.gov/Sessions/25%20Special2/Committee_Subs_And_Amendments/SB0001FC1%20232659.3%20.pdf
2052180,625070,supplement,1220548,application/pdf,"Fiscal Note",https://legiscan.com/NM/supplement/HB1/id/625070,https://www.nmlegis.gov/Sessions/25%20Special2/firs/HB0001.PDF
2052180,625071,supplement,35926,application/pdf,"House Committee Report",https://legiscan.com/NM/supplement/HB1/id/625071,https://www.nmlegis.gov/Sessions/25%20Special2/bills/house/HB0001AF1.pdf
2052179,625068,supplement,1220908,application/pdf,"Fiscal Note",https://legiscan.com/NM/supplement/SB1/id/625068,https://www.nmlegis.gov/Sessions/25%20Special2/firs/SB0001.PDF
2052179,625069,supplement,36514,application/pdf,"Senate Committee Report",https://legiscan.com/NM/supplement/SB1/id/625069,https://www.nmlegis.gov/Sessions/25%20Special2/bills/senate/SB0001FC1.pdf
