bill_id,session_id,bill_number,status,status_desc,status_date,title,description,committee_id,committee,last_action_date,last_action,url,state_link
1964471,2212,H0001,1,Introduced,2025-02-10,Immigration,"Revises provisions related to immigration including voting by noncitizens, valid identification, driver licenses, offenses committed by unauthorized aliens, unauthorized alien defendants, enforcement of federal immigration laws, immigration detainers, suspension from office, transport of unauthorized aliens, and fee waivers.",0,,2025-02-13,"Laid on Table, companion bill(s) passed, see SB 2-C (Ch. 2025-1)",https://legiscan.com/FL/bill/H0001/2025/X3,https://www.flsenate.gov/Session/Bill/2025C/1C
1964472,2212,H0003,1,Introduced,2025-02-10,Immigration,"Revises provisions related to immigration including unauthorized aliens who enter the US without proper inspection, unauthorized aliens who have been denied admission, deported, excluded, or removed from the US, & unauthorized aliens who are convicted of capital offenses.",0,,2025-02-13,"Laid on Table, companion bill(s) passed, see SB 4-C (Ch. 2025-2)",https://legiscan.com/FL/bill/H0003/2025/X3,https://www.flsenate.gov/Session/Bill/2025C/3C
1967969,2212,H8001,1,Introduced,2025-02-11,"Marjory Stoneman Douglas High School Memorial Day","Recognizes February 14, 2025, as ""Marjory Stoneman Douglas High School Memorial Day.""",0,,2025-02-13,"Adopted by Publication",https://legiscan.com/FL/bill/H8001/2025/X3,https://www.flsenate.gov/Session/Bill/2025C/8001C
1964467,2212,H0005,1,Introduced,2025-02-10,"Immigration Guidance and Training Opportunities","Urges Secretary of Homeland Security to provide guidance, training opportunities, & any other directives to ensure cooperation & coordination with 287(g) agreements.",0,,2025-02-13,"Laid on Table, companion bill(s) passed, see SM 6-C (Adopted)",https://legiscan.com/FL/bill/H0005/2025/X3,https://www.flsenate.gov/Session/Bill/2025C/5C
1964469,2212,S0002,4,Passed,2025-02-14,Immigration,"Providing that certain persons who vote in an election are guilty of a felony; prohibiting the Department of Highway Safety and Motor Vehicles from issuing a driver license or identification card to unauthorized aliens and undocumented immigrants; requiring a state attorney to seek to have the court sentence certain persons as dangerous unauthorized alien offenders; creating the State Board of Immigration Enforcement within the Department of Law Enforcement; creating the State Immigration Enforcement Council within the State Board of Immigration Enforcement for a specified purpose; requiring the Attorney General to initiate judicial proceedings in the name of the state in order to enforce compliance with an immigration detainer issued by a federal immigration agency; creating the Unauthorized Alien Transport Program within the Division of Emergency Management within the Executive Office of the Governor for a specified purpose, etc.",0,,2025-02-14,"Chapter No. 2025-1",https://legiscan.com/FL/bill/S0002/2025/X3,https://www.flsenate.gov/Session/Bill/2025C/2C
1964468,2212,S0004,4,Passed,2025-02-14,Immigration,"Providing criminal penalties for adult unauthorized aliens who knowingly enter or attempt to enter this state after entering the United States by eluding or avoiding examination or inspection by immigration officers; providing enhanced criminal penalties for second or subsequent convictions; specifying that such aliens are not eligible for any civil citation or other prearrest or postarrest diversion program; providing criminal penalties for an adult unauthorized alien who, after having been denied admission, excluded, deported, or removed or having departed the United States during the time an order of exclusion, deportation, or removal is outstanding, thereafter enters, attempts to enter, or is at any time found in this state, etc.",0,,2025-02-14,"Chapter No. 2025-2",https://legiscan.com/FL/bill/S0004/2025/X3,https://www.flsenate.gov/Session/Bill/2025C/4C
1964470,2212,S0006,4,Passed,2025-02-13,"Secretary of Homeland Security","Urging the United States Department of Homeland Security to provide guidance and training opportunities for 287(g) agreements, etc.",0,,2025-02-13,"Signed by Officers and filed with Secretary of State",https://legiscan.com/FL/bill/S0006/2025/X3,https://www.flsenate.gov/Session/Bill/2025C/6C
