bill_id,document_id,document_type,document_size,document_mime,document_desc,url,state_link
1964471,3111582,text,396528,application/pdf,Introduced,https://legiscan.com/FL/text/H0001/id/3111582,https://www.flsenate.gov/Session/Bill/2025C/1C/BillText/Filed/PDF
1964472,3111583,text,174125,application/pdf,Introduced,https://legiscan.com/FL/text/H0003/id/3111583,https://www.flsenate.gov/Session/Bill/2025C/3C/BillText/Filed/PDF
1967969,3116730,text,106589,application/pdf,Introduced,https://legiscan.com/FL/text/H8001/id/3116730,https://www.flsenate.gov/Session/Bill/2025C/8001C/BillText/Filed/PDF
1964467,3111578,text,102489,application/pdf,Introduced,https://legiscan.com/FL/text/H0005/id/3111578,https://www.flsenate.gov/Session/Bill/2025C/5C/BillText/Filed/PDF
1964469,3111580,text,105138,text/html,Introduced,https://legiscan.com/FL/text/S0002/id/3111580,https://www.flsenate.gov/Session/Bill/2025C/2C/BillText/Filed/HTML
1964469,3119401,text,105037,text/html,Enrolled,https://legiscan.com/FL/text/S0002/id/3119401,https://www.flsenate.gov/Session/Bill/2025C/2C/BillText/er/HTML
1964468,3111579,text,18415,text/html,Introduced,https://legiscan.com/FL/text/S0004/id/3111579,https://www.flsenate.gov/Session/Bill/2025C/4C/BillText/Filed/HTML
1964468,3118188,text,18314,text/html,Enrolled,https://legiscan.com/FL/text/S0004/id/3118188,https://www.flsenate.gov/Session/Bill/2025C/4C/BillText/er/HTML
1964470,3111581,text,4295,text/html,Introduced,https://legiscan.com/FL/text/S0006/id/3111581,https://www.flsenate.gov/Session/Bill/2025C/6C/BillText/Filed/HTML
1964470,3118147,text,4194,text/html,Enrolled,https://legiscan.com/FL/text/S0006/id/3118147,https://www.flsenate.gov/Session/Bill/2025C/6C/BillText/er/HTML
1964471,227413,amendment,125958,application/pdf,"House Floor Amendment #835207",https://legiscan.com/FL/amendment/H0001/id/227413,https://www.flsenate.gov/Session/Bill/2025C/1/Amendment/835207/PDF
1964471,227414,amendment,125400,application/pdf,"House Floor Amendment #822099",https://legiscan.com/FL/amendment/H0001/id/227414,https://www.flsenate.gov/Session/Bill/2025C/1/Amendment/822099/PDF
1964471,227486,amendment,112855,application/pdf,"House Floor Amendment #891345",https://legiscan.com/FL/amendment/H0001/id/227486,https://www.flsenate.gov/Session/Bill/2025C/1/Amendment/891345/PDF
1964471,227541,amendment,116606,application/pdf,"House Floor Amendment #211887",https://legiscan.com/FL/amendment/H0001/id/227541,https://www.flsenate.gov/Session/Bill/2025C/1/Amendment/211887/PDF
1964471,227542,amendment,120830,application/pdf,"House Floor Amendment #936949",https://legiscan.com/FL/amendment/H0001/id/227542,https://www.flsenate.gov/Session/Bill/2025C/1/Amendment/936949/PDF
1964472,227402,amendment,116665,application/pdf,"House Floor Amendment #461665",https://legiscan.com/FL/amendment/H0003/id/227402,https://www.flsenate.gov/Session/Bill/2025C/3/Amendment/461665/PDF
1964472,227403,amendment,125097,application/pdf,"House Floor Amendment #302143",https://legiscan.com/FL/amendment/H0003/id/227403,https://www.flsenate.gov/Session/Bill/2025C/3/Amendment/302143/PDF
1964472,227477,amendment,116330,application/pdf,"House Floor Amendment #047509",https://legiscan.com/FL/amendment/H0003/id/227477,https://www.flsenate.gov/Session/Bill/2025C/3/Amendment/047509/PDF
1964472,227478,amendment,115705,application/pdf,"House Floor Amendment #512891",https://legiscan.com/FL/amendment/H0003/id/227478,https://www.flsenate.gov/Session/Bill/2025C/3/Amendment/512891/PDF
1964472,227479,amendment,115176,application/pdf,"House Floor Amendment #827071",https://legiscan.com/FL/amendment/H0003/id/227479,https://www.flsenate.gov/Session/Bill/2025C/3/Amendment/827071/PDF
1964472,227588,amendment,158193,application/pdf,"House Floor Amendment #533291",https://legiscan.com/FL/amendment/H0003/id/227588,https://www.flsenate.gov/Session/Bill/2025C/3/Amendment/533291/PDF
1964469,227358,amendment,3635,text/html,"Senate Floor Amendment #885906",https://legiscan.com/FL/amendment/S0002/id/227358,https://www.flsenate.gov/Session/Bill/2025C/2/Amendment/885906/HTML
1964469,227359,amendment,2992,text/html,"Senate Floor Amendment #682278",https://legiscan.com/FL/amendment/S0002/id/227359,https://www.flsenate.gov/Session/Bill/2025C/2/Amendment/682278/HTML
1964469,227360,amendment,2597,text/html,"Senate Floor Amendment #708450",https://legiscan.com/FL/amendment/S0002/id/227360,https://www.flsenate.gov/Session/Bill/2025C/2/Amendment/708450/HTML
1964469,227730,amendment,125994,application/pdf,"House Floor Amendment #115685",https://legiscan.com/FL/amendment/S0002/id/227730,https://www.flsenate.gov/Session/Bill/2025C/2/Amendment/115685/PDF
1964469,227731,amendment,112440,application/pdf,"House Floor Amendment #046705",https://legiscan.com/FL/amendment/S0002/id/227731,https://www.flsenate.gov/Session/Bill/2025C/2/Amendment/046705/PDF
1964469,227732,amendment,116631,application/pdf,"House Floor Amendment #418549",https://legiscan.com/FL/amendment/S0002/id/227732,https://www.flsenate.gov/Session/Bill/2025C/2/Amendment/418549/PDF
1964469,227733,amendment,125549,application/pdf,"House Floor Amendment #233191",https://legiscan.com/FL/amendment/S0002/id/227733,https://www.flsenate.gov/Session/Bill/2025C/2/Amendment/233191/PDF
1964469,227734,amendment,121048,application/pdf,"House Floor Amendment #881101",https://legiscan.com/FL/amendment/S0002/id/227734,https://www.flsenate.gov/Session/Bill/2025C/2/Amendment/881101/PDF
1964468,227620,amendment,116695,application/pdf,"House Floor Amendment #762929",https://legiscan.com/FL/amendment/S0004/id/227620,https://www.flsenate.gov/Session/Bill/2025C/4/Amendment/762929/PDF
1964468,227621,amendment,115743,application/pdf,"House Floor Amendment #378091",https://legiscan.com/FL/amendment/S0004/id/227621,https://www.flsenate.gov/Session/Bill/2025C/4/Amendment/378091/PDF
1964468,227622,amendment,115187,application/pdf,"House Floor Amendment #400427",https://legiscan.com/FL/amendment/S0004/id/227622,https://www.flsenate.gov/Session/Bill/2025C/4/Amendment/400427/PDF
1964468,227769,amendment,116028,application/pdf,"House Floor Amendment #268329",https://legiscan.com/FL/amendment/S0004/id/227769,https://www.flsenate.gov/Session/Bill/2025C/4/Amendment/268329/PDF
1964468,227770,amendment,116064,application/pdf,"House Floor Amendment #716389",https://legiscan.com/FL/amendment/S0004/id/227770,https://www.flsenate.gov/Session/Bill/2025C/4/Amendment/716389/PDF
1964468,227771,amendment,125041,application/pdf,"House Floor Amendment #989967",https://legiscan.com/FL/amendment/S0004/id/227771,https://www.flsenate.gov/Session/Bill/2025C/4/Amendment/989967/PDF
1964468,227772,amendment,118771,application/pdf,"House Floor Amendment #621909",https://legiscan.com/FL/amendment/S0004/id/227772,https://www.flsenate.gov/Session/Bill/2025C/4/Amendment/621909/PDF
1964468,227773,amendment,158277,application/pdf,"House Floor Amendment #086229",https://legiscan.com/FL/amendment/S0004/id/227773,https://www.flsenate.gov/Session/Bill/2025C/4/Amendment/086229/PDF
1964471,511507,supplement,811560,application/pdf,Analysis,https://legiscan.com/FL/supplement/H0001/id/511507,https://www.flsenate.gov/Session/Bill/2025C/1C/Analyses/h0001.BUC.PDF
1964471,514030,supplement,812047,application/pdf,Analysis,https://legiscan.com/FL/supplement/H0001/id/514030,https://www.flsenate.gov/Session/Bill/2025C/1C/Analyses/h0001a.BUC.PDF
1964472,511506,supplement,546172,application/pdf,Analysis,https://legiscan.com/FL/supplement/H0003/id/511506,https://www.flsenate.gov/Session/Bill/2025C/3C/Analyses/h0003.BUC.PDF
1964472,513960,supplement,546152,application/pdf,Analysis,https://legiscan.com/FL/supplement/H0003/id/513960,https://www.flsenate.gov/Session/Bill/2025C/3C/Analyses/h0003a.BUC.PDF
1964467,510933,supplement,436490,application/pdf,Analysis,https://legiscan.com/FL/supplement/H0005/id/510933,https://www.flsenate.gov/Session/Bill/2025C/5C/Analyses/h0005.BUC.PDF
1964467,513912,supplement,437070,application/pdf,Analysis,https://legiscan.com/FL/supplement/H0005/id/513912,https://www.flsenate.gov/Session/Bill/2025C/5C/Analyses/h0005a.BUC.PDF
1964469,511956,supplement,475029,application/pdf,Analysis,https://legiscan.com/FL/supplement/S0002/id/511956,https://www.flsenate.gov/Session/Bill/2025C/2C/Analyses/2025s00002C.pre.ap.PDF
1964469,513806,supplement,475008,application/pdf,Analysis,https://legiscan.com/FL/supplement/S0002/id/513806,https://www.flsenate.gov/Session/Bill/2025C/2C/Analyses/2025s00002C.ap.PDF
1964468,512122,supplement,284353,application/pdf,Analysis,https://legiscan.com/FL/supplement/S0004/id/512122,https://www.flsenate.gov/Session/Bill/2025C/4C/Analyses/2025s00004C.pre.ap.PDF
1964468,513683,supplement,284333,application/pdf,Analysis,https://legiscan.com/FL/supplement/S0004/id/513683,https://www.flsenate.gov/Session/Bill/2025C/4C/Analyses/2025s00004C.ap.PDF
1964470,512295,supplement,180783,application/pdf,Analysis,https://legiscan.com/FL/supplement/S0006/id/512295,https://www.flsenate.gov/Session/Bill/2025C/6C/Analyses/2025s00006C.pre.ap.PDF
1964470,513673,supplement,180680,application/pdf,Analysis,https://legiscan.com/FL/supplement/S0006/id/513673,https://www.flsenate.gov/Session/Bill/2025C/6C/Analyses/2025s00006C.ap.PDF
