bill_id,roll_call_id,date,chamber,description,yea,nay,nv,absent,total
2054591,1609817,2025-11-18,Senate,"Senate - First reading",29,19,0,2,50
2054626,1613556,2026-01-13,House,"House - Third reading",92,0,3,5,100
2054684,1613065,2026-01-12,House,"House - Appeal the ruling of the chair (Hamilton)",66,25,5,4,100
2054684,1613547,2026-01-13,House,"House - Third reading",92,1,3,4,100
2054726,1614516,2026-01-20,House,"House - Third reading",88,2,5,5,100
2054790,1609930,2025-12-02,House,"House - Appeal the ruling of the chair (C Jackson)",64,24,4,8,100
2054790,1609931,2025-12-02,House,"House - Committee report",63,23,5,9,100
2054790,1609980,2025-12-04,House,"House - Amendment #5 (Pierce M) failed",27,66,3,4,100
2054790,1609981,2025-12-04,House,"House - Amendment #1 (Errington) failed",27,67,2,4,100
2054790,1609982,2025-12-04,House,"House - Amendment #3 (Jackson C) failed",30,64,2,4,100
2054790,1609983,2025-12-04,House,"House - Amendment #12 (Gore) failed",29,66,1,4,100
2054790,1609984,2025-12-04,House,"House - Amendment #15 (Shackleford) failed",29,66,1,4,100
2054790,1609985,2025-12-04,House,"House - Amendment #10 (Shackleford) failed",27,67,2,4,100
2054790,1609986,2025-12-04,House,"House - Amendment #13 (Gore) failed",28,66,2,4,100
2054790,1609987,2025-12-04,House,"House - Appeal the ruling of the chair (Smith V)",63,29,4,4,100
2054790,1609988,2025-12-04,House,"House - Amendment #17 (DeLaney) failed",29,65,2,4,100
2054790,1609989,2025-12-04,House,"House - Amendment #18 (DeLaney) failed",29,65,2,4,100
2054790,1609990,2025-12-04,House,"House - Amendment #8 (Porter) failed",29,64,3,4,100
2054790,1609991,2025-12-04,House,"House - Amendment #16 (Porter) failed",28,65,3,4,100
2054790,1609992,2025-12-04,House,"House - Amendment #21 (Porter) failed",29,63,4,4,100
2054790,1609993,2025-12-04,House,"House - Appeal the ruling of the chair (Bartlett)",65,27,4,4,100
2054790,1609994,2025-12-04,House,"House - Amendment #7 (Harris) failed",28,65,3,4,100
2054790,1610098,2025-12-05,House,"House - Motion to postpone indefinitely, failed",28,65,5,2,100
2054790,1610099,2025-12-05,House,"House - Third reading",57,41,0,2,100
2054790,1610405,2025-12-02,Senate,"Senate - Committee report",19,31,0,0,50
2054896,1615707,2026-01-22,House,"House - Third reading",93,0,1,6,100
2055024,1614521,2026-01-20,House,"House - Third reading",90,0,4,6,100
2055045,1614510,2026-01-20,House,"House - Third reading",93,0,2,5,100
2055108,1613554,2026-01-13,House,"House - Third reading",92,0,3,5,100
2055843,1613557,2026-01-13,House,"House - Third reading",92,1,2,5,100
2055903,1614472,2026-01-20,House,"House - Third reading",92,0,1,7,100
2055924,1615974,2026-01-22,House,"House - Third reading",53,42,1,4,100
2056156,1613048,2026-01-12,House,"House - Second reading",93,0,2,5,100
2056216,1613551,2026-01-13,Senate,"Senate - Third reading",49,0,0,0,49
2056266,1612630,2026-01-06,Senate,"Senate - Third reading",49,0,0,1,50
2056273,1613543,2026-01-13,Senate,"Senate - Third reading",37,11,1,0,49
2056318,1613553,2026-01-13,Senate,"Senate - Third reading",49,0,0,0,49
2056335,1614746,2026-01-20,Senate,"Senate - Third reading",46,1,1,1,49
2056346,1616230,2026-01-22,Senate,"Senate - Third reading",45,0,2,2,49
2056378,1614752,2026-01-20,Senate,"Senate - Third reading",46,0,2,1,49
2056382,1612628,2026-01-06,Senate,"Senate - Third reading",49,0,0,1,50
2056428,1612629,2026-01-06,Senate,"Senate - Third reading",49,0,0,1,50
2056443,1614754,2026-01-20,Senate,"Senate - Third reading",38,9,1,1,49
2056456,1616228,2026-01-22,Senate,"Senate - Third reading",45,0,2,2,49
2056460,1612730,2026-01-08,Senate,"Senate - Third reading",48,0,0,2,50
2056475,1613070,2026-01-12,Senate,"Senate - Third reading",48,0,0,1,49
2056576,1616247,2026-01-22,Senate,"Senate - Amendment #3 (Ford J.D.) failed",10,35,2,2,49
2056593,1614574,2026-01-20,Senate,"Senate - Third reading",28,19,1,1,49
2056955,1613051,2026-01-12,House,"House - Second reading",93,0,2,5,100
2056996,1615987,2026-01-22,House,"House - Third reading",77,19,1,3,100
2057052,1613559,2026-01-13,House,"House - Third reading",94,0,2,4,100
2057064,1615973,2026-01-22,House,"House - Third reading",59,35,3,3,100
2057109,1613061,2026-01-12,House,"House - Third reading",94,0,2,4,100
2057639,1616241,2026-01-22,Senate,"Senate - Third reading",44,0,3,2,49
2057726,1613552,2026-01-13,Senate,"Senate - Third reading",44,5,0,0,49
2057734,1616221,2026-01-22,Senate,"Senate - Third reading",45,0,2,2,49
2057790,1616231,2026-01-22,Senate,"Senate - Third reading",43,2,2,2,49
2061428,1616016,2026-01-22,House,"House - Third reading",83,7,4,6,100
2061430,1616233,2026-01-22,Senate,"Senate - Third reading",43,1,3,2,49
2061451,1614431,2026-01-20,House,"House - Third reading",90,0,2,8,100
2061454,1616005,2026-01-22,House,"House - Third reading",87,4,4,5,100
2061455,1615998,2026-01-22,House,"House - Third reading",91,0,6,3,100
2061457,1613542,2026-01-13,Senate,"Senate - Third reading",49,0,0,0,49
2061466,1615971,2026-01-22,House,"House - Third reading",89,0,5,6,100
2061467,1615984,2026-01-22,House,"House - Third reading",88,1,4,7,100
2061479,1614504,2026-01-20,House,"House - Third reading",90,0,3,7,100
2061509,1614518,2026-01-20,House,"House - Third reading",87,1,5,7,100
2061511,1613549,2026-01-13,House,"House - Amendment #2 (Shackleford) failed",30,63,3,4,100
2061517,1614416,2026-01-20,House,"House - Third reading",65,23,5,7,100
2061526,1616229,2026-01-22,Senate,"Senate - Third reading",44,0,3,2,49
2064838,1616239,2026-01-22,Senate,"Senate - Third reading",43,0,4,2,49
2064841,1616238,2026-01-22,Senate,"Senate - Third reading",45,0,2,2,49
2064842,1616226,2026-01-22,Senate,"Senate - Third reading",28,17,2,2,49
2064866,1614663,2026-01-20,Senate,"Senate - Third reading",46,0,2,1,49
2065014,1614520,2026-01-20,House,"House - Amendment #1 (Moseley) prevailed",85,0,8,7,100
2065019,1613071,2026-01-12,House,"House - Second reading",94,0,1,5,100
2065050,1615976,2026-01-22,House,"House - Third reading",95,0,3,2,100
2065065,1613558,2026-01-13,Senate,"Senate - Third reading",49,0,0,0,49
2065069,1614506,2026-01-20,House,"House - Third reading",82,8,2,8,100
2065106,1615972,2026-01-22,House,"House - Third reading",91,0,3,6,100
2065116,1614512,2026-01-20,House,"House - Third reading",85,5,1,9,100
2065129,1614517,2026-01-20,House,"House - Third reading",67,23,2,8,100
2065150,1614523,2026-01-20,House,"House - Third reading",90,0,3,7,100
2065161,1613550,2026-01-13,House,"House - Second reading",86,0,10,4,100
2065181,1615961,2026-01-22,House,"House - Third reading",90,0,3,7,100
2065192,1613049,2026-01-12,House,"House - Second reading",94,0,1,5,100
2065206,1616398,2026-01-22,House,"House - Third reading",92,0,2,6,100
2065514,1615969,2026-01-22,House,"House - Third reading",85,10,3,2,100
2065529,1616395,2026-01-22,House,"House - Third reading",90,0,4,6,100
2065533,1616048,2026-01-22,House,"House - Third reading",89,0,5,6,100
2065552,1614519,2026-01-20,House,"House - Third reading",67,21,4,8,100
2065561,1614171,2026-01-15,Senate,"Senate - Third reading",48,0,0,1,49
2065563,1616223,2026-01-22,House,"House - Third reading",92,0,2,6,100
2066474,1614741,2026-01-20,Senate,"Senate - Third reading",39,8,1,1,49
2066520,1616261,2026-01-22,Senate,"Senate - Third reading",36,9,2,2,49
2066563,1614755,2026-01-20,Senate,"Senate - Amendment #1 (Qaddoura) failed",10,38,0,1,49
2066563,1614756,2026-01-20,Senate,"Senate - Amendment #2 (Qaddoura) failed",12,35,1,1,49
2066563,1614757,2026-01-20,Senate,"Senate - Amendment #3 (Yoder) failed",10,38,0,1,49
2066563,1614758,2026-01-20,Senate,"Senate - Amendment #6 (Yoder) failed",13,35,0,1,49
2066563,1616235,2026-01-22,Senate,"Senate - Third reading",38,8,1,2,49
2066832,1615957,2026-01-22,House,"House - Third reading",71,20,3,6,100
2066928,1616023,2026-01-22,House,"House - Third reading",88,0,6,6,100
2067187,1615970,2026-01-22,House,"House - Third reading",91,0,3,6,100
2067200,1615963,2026-01-22,House,"House - Third reading",71,20,3,6,100
2068318,1615975,2026-01-22,House,"House - Third reading",76,20,2,2,100
2068462,1616222,2026-01-22,Senate,"Senate - Third reading",34,11,2,2,49
2068486,1616234,2026-01-22,Senate,"Senate - Third reading",44,1,2,2,49
2068504,1616240,2026-01-22,Senate,"Senate - Third reading",36,9,2,2,49
2068583,1616225,2026-01-22,Senate,"Senate - Third reading",44,1,2,2,49
2068623,1614590,2026-01-20,Senate,"Senate - Third reading",46,0,2,1,49
2068629,1616220,2026-01-22,Senate,"Senate - Third reading",44,1,2,2,49
2068676,1616227,2026-01-22,Senate,"Senate - Third reading",44,1,2,2,49
2068754,1616236,2026-01-22,Senate,"Senate - Third reading",35,10,2,2,49
2068838,1616237,2026-01-22,Senate,"Senate - Third reading",42,2,3,2,49
2068872,1614598,2026-01-20,Senate,"Senate - Third reading",46,0,2,1,49
