bill_id,document_id,document_type,document_size,document_mime,document_desc,url,state_link
2073005,3308301,text,102131,application/pdf,Introduced,https://legiscan.com/LA/text/HB4/id/3308301,https://www.legis.la.gov/Legis/ViewDocument.aspx?d=1433960
2073178,3308488,text,53424,application/pdf,Introduced,https://legiscan.com/LA/text/HB5/id/3308488,https://www.legis.la.gov/Legis/ViewDocument.aspx?d=1433961
2072657,3307934,text,47116,application/pdf,Introduced,https://legiscan.com/LA/text/HB6/id/3307934,https://www.legis.la.gov/Legis/ViewDocument.aspx?d=1433963
2072829,3308116,text,59342,application/pdf,Introduced,https://legiscan.com/LA/text/HB7/id/3308116,https://www.legis.la.gov/Legis/ViewDocument.aspx?d=1433962
2073782,3310588,text,39259,application/pdf,Introduced,https://legiscan.com/LA/text/HB8/id/3310588,https://www.legis.la.gov/Legis/ViewDocument.aspx?d=1434153
2080765,3317921,text,33738,application/pdf,Introduced,https://legiscan.com/LA/text/HB9/id/3317921,https://www.legis.la.gov/Legis/ViewDocument.aspx?d=1434365
2080969,3318118,text,37386,application/pdf,Introduced,https://legiscan.com/LA/text/HB10/id/3318118,https://www.legis.la.gov/Legis/ViewDocument.aspx?d=1434366
2083908,3321109,text,34390,application/pdf,Introduced,https://legiscan.com/LA/text/HB11/id/3321109,https://www.legis.la.gov/Legis/ViewDocument.aspx?d=1434527
2083950,3321143,text,39486,application/pdf,Introduced,https://legiscan.com/LA/text/HB12/id/3321143,https://www.legis.la.gov/Legis/ViewDocument.aspx?d=1434528
2083860,3321069,text,51843,application/pdf,Introduced,https://legiscan.com/LA/text/HB13/id/3321069,https://www.legis.la.gov/Legis/ViewDocument.aspx?d=1434533
2083994,3321177,text,48041,application/pdf,Introduced,https://legiscan.com/LA/text/HB14/id/3321177,https://www.legis.la.gov/Legis/ViewDocument.aspx?d=1434539
2086970,3324386,text,40170,application/pdf,Introduced,https://legiscan.com/LA/text/HB15/id/3324386,https://www.legis.la.gov/Legis/ViewDocument.aspx?d=1434822
2086677,3324100,text,36976,application/pdf,Introduced,https://legiscan.com/LA/text/HB16/id/3324100,https://www.legis.la.gov/Legis/ViewDocument.aspx?d=1434823
2086603,3324028,text,46722,application/pdf,Introduced,https://legiscan.com/LA/text/HB17/id/3324028,https://www.legis.la.gov/Legis/ViewDocument.aspx?d=1434824
2087269,3324739,text,42317,application/pdf,Introduced,https://legiscan.com/LA/text/HB18/id/3324739,https://www.legis.la.gov/Legis/ViewDocument.aspx?d=1434931
2087051,3324547,text,39265,application/pdf,Introduced,https://legiscan.com/LA/text/HB19/id/3324547,https://www.legis.la.gov/Legis/ViewDocument.aspx?d=1434933
2087194,3324673,text,43700,application/pdf,Introduced,https://legiscan.com/LA/text/HB20/id/3324673,https://www.legis.la.gov/Legis/ViewDocument.aspx?d=1434932
2087231,3324707,text,52388,application/pdf,Introduced,https://legiscan.com/LA/text/HB21/id/3324707,https://www.legis.la.gov/Legis/ViewDocument.aspx?d=1434934
2087121,3324608,text,66015,application/pdf,Introduced,https://legiscan.com/LA/text/HB22/id/3324608,https://www.legis.la.gov/Legis/ViewDocument.aspx?d=1434935
2087414,3324873,text,43190,application/pdf,Introduced,https://legiscan.com/LA/text/HB23/id/3324873,https://www.legis.la.gov/Legis/ViewDocument.aspx?d=1434936
2087342,3324805,text,50838,application/pdf,Introduced,https://legiscan.com/LA/text/HB24/id/3324805,https://www.legis.la.gov/Legis/ViewDocument.aspx?d=1434937
2087156,3324639,text,45475,application/pdf,Introduced,https://legiscan.com/LA/text/HB25/id/3324639,https://www.legis.la.gov/Legis/ViewDocument.aspx?d=1434938
2087947,3325591,text,38263,application/pdf,Introduced,https://legiscan.com/LA/text/HB26/id/3325591,https://www.legis.la.gov/Legis/ViewDocument.aspx?d=1434998
2088041,3325680,text,44115,application/pdf,Introduced,https://legiscan.com/LA/text/HB27/id/3325680,https://www.legis.la.gov/Legis/ViewDocument.aspx?d=1434999
2088641,3326376,text,39703,application/pdf,Introduced,https://legiscan.com/LA/text/HB28/id/3326376,https://www.legis.la.gov/Legis/ViewDocument.aspx?d=1435023
2088221,3325971,text,45143,application/pdf,Introduced,https://legiscan.com/LA/text/HB29/id/3325971,https://www.legis.la.gov/Legis/ViewDocument.aspx?d=1435118
2089321,3327176,text,47052,application/pdf,Introduced,https://legiscan.com/LA/text/HB30/id/3327176,https://www.legis.la.gov/Legis/ViewDocument.aspx?d=1435137
2089758,3327791,text,42323,application/pdf,Introduced,https://legiscan.com/LA/text/HB31/id/3327791,https://www.legis.la.gov/Legis/ViewDocument.aspx?d=1435233
2090047,3328046,text,64033,application/pdf,Introduced,https://legiscan.com/LA/text/HB32/id/3328046,https://www.legis.la.gov/Legis/ViewDocument.aspx?d=1435234
2089870,3327889,text,40575,application/pdf,Introduced,https://legiscan.com/LA/text/HB33/id/3327889,https://www.legis.la.gov/Legis/ViewDocument.aspx?d=1435235
2089989,3327997,text,41451,application/pdf,Introduced,https://legiscan.com/LA/text/HB34/id/3327997,https://www.legis.la.gov/Legis/ViewDocument.aspx?d=1435237
2089931,3327945,text,42503,application/pdf,Introduced,https://legiscan.com/LA/text/HB35/id/3327945,https://www.legis.la.gov/Legis/ViewDocument.aspx?d=1435238
2090694,3328841,text,43446,application/pdf,Introduced,https://legiscan.com/LA/text/HB36/id/3328841,https://www.legis.la.gov/Legis/ViewDocument.aspx?d=1435344
2090171,3328323,text,50228,application/pdf,Introduced,https://legiscan.com/LA/text/HB37/id/3328323,https://www.legis.la.gov/Legis/ViewDocument.aspx?d=1435345
2090606,3328749,text,39790,application/pdf,Introduced,https://legiscan.com/LA/text/HB38/id/3328749,https://www.legis.la.gov/Legis/ViewDocument.aspx?d=1435346
2090343,3328493,text,37507,application/pdf,Introduced,https://legiscan.com/LA/text/HB39/id/3328493,https://www.legis.la.gov/Legis/ViewDocument.aspx?d=1435347
2091592,3330082,text,42115,application/pdf,Introduced,https://legiscan.com/LA/text/HB40/id/3330082,https://www.legis.la.gov/Legis/ViewDocument.aspx?d=1435448
2091904,3330387,text,46622,application/pdf,Introduced,https://legiscan.com/LA/text/HB41/id/3330387,https://www.legis.la.gov/Legis/ViewDocument.aspx?d=1435449
2091852,3330336,text,46076,application/pdf,Introduced,https://legiscan.com/LA/text/HB42/id/3330336,https://www.legis.la.gov/Legis/ViewDocument.aspx?d=1435462
2091644,3330135,text,46456,application/pdf,Introduced,https://legiscan.com/LA/text/HB43/id/3330135,https://www.legis.la.gov/Legis/ViewDocument.aspx?d=1435464
2091799,3330285,text,37639,application/pdf,Introduced,https://legiscan.com/LA/text/HB44/id/3330285,https://www.legis.la.gov/Legis/ViewDocument.aspx?d=1435463
2091934,3330508,text,68136,application/pdf,Introduced,https://legiscan.com/LA/text/HB45/id/3330508,https://www.legis.la.gov/Legis/ViewDocument.aspx?d=1435469
2091980,3330554,text,45364,application/pdf,Introduced,https://legiscan.com/LA/text/HB46/id/3330554,https://www.legis.la.gov/Legis/ViewDocument.aspx?d=1435468
2092411,3330985,text,66862,application/pdf,Introduced,https://legiscan.com/LA/text/HB47/id/3330985,https://www.legis.la.gov/Legis/ViewDocument.aspx?d=1435505
2092342,3330916,text,42137,application/pdf,Introduced,https://legiscan.com/LA/text/HB48/id/3330916,https://www.legis.la.gov/Legis/ViewDocument.aspx?d=1435561
2092462,3331185,text,70816,application/pdf,Introduced,https://legiscan.com/LA/text/HB49/id/3331185,https://www.legis.la.gov/Legis/ViewDocument.aspx?d=1435608
2073092,3308396,text,42327,application/pdf,Introduced,https://legiscan.com/LA/text/SB1/id/3308396,https://www.legis.la.gov/Legis/ViewDocument.aspx?d=1433994
2073263,3308584,text,43956,application/pdf,Introduced,https://legiscan.com/LA/text/SB2/id/3308584,https://www.legis.la.gov/Legis/ViewDocument.aspx?d=1433996
2084635,3321859,text,46655,application/pdf,Introduced,https://legiscan.com/LA/text/SB3/id/3321859,https://www.legis.la.gov/Legis/ViewDocument.aspx?d=1434559
2088215,3325855,text,54976,application/pdf,Introduced,https://legiscan.com/LA/text/SB4/id/3325855,https://www.legis.la.gov/Legis/ViewDocument.aspx?d=1434974
2089121,3326972,text,64565,application/pdf,Introduced,https://legiscan.com/LA/text/SB5/id/3326972,https://www.legis.la.gov/Legis/ViewDocument.aspx?d=1435146
2088934,3326783,text,53279,application/pdf,Introduced,https://legiscan.com/LA/text/SB6/id/3326783,https://www.legis.la.gov/Legis/ViewDocument.aspx?d=1435148
2092366,3330940,text,47003,application/pdf,Introduced,https://legiscan.com/LA/text/SB7/id/3330940,https://www.legis.la.gov/Legis/ViewDocument.aspx?d=1435509
2092245,3330819,text,41021,application/pdf,Introduced,https://legiscan.com/LA/text/SB8/id/3330819,https://www.legis.la.gov/Legis/ViewDocument.aspx?d=1435511
2092146,3330722,text,39887,application/pdf,Introduced,https://legiscan.com/LA/text/SB9/id/3330722,https://www.legis.la.gov/Legis/ViewDocument.aspx?d=1435514
2092173,3330747,text,41594,application/pdf,Introduced,https://legiscan.com/LA/text/SB10/id/3330747,https://www.legis.la.gov/Legis/ViewDocument.aspx?d=1435516
2092075,3330650,text,41585,application/pdf,Introduced,https://legiscan.com/LA/text/SB11/id/3330650,https://www.legis.la.gov/Legis/ViewDocument.aspx?d=1435518
2092294,3330868,text,61035,application/pdf,Introduced,https://legiscan.com/LA/text/SB12/id/3330868,https://www.legis.la.gov/Legis/ViewDocument.aspx?d=1435520
2091956,3330530,text,48054,application/pdf,Introduced,https://legiscan.com/LA/text/SB13/id/3330530,https://www.legis.la.gov/Legis/ViewDocument.aspx?d=1435521
2092121,3330698,text,83979,application/pdf,Introduced,https://legiscan.com/LA/text/SB14/id/3330698,https://www.legis.la.gov/Legis/ViewDocument.aspx?d=1435523
2092317,3330891,text,47259,application/pdf,Introduced,https://legiscan.com/LA/text/SB15/id/3330891,https://www.legis.la.gov/Legis/ViewDocument.aspx?d=1435527
2092198,3330772,text,41389,application/pdf,Introduced,https://legiscan.com/LA/text/SB16/id/3330772,https://www.legis.la.gov/Legis/ViewDocument.aspx?d=1435529
2092388,3330962,text,67528,application/pdf,Introduced,https://legiscan.com/LA/text/SB17/id/3330962,https://www.legis.la.gov/Legis/ViewDocument.aspx?d=1435530
2092098,3330675,text,47320,application/pdf,Introduced,https://legiscan.com/LA/text/SB18/id/3330675,https://www.legis.la.gov/Legis/ViewDocument.aspx?d=1435533
2092268,3330842,text,42954,application/pdf,Introduced,https://legiscan.com/LA/text/SB19/id/3330842,https://www.legis.la.gov/Legis/ViewDocument.aspx?d=1435536
2092221,3330795,text,41598,application/pdf,Introduced,https://legiscan.com/LA/text/SB20/id/3330795,https://www.legis.la.gov/Legis/ViewDocument.aspx?d=1435535
2092419,3331145,text,47866,application/pdf,Introduced,https://legiscan.com/LA/text/SB21/id/3331145,https://www.legis.la.gov/Legis/ViewDocument.aspx?d=1435604
2092547,3331265,text,41522,application/pdf,Introduced,https://legiscan.com/LA/text/SB22/id/3331265,https://www.legis.la.gov/Legis/ViewDocument.aspx?d=1435606
2073005,636625,supplement,58221,application/pdf,Analysis,https://legiscan.com/LA/supplement/HB4/id/636625,https://www.legis.la.gov/Legis/ViewDocument.aspx?d=1433964
2073178,636633,supplement,35245,application/pdf,Analysis,https://legiscan.com/LA/supplement/HB5/id/636633,https://www.legis.la.gov/Legis/ViewDocument.aspx?d=1433965
2072657,636612,supplement,32160,application/pdf,Analysis,https://legiscan.com/LA/supplement/HB6/id/636612,https://www.legis.la.gov/Legis/ViewDocument.aspx?d=1433967
2072829,636615,supplement,34402,application/pdf,Analysis,https://legiscan.com/LA/supplement/HB7/id/636615,https://www.legis.la.gov/Legis/ViewDocument.aspx?d=1433966
2073782,636900,supplement,30581,application/pdf,Analysis,https://legiscan.com/LA/supplement/HB8/id/636900,https://www.legis.la.gov/Legis/ViewDocument.aspx?d=1434154
2080765,637888,supplement,29344,application/pdf,Analysis,https://legiscan.com/LA/supplement/HB9/id/637888,https://www.legis.la.gov/Legis/ViewDocument.aspx?d=1434367
2080969,637900,supplement,29910,application/pdf,Analysis,https://legiscan.com/LA/supplement/HB10/id/637900,https://www.legis.la.gov/Legis/ViewDocument.aspx?d=1434368
2083908,638457,supplement,29787,application/pdf,Analysis,https://legiscan.com/LA/supplement/HB11/id/638457,https://www.legis.la.gov/Legis/ViewDocument.aspx?d=1434529
2083950,638458,supplement,29866,application/pdf,Analysis,https://legiscan.com/LA/supplement/HB12/id/638458,https://www.legis.la.gov/Legis/ViewDocument.aspx?d=1434530
2083860,638456,supplement,33509,application/pdf,Analysis,https://legiscan.com/LA/supplement/HB13/id/638456,https://www.legis.la.gov/Legis/ViewDocument.aspx?d=1434534
2083994,638459,supplement,32657,application/pdf,Analysis,https://legiscan.com/LA/supplement/HB14/id/638459,https://www.legis.la.gov/Legis/ViewDocument.aspx?d=1434540
2086970,639856,supplement,31152,application/pdf,Analysis,https://legiscan.com/LA/supplement/HB15/id/639856,https://www.legis.la.gov/Legis/ViewDocument.aspx?d=1434825
2086677,639821,supplement,24608,application/pdf,Analysis,https://legiscan.com/LA/supplement/HB16/id/639821,https://www.legis.la.gov/Legis/ViewDocument.aspx?d=1434826
2086603,639813,supplement,34806,application/pdf,Analysis,https://legiscan.com/LA/supplement/HB17/id/639813,https://www.legis.la.gov/Legis/ViewDocument.aspx?d=1434827
2087269,640227,supplement,31276,application/pdf,Analysis,https://legiscan.com/LA/supplement/HB18/id/640227,https://www.legis.la.gov/Legis/ViewDocument.aspx?d=1434939
2087051,640204,supplement,31878,application/pdf,Analysis,https://legiscan.com/LA/supplement/HB19/id/640204,https://www.legis.la.gov/Legis/ViewDocument.aspx?d=1434944
2087194,640218,supplement,32313,application/pdf,Analysis,https://legiscan.com/LA/supplement/HB20/id/640218,https://www.legis.la.gov/Legis/ViewDocument.aspx?d=1434942
2087231,640224,supplement,37215,application/pdf,Analysis,https://legiscan.com/LA/supplement/HB21/id/640224,https://www.legis.la.gov/Legis/ViewDocument.aspx?d=1434946
2087121,640211,supplement,40332,application/pdf,Analysis,https://legiscan.com/LA/supplement/HB22/id/640211,https://www.legis.la.gov/Legis/ViewDocument.aspx?d=1434941
2087414,640242,supplement,33367,application/pdf,Analysis,https://legiscan.com/LA/supplement/HB23/id/640242,https://www.legis.la.gov/Legis/ViewDocument.aspx?d=1434943
2087342,640235,supplement,35921,application/pdf,Analysis,https://legiscan.com/LA/supplement/HB24/id/640235,https://www.legis.la.gov/Legis/ViewDocument.aspx?d=1434945
2087156,640213,supplement,33393,application/pdf,Analysis,https://legiscan.com/LA/supplement/HB25/id/640213,https://www.legis.la.gov/Legis/ViewDocument.aspx?d=1434947
2087947,640734,supplement,30094,application/pdf,Analysis,https://legiscan.com/LA/supplement/HB26/id/640734,https://www.legis.la.gov/Legis/ViewDocument.aspx?d=1435000
2088041,640738,supplement,32007,application/pdf,Analysis,https://legiscan.com/LA/supplement/HB27/id/640738,https://www.legis.la.gov/Legis/ViewDocument.aspx?d=1435002
2088641,640994,supplement,31921,application/pdf,Analysis,https://legiscan.com/LA/supplement/HB28/id/640994,https://www.legis.la.gov/Legis/ViewDocument.aspx?d=1435024
2088221,640963,supplement,33549,application/pdf,Analysis,https://legiscan.com/LA/supplement/HB29/id/640963,https://www.legis.la.gov/Legis/ViewDocument.aspx?d=1435119
2089321,641368,supplement,33591,application/pdf,Analysis,https://legiscan.com/LA/supplement/HB30/id/641368,https://www.legis.la.gov/Legis/ViewDocument.aspx?d=1435138
2089758,641709,supplement,32850,application/pdf,Analysis,https://legiscan.com/LA/supplement/HB31/id/641709,https://www.legis.la.gov/Legis/ViewDocument.aspx?d=1435241
2090047,641729,supplement,45023,application/pdf,Analysis,https://legiscan.com/LA/supplement/HB32/id/641729,https://www.legis.la.gov/Legis/ViewDocument.aspx?d=1435240
2089870,641718,supplement,31030,application/pdf,Analysis,https://legiscan.com/LA/supplement/HB33/id/641718,https://www.legis.la.gov/Legis/ViewDocument.aspx?d=1435242
2089989,641723,supplement,32196,application/pdf,Analysis,https://legiscan.com/LA/supplement/HB34/id/641723,https://www.legis.la.gov/Legis/ViewDocument.aspx?d=1435243
2089931,641721,supplement,33015,application/pdf,Analysis,https://legiscan.com/LA/supplement/HB35/id/641721,https://www.legis.la.gov/Legis/ViewDocument.aspx?d=1435244
2090694,642039,supplement,31073,application/pdf,Analysis,https://legiscan.com/LA/supplement/HB36/id/642039,https://www.legis.la.gov/Legis/ViewDocument.aspx?d=1435348
2090171,641998,supplement,30016,application/pdf,Analysis,https://legiscan.com/LA/supplement/HB37/id/641998,https://www.legis.la.gov/Legis/ViewDocument.aspx?d=1435349
2090606,642026,supplement,30804,application/pdf,Analysis,https://legiscan.com/LA/supplement/HB38/id/642026,https://www.legis.la.gov/Legis/ViewDocument.aspx?d=1435350
2090343,642008,supplement,30386,application/pdf,Analysis,https://legiscan.com/LA/supplement/HB39/id/642008,https://www.legis.la.gov/Legis/ViewDocument.aspx?d=1435352
2091592,642774,supplement,32232,application/pdf,Analysis,https://legiscan.com/LA/supplement/HB40/id/642774,https://www.legis.la.gov/Legis/ViewDocument.aspx?d=1435450
2091904,642784,supplement,34483,application/pdf,Analysis,https://legiscan.com/LA/supplement/HB41/id/642784,https://www.legis.la.gov/Legis/ViewDocument.aspx?d=1435451
2091852,642783,supplement,34306,application/pdf,Analysis,https://legiscan.com/LA/supplement/HB42/id/642783,https://www.legis.la.gov/Legis/ViewDocument.aspx?d=1435465
2091644,642777,supplement,31818,application/pdf,Analysis,https://legiscan.com/LA/supplement/HB43/id/642777,https://www.legis.la.gov/Legis/ViewDocument.aspx?d=1435467
2091799,642781,supplement,30147,application/pdf,Analysis,https://legiscan.com/LA/supplement/HB44/id/642781,https://www.legis.la.gov/Legis/ViewDocument.aspx?d=1435466
2091934,643027,supplement,42632,application/pdf,Analysis,https://legiscan.com/LA/supplement/HB45/id/643027,https://www.legis.la.gov/Legis/ViewDocument.aspx?d=1435470
2091980,643029,supplement,33888,application/pdf,Analysis,https://legiscan.com/LA/supplement/HB46/id/643029,https://www.legis.la.gov/Legis/ViewDocument.aspx?d=1435471
2092411,643063,supplement,39899,application/pdf,Analysis,https://legiscan.com/LA/supplement/HB47/id/643063,https://www.legis.la.gov/Legis/ViewDocument.aspx?d=1435506
2092342,643059,supplement,31044,application/pdf,Analysis,https://legiscan.com/LA/supplement/HB48/id/643059,https://www.legis.la.gov/Legis/ViewDocument.aspx?d=1435562
2092462,643329,supplement,38435,application/pdf,Analysis,https://legiscan.com/LA/supplement/HB49/id/643329,https://www.legis.la.gov/Legis/ViewDocument.aspx?d=1435609
2073092,636630,supplement,22402,application/pdf,Analysis,https://legiscan.com/LA/supplement/SB1/id/636630,https://www.legis.la.gov/Legis/ViewDocument.aspx?d=1433995
2073263,636643,supplement,22669,application/pdf,Analysis,https://legiscan.com/LA/supplement/SB2/id/636643,https://www.legis.la.gov/Legis/ViewDocument.aspx?d=1433997
2084635,638595,supplement,23498,application/pdf,Analysis,https://legiscan.com/LA/supplement/SB3/id/638595,https://www.legis.la.gov/Legis/ViewDocument.aspx?d=1434560
2088215,640743,supplement,24321,application/pdf,Analysis,https://legiscan.com/LA/supplement/SB4/id/640743,https://www.legis.la.gov/Legis/ViewDocument.aspx?d=1434975
2089121,641362,supplement,24863,application/pdf,Analysis,https://legiscan.com/LA/supplement/SB5/id/641362,https://www.legis.la.gov/Legis/ViewDocument.aspx?d=1435147
2088934,641355,supplement,24400,application/pdf,Analysis,https://legiscan.com/LA/supplement/SB6/id/641355,https://www.legis.la.gov/Legis/ViewDocument.aspx?d=1435149
2092366,643061,supplement,23427,application/pdf,Analysis,https://legiscan.com/LA/supplement/SB7/id/643061,https://www.legis.la.gov/Legis/ViewDocument.aspx?d=1435510
2092245,643049,supplement,22238,application/pdf,Analysis,https://legiscan.com/LA/supplement/SB8/id/643049,https://www.legis.la.gov/Legis/ViewDocument.aspx?d=1435512
2092146,643044,supplement,22247,application/pdf,Analysis,https://legiscan.com/LA/supplement/SB9/id/643044,https://www.legis.la.gov/Legis/ViewDocument.aspx?d=1435515
2092173,643046,supplement,24807,application/pdf,Analysis,https://legiscan.com/LA/supplement/SB10/id/643046,https://www.legis.la.gov/Legis/ViewDocument.aspx?d=1435517
2092075,643036,supplement,23626,application/pdf,Analysis,https://legiscan.com/LA/supplement/SB11/id/643036,https://www.legis.la.gov/Legis/ViewDocument.aspx?d=1435519
2092294,643055,supplement,22440,application/pdf,Analysis,https://legiscan.com/LA/supplement/SB12/id/643055,https://www.legis.la.gov/Legis/ViewDocument.aspx?d=1435522
2091956,643028,supplement,25142,application/pdf,Analysis,https://legiscan.com/LA/supplement/SB13/id/643028,https://www.legis.la.gov/Legis/ViewDocument.aspx?d=1435524
2092121,643042,supplement,23704,application/pdf,Analysis,https://legiscan.com/LA/supplement/SB14/id/643042,https://www.legis.la.gov/Legis/ViewDocument.aspx?d=1435525
2092317,643058,supplement,23513,application/pdf,Analysis,https://legiscan.com/LA/supplement/SB15/id/643058,https://www.legis.la.gov/Legis/ViewDocument.aspx?d=1435528
2092198,643047,supplement,24868,application/pdf,Analysis,https://legiscan.com/LA/supplement/SB16/id/643047,https://www.legis.la.gov/Legis/ViewDocument.aspx?d=1435531
2092388,643062,supplement,31372,application/pdf,Analysis,https://legiscan.com/LA/supplement/SB17/id/643062,https://www.legis.la.gov/Legis/ViewDocument.aspx?d=1435532
2092098,643041,supplement,22979,application/pdf,Analysis,https://legiscan.com/LA/supplement/SB18/id/643041,https://www.legis.la.gov/Legis/ViewDocument.aspx?d=1435534
2092268,643052,supplement,23307,application/pdf,Analysis,https://legiscan.com/LA/supplement/SB19/id/643052,https://www.legis.la.gov/Legis/ViewDocument.aspx?d=1435537
2092221,643048,supplement,24734,application/pdf,Analysis,https://legiscan.com/LA/supplement/SB20/id/643048,https://www.legis.la.gov/Legis/ViewDocument.aspx?d=1435538
2092419,643322,supplement,25151,application/pdf,Analysis,https://legiscan.com/LA/supplement/SB21/id/643322,https://www.legis.la.gov/Legis/ViewDocument.aspx?d=1435605
2092547,643332,supplement,22159,application/pdf,Analysis,https://legiscan.com/LA/supplement/SB22/id/643332,https://www.legis.la.gov/Legis/ViewDocument.aspx?d=1435607
