bill_id,date,chamber,sequence,action
2072657,2026-01-12,House,1,Prefiled.
2072657,2026-01-12,House,2,"Under the rules, provisionally referred to the Committee on Natural Resources and Environment."
2072657,2026-01-23,House,3,"First appeared in the Interim Calendar on 1/23/2026."
2072829,2026-01-12,House,1,Prefiled.
2072829,2026-01-12,House,2,"Under the rules, provisionally referred to the Committee on Natural Resources and Environment."
2072829,2026-01-23,House,3,"First appeared in the Interim Calendar on 1/23/2026."
2073005,2026-01-12,House,1,Prefiled.
2073005,2026-01-12,House,2,"Under the rules, provisionally referred to the Committee on House and Governmental Affairs."
2073005,2026-01-23,House,3,"First appeared in the Interim Calendar on 1/23/2026."
2073092,2026-01-12,Senate,1,"Prefiled and under the rules provisionally referred to the Committee on Senate and Governmental Affairs."
2073178,2026-01-12,House,1,Prefiled.
2073178,2026-01-12,House,2,"Under the rules, provisionally referred to the Committee on Natural Resources and Environment."
2073178,2026-01-23,House,3,"First appeared in the Interim Calendar on 1/23/2026."
2073263,2026-01-12,Senate,1,"Prefiled and under the rules provisionally referred to the Committee on Transportation, Highways and Public Works."
2073782,2026-01-13,House,1,Prefiled.
2073782,2026-01-13,House,2,"Under the rules, provisionally referred to the Committee on Retirement."
2073782,2026-01-23,House,3,"First appeared in the Interim Calendar on 1/23/2026."
2080765,2026-01-15,House,1,Prefiled.
2080765,2026-01-15,House,2,"Under the rules, provisionally referred to the Committee on Judiciary."
2080969,2026-01-15,House,1,Prefiled.
2080969,2026-01-15,House,2,"Under the rules, provisionally referred to the Committee on Judiciary."
2083860,2026-01-16,House,1,Prefiled.
2083860,2026-01-16,House,2,"Under the rules, provisionally referred to the Committee on Retirement."
2083860,2026-01-23,House,3,"First appeared in the Interim Calendar on 1/23/2026."
2083908,2026-01-16,House,1,Prefiled.
2083908,2026-01-16,House,2,"Under the rules, provisionally referred to the Committee on Judiciary."
2083908,2026-01-23,House,3,"First appeared in the Interim Calendar on 1/23/2026."
2083950,2026-01-16,House,1,Prefiled.
2083950,2026-01-16,House,2,"Under the rules, provisionally referred to the Committee on Appropriations."
2083950,2026-01-23,House,3,"First appeared in the Interim Calendar on 1/23/2026."
2083994,2026-01-16,House,1,Prefiled.
2083994,2026-01-16,House,2,"Under the rules, provisionally referred to the Committee on Retirement."
2083994,2026-01-23,House,3,"First appeared in the Interim Calendar on 1/23/2026."
2084635,2026-01-16,Senate,1,"Prefiled and under the rules provisionally referred to the Committee on Education."
2086603,2026-01-20,House,1,Prefiled.
2086603,2026-01-20,House,2,"Under the rules, provisionally referred to the Committee on Retirement."
2086603,2026-01-23,House,3,"First appeared in the Interim Calendar on 1/23/2026."
2086677,2026-01-20,House,1,Prefiled.
2086677,2026-01-20,House,2,"Under the rules, provisionally referred to the Committee on Judiciary."
2086677,2026-01-23,House,3,"First appeared in the Interim Calendar on 1/23/2026."
2086970,2026-01-20,House,1,"Prefiled. To be introduced at a later date."
2086970,2026-01-23,House,2,"First appeared in the Interim Calendar on 1/23/2026."
2087051,2026-01-20,House,1,Prefiled.
2087051,2026-01-20,House,2,"Under the rules, provisionally referred to the Committee on Retirement."
2087051,2026-01-23,House,3,"First appeared in the Interim Calendar on 1/23/2026."
2087121,2026-01-20,House,1,Prefiled.
2087121,2026-01-20,House,2,"Under the rules, provisionally referred to the Committee on Retirement."
2087121,2026-01-23,House,3,"First appeared in the Interim Calendar on 1/23/2026."
2087156,2026-01-20,House,1,Prefiled.
2087156,2026-01-20,House,2,"Under the rules, provisionally referred to the Committee on Retirement."
2087156,2026-01-23,House,3,"First appeared in the Interim Calendar on 1/23/2026."
2087194,2026-01-20,House,1,"Prefiled. To be introduced at a later date."
2087194,2026-01-23,House,2,"First appeared in the Interim Calendar on 1/23/2026."
2087231,2026-01-20,House,1,"Prefiled. To be introduced at a later date."
2087231,2026-01-23,House,2,"First appeared in the Interim Calendar on 1/23/2026."
2087269,2026-01-20,House,1,Prefiled.
2087269,2026-01-20,House,2,"Under the rules, provisionally referred to the Committee on Retirement."
2087269,2026-01-23,House,3,"First appeared in the Interim Calendar on 1/23/2026."
2087342,2026-01-20,House,1,Prefiled.
2087342,2026-01-20,House,2,"Under the rules, provisionally referred to the Committee on Retirement."
2087342,2026-01-23,House,3,"First appeared in the Interim Calendar on 1/23/2026."
2087414,2026-01-20,House,1,Prefiled.
2087414,2026-01-20,House,2,"Under the rules, provisionally referred to the Committee on Retirement."
2087414,2026-01-23,House,3,"First appeared in the Interim Calendar on 1/23/2026."
2087947,2026-01-21,House,1,Prefiled.
2087947,2026-01-21,House,2,"Under the rules, provisionally referred to the Committee on Retirement."
2088041,2026-01-21,House,1,Prefiled.
2088041,2026-01-21,House,2,"Under the rules, provisionally referred to the Committee on Appropriations."
2088041,2026-01-23,House,3,"First appeared in the Interim Calendar on 1/23/2026."
2088215,2026-01-21,Senate,1,"Prefiled and under the rules provisionally referred to the Committee on Health and Welfare."
2088221,2026-01-21,House,1,Prefiled.
2088221,2026-01-21,House,2,"Under the rules, provisionally referred to the Committee on Judiciary."
2088641,2026-01-21,House,1,Prefiled.
2088641,2026-01-21,House,2,"Under the rules, provisionally referred to the Committee on Education."
2088934,2026-01-21,Senate,1,"Prefiled and under the rules provisionally referred to the Committee on Transportation, Highways and Public Works."
2089121,2026-01-21,Senate,1,"Prefiled and under the rules provisionally referred to the Committee on Health and Welfare."
2089321,2026-01-21,House,1,Prefiled.
2089321,2026-01-21,House,2,"Under the rules, provisionally referred to the Committee on Retirement."
2089321,2026-01-23,House,3,"First appeared in the Interim Calendar on 1/23/2026."
2089758,2026-01-22,House,1,"Prefiled. To be introduced at a later date."
2089758,2026-01-23,House,2,"First appeared in the Interim Calendar on 1/23/2026."
2089870,2026-01-22,House,1,Prefiled.
2089870,2026-01-22,House,2,"Under the rules, provisionally referred to the Committee on Retirement."
2089870,2026-01-23,House,3,"First appeared in the Interim Calendar on 1/23/2026."
2089931,2026-01-22,House,1,Prefiled.
2089931,2026-01-22,House,2,"Under the rules, provisionally referred to the Committee on Retirement."
2089931,2026-01-23,House,3,"First appeared in the Interim Calendar on 1/23/2026."
2089989,2026-01-22,House,1,Prefiled.
2089989,2026-01-22,House,2,"Under the rules, provisionally referred to the Committee on Retirement."
2089989,2026-01-23,House,3,"First appeared in the Interim Calendar on 1/23/2026."
2090047,2026-01-22,House,1,Prefiled.
2090047,2026-01-22,House,2,"Under the rules, provisionally referred to the Committee on Retirement."
2090047,2026-01-23,House,3,"First appeared in the Interim Calendar on 1/23/2026."
2090171,2026-01-22,House,1,Prefiled.
2090171,2026-01-22,House,2,"Under the rules, provisionally referred to the Committee on Civil Law and Procedure."
2090171,2026-01-23,House,3,"First appeared in the Interim Calendar on 1/23/2026."
2090343,2026-01-22,House,1,Prefiled.
2090343,2026-01-22,House,2,"Under the rules, provisionally referred to the Committee on Judiciary."
2090343,2026-01-23,House,3,"First appeared in the Interim Calendar on 1/23/2026."
2090606,2026-01-22,House,1,Prefiled.
2090606,2026-01-22,House,2,"Under the rules, provisionally referred to the Committee on Administration of Criminal Justice."
2090606,2026-01-23,House,3,"First appeared in the Interim Calendar on 1/23/2026."
2090694,2026-01-22,House,1,Prefiled.
2090694,2026-01-22,House,2,"Under the rules, provisionally referred to the Committee on Administration of Criminal Justice."
2090694,2026-01-23,House,3,"First appeared in the Interim Calendar on 1/23/2026."
2091592,2026-01-23,House,1,Prefiled.
2091592,2026-01-23,House,2,"Under the rules, provisionally referred to the Committee on Retirement."
2091644,2026-01-23,House,1,"Prefiled. To be introduced at a later date."
2091799,2026-01-23,House,1,Prefiled.
2091799,2026-01-23,House,2,"Under the rules, provisionally referred to the Committee on Judiciary."
2091852,2026-01-23,House,1,Prefiled.
2091852,2026-01-23,House,2,"Under the rules, provisionally referred to the Committee on Retirement."
2091904,2026-01-23,House,1,Prefiled.
2091904,2026-01-23,House,2,"Under the rules, provisionally referred to the Committee on Retirement."
2091934,2026-01-23,House,1,Prefiled.
2091934,2026-01-23,House,2,"Under the rules, provisionally referred to the Committee on Retirement."
2091956,2026-01-23,Senate,1,"Prefiled and under the rules provisionally referred to the Committee on Retirement."
2091980,2026-01-23,House,1,Prefiled.
2091980,2026-01-23,House,2,"Under the rules, provisionally referred to the Committee on Judiciary."
2092075,2026-01-23,Senate,1,"Prefiled and under the rules provisionally referred to the Committee on Retirement."
2092098,2026-01-23,Senate,1,"Prefiled and under the rules provisionally referred to the Committee on Retirement."
2092121,2026-01-23,Senate,1,"Prefiled and under the rules provisionally referred to the Committee on Retirement."
2092146,2026-01-23,Senate,1,"Prefiled and under the rules provisionally referred to the Committee on Retirement."
2092173,2026-01-23,Senate,1,"Prefiled and under the rules provisionally referred to the Committee on Retirement."
2092198,2026-01-23,Senate,1,"Prefiled and under the rules provisionally referred to the Committee on Retirement."
2092221,2026-01-23,Senate,1,"Prefiled and under the rules provisionally referred to the Committee on Retirement."
2092245,2026-01-23,Senate,1,"Prefiled and under the rules provisionally referred to the Committee on Retirement."
2092268,2026-01-23,Senate,1,"Prefiled and under the rules provisionally referred to the Committee on Retirement."
2092294,2026-01-23,Senate,1,"Prefiled and under the rules provisionally referred to the Committee on Retirement."
2092317,2026-01-23,Senate,1,"Prefiled and under the rules provisionally referred to the Committee on Retirement."
2092342,2026-01-23,House,1,Prefiled.
2092342,2026-01-23,House,2,"Under the rules, provisionally referred to the Committee on Retirement."
2092366,2026-01-23,Senate,1,"Prefiled and under the rules provisionally referred to the Committee on Revenue and Fiscal Affairs."
2092388,2026-01-23,Senate,1,"Prefiled and under the rules provisionally referred to the Committee on Retirement."
2092411,2026-01-23,House,1,Prefiled.
2092411,2026-01-23,House,2,"Under the rules, provisionally referred to the Committee on Retirement."
2092419,2026-01-23,Senate,1,"Prefiled and under the rules provisionally referred to the Committee on Retirement."
2092462,2026-01-23,House,1,Prefiled.
2092462,2026-01-23,House,2,"Under the rules, provisionally referred to the Committee on Retirement."
2092462,2026-01-23,House,3,"First appeared in the Interim Calendar on 1/23/2026."
2092547,2026-01-23,Senate,1,"Prefiled and under the rules provisionally referred to the Committee on Retirement."
