bill_id,document_id,document_type,document_size,document_mime,document_desc,url,state_link
2055019,3286420,text,20319,application/pdf,Introduced,https://legiscan.com/WY/text/HB0002/id/3286420,https://www.wyoleg.gov/2026/Introduced/HB0002.pdf
2054649,3286263,text,27187,application/pdf,Introduced,https://legiscan.com/WY/text/HB0003/id/3286263,https://www.wyoleg.gov/2026/Introduced/HB0003.pdf
2054781,3286320,text,9333,application/pdf,Introduced,https://legiscan.com/WY/text/HB0004/id/3286320,https://www.wyoleg.gov/2026/Introduced/HB0004.pdf
2054593,3286241,text,11687,application/pdf,Introduced,https://legiscan.com/WY/text/HB0005/id/3286241,https://www.wyoleg.gov/2026/Introduced/HB0005.pdf
2054721,3286291,text,16284,application/pdf,Introduced,https://legiscan.com/WY/text/HB0006/id/3286291,https://www.wyoleg.gov/2026/Introduced/HB0006.pdf
2054614,3286247,text,11454,application/pdf,Introduced,https://legiscan.com/WY/text/HB0007/id/3286247,https://www.wyoleg.gov/2026/Introduced/HB0007.pdf
2054960,3286395,text,9923,application/pdf,Introduced,https://legiscan.com/WY/text/HB0008/id/3286395,https://www.wyoleg.gov/2026/Introduced/HB0008.pdf
2054638,3286257,text,22087,application/pdf,Introduced,https://legiscan.com/WY/text/HB0009/id/3286257,https://www.wyoleg.gov/2026/Introduced/HB0009.pdf
2054871,3286352,text,24705,application/pdf,Introduced,https://legiscan.com/WY/text/HB0010/id/3286352,https://www.wyoleg.gov/2026/Introduced/HB0010.pdf
2055204,3286586,text,15575,application/pdf,Introduced,https://legiscan.com/WY/text/HB0011/id/3286586,https://www.wyoleg.gov/2026/Introduced/HB0011.pdf
2057184,3288671,text,31869,application/pdf,Introduced,https://legiscan.com/WY/text/HB0012/id/3288671,https://www.wyoleg.gov/2026/Introduced/HB0012.pdf
2057331,3288941,text,88131,application/pdf,Introduced,https://legiscan.com/WY/text/HB0013/id/3288941,https://www.wyoleg.gov/2026/Introduced/HB0013.pdf
2057381,3288975,text,111141,application/pdf,Introduced,https://legiscan.com/WY/text/HB0014/id/3288975,https://www.wyoleg.gov/2026/Introduced/HB0014.pdf
2058899,3290894,text,125988,application/pdf,Introduced,https://legiscan.com/WY/text/HB0015/id/3290894,https://www.wyoleg.gov/2026/Introduced/HB0015.pdf
2058979,3290949,text,87069,application/pdf,Introduced,https://legiscan.com/WY/text/HB0016/id/3290949,https://www.wyoleg.gov/2026/Introduced/HB0016.pdf
2058941,3290921,text,97601,application/pdf,Introduced,https://legiscan.com/WY/text/HB0017/id/3290921,https://www.wyoleg.gov/2026/Introduced/HB0017.pdf
2059091,3291040,text,90309,application/pdf,Introduced,https://legiscan.com/WY/text/HB0018/id/3291040,https://www.wyoleg.gov/2026/Introduced/HB0018.pdf
2059097,3291044,text,93830,application/pdf,Introduced,https://legiscan.com/WY/text/HB0019/id/3291044,https://www.wyoleg.gov/2026/Introduced/HB0019.pdf
2059104,3291049,text,96640,application/pdf,Introduced,https://legiscan.com/WY/text/HB0020/id/3291049,https://www.wyoleg.gov/2026/Introduced/HB0020.pdf
2059083,3291035,text,85880,application/pdf,Introduced,https://legiscan.com/WY/text/HB0021/id/3291035,https://www.wyoleg.gov/2026/Introduced/HB0021.pdf
2059594,3291597,text,92652,application/pdf,Introduced,https://legiscan.com/WY/text/HB0022/id/3291597,https://www.wyoleg.gov/2026/Introduced/HB0022.pdf
2060488,3292794,text,88444,application/pdf,Introduced,https://legiscan.com/WY/text/HB0023/id/3292794,https://www.wyoleg.gov/2026/Introduced/HB0023.pdf
2060518,3292823,text,93514,application/pdf,Introduced,https://legiscan.com/WY/text/HB0024/id/3292823,https://www.wyoleg.gov/2026/Introduced/HB0024.pdf
2060547,3292851,text,76757,application/pdf,Introduced,https://legiscan.com/WY/text/HB0025/id/3292851,https://www.wyoleg.gov/2026/Introduced/HB0025.pdf
2060454,3292760,text,89497,application/pdf,Introduced,https://legiscan.com/WY/text/HB0026/id/3292760,https://www.wyoleg.gov/2026/Introduced/HB0026.pdf
2060824,3293231,text,89066,application/pdf,Introduced,https://legiscan.com/WY/text/HB0027/id/3293231,https://www.wyoleg.gov/2026/Introduced/HB0027.pdf
2061057,3293627,text,86091,application/pdf,Introduced,https://legiscan.com/WY/text/HB0028/id/3293627,https://www.wyoleg.gov/2026/Introduced/HB0028.pdf
2065588,3299850,text,94156,application/pdf,Introduced,https://legiscan.com/WY/text/HB0029/id/3299850,https://www.wyoleg.gov/2026/Introduced/HB0029.pdf
2065634,3299892,text,87318,application/pdf,Introduced,https://legiscan.com/WY/text/HB0030/id/3299892,https://www.wyoleg.gov/2026/Introduced/HB0030.pdf
2068213,3302817,text,90112,application/pdf,Introduced,https://legiscan.com/WY/text/HB0031/id/3302817,https://www.wyoleg.gov/2026/Introduced/HB0031.pdf
2068140,3302747,text,91485,application/pdf,Introduced,https://legiscan.com/WY/text/HB0032/id/3302747,https://www.wyoleg.gov/2026/Introduced/HB0032.pdf
2070832,3305576,text,102664,application/pdf,Introduced,https://legiscan.com/WY/text/HB0033/id/3305576,https://www.wyoleg.gov/2026/Introduced/HB0033.pdf
2070976,3305706,text,92495,application/pdf,Introduced,https://legiscan.com/WY/text/HB0034/id/3305706,https://www.wyoleg.gov/2026/Introduced/HB0034.pdf
2070945,3305679,text,85120,application/pdf,Introduced,https://legiscan.com/WY/text/HB0035/id/3305679,https://www.wyoleg.gov/2026/Introduced/HB0035.pdf
2070919,3305655,text,83911,application/pdf,Introduced,https://legiscan.com/WY/text/HB0036/id/3305655,https://www.wyoleg.gov/2026/Introduced/HB0036.pdf
2071787,3306627,text,132090,application/pdf,Introduced,https://legiscan.com/WY/text/HB0037/id/3306627,https://www.wyoleg.gov/2026/Introduced/HB0037.pdf
2071515,3306363,text,86416,application/pdf,Introduced,https://legiscan.com/WY/text/HB0038/id/3306363,https://www.wyoleg.gov/2026/Introduced/HB0038.pdf
2071648,3306493,text,91702,application/pdf,Introduced,https://legiscan.com/WY/text/HB0039/id/3306493,https://www.wyoleg.gov/2026/Introduced/HB0039.pdf
2072130,3307023,text,83496,application/pdf,Introduced,https://legiscan.com/WY/text/HB0040/id/3307023,https://www.wyoleg.gov/2026/Introduced/HB0040.pdf
2073929,3310736,text,86505,application/pdf,Introduced,https://legiscan.com/WY/text/HB0041/id/3310736,https://www.wyoleg.gov/2026/Introduced/HB0041.pdf
2073637,3310439,text,90678,application/pdf,Introduced,https://legiscan.com/WY/text/HB0042/id/3310439,https://www.wyoleg.gov/2026/Introduced/HB0042.pdf
2073971,3310973,text,97889,application/pdf,Introduced,https://legiscan.com/WY/text/HB0043/id/3310973,https://www.wyoleg.gov/2026/Introduced/HB0043.pdf
2073930,3310932,text,90353,application/pdf,Introduced,https://legiscan.com/WY/text/HB0044/id/3310932,https://www.wyoleg.gov/2026/Introduced/HB0044.pdf
2081231,3318365,text,87931,application/pdf,Introduced,https://legiscan.com/WY/text/HB0045/id/3318365,https://www.wyoleg.gov/2026/Introduced/HB0045.pdf
2080564,3317731,text,95443,application/pdf,Introduced,https://legiscan.com/WY/text/HB0046/id/3317731,https://www.wyoleg.gov/2026/Introduced/HB0046.pdf
2082583,3319837,text,89354,application/pdf,Introduced,https://legiscan.com/WY/text/HB0047/id/3319837,https://www.wyoleg.gov/2026/Introduced/HB0047.pdf
2087222,3324699,text,98376,application/pdf,Introduced,https://legiscan.com/WY/text/HB0048/id/3324699,https://www.wyoleg.gov/2026/Introduced/HB0048.pdf
2087279,3324748,text,87449,application/pdf,Introduced,https://legiscan.com/WY/text/HB0049/id/3324748,https://www.wyoleg.gov/2026/Introduced/HB0049.pdf
2087451,3324905,text,95140,application/pdf,Introduced,https://legiscan.com/WY/text/HB0050/id/3324905,https://www.wyoleg.gov/2026/Introduced/HB0050.pdf
2087162,3324645,text,86709,application/pdf,Introduced,https://legiscan.com/WY/text/HB0051/id/3324645,https://www.wyoleg.gov/2026/Introduced/HB0051.pdf
2087394,3324854,text,133653,application/pdf,Introduced,https://legiscan.com/WY/text/HB0052/id/3324854,https://www.wyoleg.gov/2026/Introduced/HB0052.pdf
2087104,3324592,text,107532,application/pdf,Introduced,https://legiscan.com/WY/text/HB0053/id/3324592,https://www.wyoleg.gov/2026/Introduced/HB0053.pdf
2087336,3324799,text,103003,application/pdf,Introduced,https://legiscan.com/WY/text/HB0054/id/3324799,https://www.wyoleg.gov/2026/Introduced/HB0054.pdf
2088569,3326308,text,137666,application/pdf,Introduced,https://legiscan.com/WY/text/HB0055/id/3326308,https://www.wyoleg.gov/2026/Introduced/HB0055.pdf
2090923,3329159,text,90644,application/pdf,Introduced,https://legiscan.com/WY/text/HB0056/id/3329159,https://www.wyoleg.gov/2026/Introduced/HB0056.pdf
2091061,3329266,text,121743,application/pdf,Introduced,https://legiscan.com/WY/text/HB0057/id/3329266,https://www.wyoleg.gov/2026/Introduced/HB0057.pdf
2092678,3331375,text,108583,application/pdf,Introduced,https://legiscan.com/WY/text/HB0058/id/3331375,https://www.wyoleg.gov/2026/Introduced/HB0058.pdf
2054751,3286304,text,15321,application/pdf,Introduced,https://legiscan.com/WY/text/HJ0001/id/3286304,https://www.wyoleg.gov/2026/Introduced/HJ0001.pdf
2057408,3288989,text,98664,application/pdf,Introduced,https://legiscan.com/WY/text/HJ0002/id/3288989,https://www.wyoleg.gov/2026/Introduced/HJ0002.pdf
2064964,3299199,text,88335,application/pdf,Introduced,https://legiscan.com/WY/text/HJ0003/id/3299199,https://www.wyoleg.gov/2026/Introduced/HJ0003.pdf
2080900,3318053,text,92513,application/pdf,Introduced,https://legiscan.com/WY/text/HJ0004/id/3318053,https://www.wyoleg.gov/2026/Introduced/HJ0004.pdf
2070891,3305631,text,106619,application/pdf,Introduced,https://legiscan.com/WY/text/SF0002/id/3305631,https://www.wyoleg.gov/2026/Introduced/SF0002.pdf
2054627,3286251,text,18865,application/pdf,Introduced,https://legiscan.com/WY/text/SF0003/id/3286251,https://www.wyoleg.gov/2026/Introduced/SF0003.pdf
2055049,3286429,text,11776,application/pdf,Introduced,https://legiscan.com/WY/text/SF0004/id/3286429,https://www.wyoleg.gov/2026/Introduced/SF0004.pdf
2054841,3286339,text,12848,application/pdf,Introduced,https://legiscan.com/WY/text/SF0005/id/3286339,https://www.wyoleg.gov/2026/Introduced/SF0005.pdf
2054660,3286266,text,15190,application/pdf,Introduced,https://legiscan.com/WY/text/SF0006/id/3286266,https://www.wyoleg.gov/2026/Introduced/SF0006.pdf
2054628,3286252,text,12185,application/pdf,Introduced,https://legiscan.com/WY/text/SF0007/id/3286252,https://www.wyoleg.gov/2026/Introduced/SF0007.pdf
2054900,3286367,text,10803,application/pdf,Introduced,https://legiscan.com/WY/text/SF0008/id/3286367,https://www.wyoleg.gov/2026/Introduced/SF0008.pdf
2055079,3286438,text,12623,application/pdf,Introduced,https://legiscan.com/WY/text/SF0009/id/3286438,https://www.wyoleg.gov/2026/Introduced/SF0009.pdf
2054692,3286279,text,11277,application/pdf,Introduced,https://legiscan.com/WY/text/SF0010/id/3286279,https://www.wyoleg.gov/2026/Introduced/SF0010.pdf
2054989,3286405,text,17446,application/pdf,Introduced,https://legiscan.com/WY/text/SF0011/id/3286405,https://www.wyoleg.gov/2026/Introduced/SF0011.pdf
2054811,3286330,text,15988,application/pdf,Introduced,https://legiscan.com/WY/text/SF0012/id/3286330,https://www.wyoleg.gov/2026/Introduced/SF0012.pdf
2054664,3286269,text,14759,application/pdf,Introduced,https://legiscan.com/WY/text/SF0013/id/3286269,https://www.wyoleg.gov/2026/Introduced/SF0013.pdf
2056024,3287017,text,11900,application/pdf,Introduced,https://legiscan.com/WY/text/SF0014/id/3287017,https://www.wyoleg.gov/2026/Introduced/SF0014.pdf
2056619,3288131,text,10505,application/pdf,Introduced,https://legiscan.com/WY/text/SF0015/id/3288131,https://www.wyoleg.gov/2026/Introduced/SF0015.pdf
2056574,3288096,text,13992,application/pdf,Introduced,https://legiscan.com/WY/text/SF0016/id/3288096,https://www.wyoleg.gov/2026/Introduced/SF0016.pdf
2056768,3288271,text,14476,application/pdf,Introduced,https://legiscan.com/WY/text/SF0017/id/3288271,https://www.wyoleg.gov/2026/Introduced/SF0017.pdf
2057298,3288914,text,99947,application/pdf,Introduced,https://legiscan.com/WY/text/SF0018/id/3288914,https://www.wyoleg.gov/2026/Introduced/SF0018.pdf
2057355,3288957,text,119932,application/pdf,Introduced,https://legiscan.com/WY/text/SF0019/id/3288957,https://www.wyoleg.gov/2026/Introduced/SF0019.pdf
2058546,3290401,text,109287,application/pdf,Introduced,https://legiscan.com/WY/text/SF0020/id/3290401,https://www.wyoleg.gov/2026/Introduced/SF0020.pdf
2058563,3290413,text,94129,application/pdf,Introduced,https://legiscan.com/WY/text/SF0021/id/3290413,https://www.wyoleg.gov/2026/Introduced/SF0021.pdf
2058527,3290387,text,170003,application/pdf,Introduced,https://legiscan.com/WY/text/SF0022/id/3290387,https://www.wyoleg.gov/2026/Introduced/SF0022.pdf
2059264,3291207,text,90791,application/pdf,Introduced,https://legiscan.com/WY/text/SF0023/id/3291207,https://www.wyoleg.gov/2026/Introduced/SF0023.pdf
2061078,3293647,text,85823,application/pdf,Introduced,https://legiscan.com/WY/text/SF0024/id/3293647,https://www.wyoleg.gov/2026/Introduced/SF0024.pdf
2061088,3293655,text,85296,application/pdf,Introduced,https://legiscan.com/WY/text/SF0025/id/3293655,https://www.wyoleg.gov/2026/Introduced/SF0025.pdf
2061068,3293638,text,88965,application/pdf,Introduced,https://legiscan.com/WY/text/SF0026/id/3293638,https://www.wyoleg.gov/2026/Introduced/SF0026.pdf
2061047,3293619,text,88199,application/pdf,Introduced,https://legiscan.com/WY/text/SF0027/id/3293619,https://www.wyoleg.gov/2026/Introduced/SF0027.pdf
2064807,3298870,text,108479,application/pdf,Introduced,https://legiscan.com/WY/text/SF0028/id/3298870,https://www.wyoleg.gov/2026/Introduced/SF0028.pdf
2064806,3298869,text,83901,application/pdf,Introduced,https://legiscan.com/WY/text/SF0029/id/3298869,https://www.wyoleg.gov/2026/Introduced/SF0029.pdf
2064809,3298872,text,102074,application/pdf,Introduced,https://legiscan.com/WY/text/SF0030/id/3298872,https://www.wyoleg.gov/2026/Introduced/SF0030.pdf
2064804,3298867,text,112733,application/pdf,Introduced,https://legiscan.com/WY/text/SF0031/id/3298867,https://www.wyoleg.gov/2026/Introduced/SF0031.pdf
2064811,3298874,text,92305,application/pdf,Introduced,https://legiscan.com/WY/text/SF0032/id/3298874,https://www.wyoleg.gov/2026/Introduced/SF0032.pdf
2064810,3298873,text,86753,application/pdf,Introduced,https://legiscan.com/WY/text/SF0033/id/3298873,https://www.wyoleg.gov/2026/Introduced/SF0033.pdf
2064924,3299159,text,94112,application/pdf,Introduced,https://legiscan.com/WY/text/SF0034/id/3299159,https://www.wyoleg.gov/2026/Introduced/SF0034.pdf
2065655,3299912,text,87115,application/pdf,Introduced,https://legiscan.com/WY/text/SF0035/id/3299912,https://www.wyoleg.gov/2026/Introduced/SF0035.pdf
2065678,3299933,text,155182,application/pdf,Introduced,https://legiscan.com/WY/text/SF0036/id/3299933,https://www.wyoleg.gov/2026/Introduced/SF0036.pdf
2066807,3301339,text,103679,application/pdf,Introduced,https://legiscan.com/WY/text/SF0037/id/3301339,https://www.wyoleg.gov/2026/Introduced/SF0037.pdf
2068288,3302890,text,85663,application/pdf,Introduced,https://legiscan.com/WY/text/SF0038/id/3302890,https://www.wyoleg.gov/2026/Introduced/SF0038.pdf
2068066,3302675,text,78104,application/pdf,Introduced,https://legiscan.com/WY/text/SF0039/id/3302675,https://www.wyoleg.gov/2026/Introduced/SF0039.pdf
2070862,3305603,text,100925,application/pdf,Introduced,https://legiscan.com/WY/text/SF0040/id/3305603,https://www.wyoleg.gov/2026/Introduced/SF0040.pdf
2072348,3307231,text,93848,application/pdf,Introduced,https://legiscan.com/WY/text/SF0041/id/3307231,https://www.wyoleg.gov/2026/Introduced/SF0041.pdf
2072567,3307836,text,100298,application/pdf,Introduced,https://legiscan.com/WY/text/SF0042/id/3307836,https://www.wyoleg.gov/2026/Introduced/SF0042.pdf
2073951,3310953,text,77180,application/pdf,Introduced,https://legiscan.com/WY/text/SF0043/id/3310953,https://www.wyoleg.gov/2026/Introduced/SF0043.pdf
2074032,3311034,text,91124,application/pdf,Introduced,https://legiscan.com/WY/text/SF0044/id/3311034,https://www.wyoleg.gov/2026/Introduced/SF0044.pdf
2073991,3310994,text,132290,application/pdf,Introduced,https://legiscan.com/WY/text/SF0045/id/3310994,https://www.wyoleg.gov/2026/Introduced/SF0045.pdf
2074011,3311014,text,90576,application/pdf,Introduced,https://legiscan.com/WY/text/SF0046/id/3311014,https://www.wyoleg.gov/2026/Introduced/SF0046.pdf
2078245,3315268,text,101095,application/pdf,Introduced,https://legiscan.com/WY/text/SF0047/id/3315268,https://www.wyoleg.gov/2026/Introduced/SF0047.pdf
2083685,3320922,text,103618,application/pdf,Introduced,https://legiscan.com/WY/text/SF0048/id/3320922,https://www.wyoleg.gov/2026/Introduced/SF0048.pdf
2083997,3321225,text,106286,application/pdf,Introduced,https://legiscan.com/WY/text/SF0049/id/3321225,https://www.wyoleg.gov/2026/Introduced/SF0049.pdf
2088219,3325969,text,100415,application/pdf,Introduced,https://legiscan.com/WY/text/SF0050/id/3325969,https://www.wyoleg.gov/2026/Introduced/SF0050.pdf
2088751,3326479,text,90474,application/pdf,Introduced,https://legiscan.com/WY/text/SF0051/id/3326479,https://www.wyoleg.gov/2026/Introduced/SF0051.pdf
2088399,3326141,text,108289,application/pdf,Introduced,https://legiscan.com/WY/text/SF0052/id/3326141,https://www.wyoleg.gov/2026/Introduced/SF0052.pdf
2090785,3329059,text,98840,application/pdf,Introduced,https://legiscan.com/WY/text/SF0053/id/3329059,https://www.wyoleg.gov/2026/Introduced/SF0053.pdf
2054930,3286383,text,26728,application/pdf,Introduced,https://legiscan.com/WY/text/SJ0001/id/3286383,https://www.wyoleg.gov/2026/Introduced/SJ0001.pdf
2065610,3299871,text,100593,application/pdf,Introduced,https://legiscan.com/WY/text/SJ0002/id/3299871,https://www.wyoleg.gov/2026/Introduced/SJ0002.pdf
2055019,626079,supplement,4881,application/pdf,"Fiscal Note",https://legiscan.com/WY/supplement/HB0002/id/626079,https://www.wyoleg.gov/2026/Fiscal/HB0002.pdf
2054649,626041,supplement,5655,application/pdf,"Fiscal Note",https://legiscan.com/WY/supplement/HB0003/id/626041,https://www.wyoleg.gov/2026/Fiscal/HB0003.pdf
2054781,626058,supplement,5624,application/pdf,"Fiscal Note",https://legiscan.com/WY/supplement/HB0004/id/626058,https://www.wyoleg.gov/2026/Fiscal/HB0004.pdf
2054593,626026,supplement,6464,application/pdf,"Fiscal Note",https://legiscan.com/WY/supplement/HB0005/id/626026,https://www.wyoleg.gov/2026/Fiscal/HB0005.pdf
2054721,626052,supplement,9057,application/pdf,"Fiscal Note",https://legiscan.com/WY/supplement/HB0006/id/626052,https://www.wyoleg.gov/2026/Fiscal/HB0006.pdf
2054614,626029,supplement,6148,application/pdf,"Fiscal Note",https://legiscan.com/WY/supplement/HB0007/id/626029,https://www.wyoleg.gov/2026/Fiscal/HB0007.pdf
2054960,626073,supplement,5981,application/pdf,"Fiscal Note",https://legiscan.com/WY/supplement/HB0008/id/626073,https://www.wyoleg.gov/2026/Fiscal/HB0008.pdf
2054638,626037,supplement,5995,application/pdf,"Fiscal Note",https://legiscan.com/WY/supplement/HB0009/id/626037,https://www.wyoleg.gov/2026/Fiscal/HB0009.pdf
2054871,626066,supplement,5715,application/pdf,"Fiscal Note",https://legiscan.com/WY/supplement/HB0010/id/626066,https://www.wyoleg.gov/2026/Fiscal/HB0010.pdf
2055204,626093,supplement,4896,application/pdf,"Fiscal Note",https://legiscan.com/WY/supplement/HB0011/id/626093,https://www.wyoleg.gov/2026/Fiscal/HB0011.pdf
2057184,627225,supplement,7163,application/pdf,"Fiscal Note",https://legiscan.com/WY/supplement/HB0012/id/627225,https://www.wyoleg.gov/2026/Fiscal/HB0012.pdf
2057331,627300,supplement,35978,application/pdf,"Fiscal Note",https://legiscan.com/WY/supplement/HB0013/id/627300,https://www.wyoleg.gov/2026/Fiscal/HB0013.pdf
2057381,627302,supplement,41144,application/pdf,"Fiscal Note",https://legiscan.com/WY/supplement/HB0014/id/627302,https://www.wyoleg.gov/2026/Fiscal/HB0014.pdf
2058899,628055,supplement,42234,application/pdf,"Fiscal Note",https://legiscan.com/WY/supplement/HB0015/id/628055,https://www.wyoleg.gov/2026/Fiscal/HB0015.pdf
2058979,628057,supplement,48220,application/pdf,"Fiscal Note",https://legiscan.com/WY/supplement/HB0016/id/628057,https://www.wyoleg.gov/2026/Fiscal/HB0016.pdf
2058941,628056,supplement,37044,application/pdf,"Fiscal Note",https://legiscan.com/WY/supplement/HB0017/id/628056,https://www.wyoleg.gov/2026/Fiscal/HB0017.pdf
2059091,628168,supplement,51912,application/pdf,"Fiscal Note",https://legiscan.com/WY/supplement/HB0018/id/628168,https://www.wyoleg.gov/2026/Fiscal/HB0018.pdf
2059097,628169,supplement,41243,application/pdf,"Fiscal Note",https://legiscan.com/WY/supplement/HB0019/id/628169,https://www.wyoleg.gov/2026/Fiscal/HB0019.pdf
2059104,628170,supplement,53182,application/pdf,"Fiscal Note",https://legiscan.com/WY/supplement/HB0020/id/628170,https://www.wyoleg.gov/2026/Fiscal/HB0020.pdf
2059083,628167,supplement,50992,application/pdf,"Fiscal Note",https://legiscan.com/WY/supplement/HB0021/id/628167,https://www.wyoleg.gov/2026/Fiscal/HB0021.pdf
2059594,628410,supplement,35296,application/pdf,"Fiscal Note",https://legiscan.com/WY/supplement/HB0022/id/628410,https://www.wyoleg.gov/2026/Fiscal/HB0022.pdf
2060488,628704,supplement,42914,application/pdf,"Fiscal Note",https://legiscan.com/WY/supplement/HB0023/id/628704,https://www.wyoleg.gov/2026/Fiscal/HB0023.pdf
2060518,628705,supplement,36721,application/pdf,"Fiscal Note",https://legiscan.com/WY/supplement/HB0024/id/628705,https://www.wyoleg.gov/2026/Fiscal/HB0024.pdf
2060547,628706,supplement,45665,application/pdf,"Fiscal Note",https://legiscan.com/WY/supplement/HB0025/id/628706,https://www.wyoleg.gov/2026/Fiscal/HB0025.pdf
2060454,628703,supplement,51576,application/pdf,"Fiscal Note",https://legiscan.com/WY/supplement/HB0026/id/628703,https://www.wyoleg.gov/2026/Fiscal/HB0026.pdf
2060824,628854,supplement,36350,application/pdf,"Fiscal Note",https://legiscan.com/WY/supplement/HB0027/id/628854,https://www.wyoleg.gov/2026/Fiscal/HB0027.pdf
2061057,629115,supplement,36343,application/pdf,"Fiscal Note",https://legiscan.com/WY/supplement/HB0028/id/629115,https://www.wyoleg.gov/2026/Fiscal/HB0028.pdf
2065588,634132,supplement,52032,application/pdf,"Fiscal Note",https://legiscan.com/WY/supplement/HB0029/id/634132,https://www.wyoleg.gov/2026/Fiscal/HB0029.pdf
2065634,634137,supplement,53076,application/pdf,"Fiscal Note",https://legiscan.com/WY/supplement/HB0030/id/634137,https://www.wyoleg.gov/2026/Fiscal/HB0030.pdf
2068213,634758,supplement,41307,application/pdf,"Fiscal Note",https://legiscan.com/WY/supplement/HB0031/id/634758,https://www.wyoleg.gov/2026/Fiscal/HB0031.pdf
2068140,634749,supplement,42608,application/pdf,"Fiscal Note",https://legiscan.com/WY/supplement/HB0032/id/634749,https://www.wyoleg.gov/2026/Fiscal/HB0032.pdf
2070832,635785,supplement,68884,application/pdf,"Fiscal Note",https://legiscan.com/WY/supplement/HB0033/id/635785,https://www.wyoleg.gov/2026/Fiscal/HB0033.pdf
2070976,635795,supplement,61927,application/pdf,"Fiscal Note",https://legiscan.com/WY/supplement/HB0034/id/635795,https://www.wyoleg.gov/2026/Fiscal/HB0034.pdf
2070945,635793,supplement,61550,application/pdf,"Fiscal Note",https://legiscan.com/WY/supplement/HB0035/id/635793,https://www.wyoleg.gov/2026/Fiscal/HB0035.pdf
2070919,635792,supplement,54694,application/pdf,"Fiscal Note",https://legiscan.com/WY/supplement/HB0036/id/635792,https://www.wyoleg.gov/2026/Fiscal/HB0036.pdf
2071787,636188,supplement,35945,application/pdf,"Fiscal Note",https://legiscan.com/WY/supplement/HB0037/id/636188,https://www.wyoleg.gov/2026/Fiscal/HB0037.pdf
2071515,636161,supplement,49449,application/pdf,"Fiscal Note",https://legiscan.com/WY/supplement/HB0038/id/636161,https://www.wyoleg.gov/2026/Fiscal/HB0038.pdf
2071648,636175,supplement,41700,application/pdf,"Fiscal Note",https://legiscan.com/WY/supplement/HB0039/id/636175,https://www.wyoleg.gov/2026/Fiscal/HB0039.pdf
2072130,636453,supplement,40344,application/pdf,"Fiscal Note",https://legiscan.com/WY/supplement/HB0040/id/636453,https://www.wyoleg.gov/2026/Fiscal/HB0040.pdf
2073929,636917,supplement,46616,application/pdf,"Fiscal Note",https://legiscan.com/WY/supplement/HB0041/id/636917,https://www.wyoleg.gov/2026/Fiscal/HB0041.pdf
2073637,636880,supplement,44368,application/pdf,"Fiscal Note",https://legiscan.com/WY/supplement/HB0042/id/636880,https://www.wyoleg.gov/2026/Fiscal/HB0042.pdf
2073971,637100,supplement,44345,application/pdf,"Fiscal Note",https://legiscan.com/WY/supplement/HB0043/id/637100,https://www.wyoleg.gov/2026/Fiscal/HB0043.pdf
2073930,637086,supplement,36150,application/pdf,"Fiscal Note",https://legiscan.com/WY/supplement/HB0044/id/637086,https://www.wyoleg.gov/2026/Fiscal/HB0044.pdf
2081231,637914,supplement,66640,application/pdf,"Fiscal Note",https://legiscan.com/WY/supplement/HB0045/id/637914,https://www.wyoleg.gov/2026/Fiscal/HB0045.pdf
2080564,637879,supplement,55081,application/pdf,"Fiscal Note",https://legiscan.com/WY/supplement/HB0046/id/637879,https://www.wyoleg.gov/2026/Fiscal/HB0046.pdf
2082583,638243,supplement,41769,application/pdf,"Fiscal Note",https://legiscan.com/WY/supplement/HB0047/id/638243,https://www.wyoleg.gov/2026/Fiscal/HB0047.pdf
2087222,640222,supplement,35825,application/pdf,"Fiscal Note",https://legiscan.com/WY/supplement/HB0048/id/640222,https://www.wyoleg.gov/2026/Fiscal/HB0048.pdf
2087279,640228,supplement,36441,application/pdf,"Fiscal Note",https://legiscan.com/WY/supplement/HB0049/id/640228,https://www.wyoleg.gov/2026/Fiscal/HB0049.pdf
2087451,640244,supplement,44457,application/pdf,"Fiscal Note",https://legiscan.com/WY/supplement/HB0050/id/640244,https://www.wyoleg.gov/2026/Fiscal/HB0050.pdf
2087162,640216,supplement,41814,application/pdf,"Fiscal Note",https://legiscan.com/WY/supplement/HB0051/id/640216,https://www.wyoleg.gov/2026/Fiscal/HB0051.pdf
2087394,640240,supplement,53524,application/pdf,"Fiscal Note",https://legiscan.com/WY/supplement/HB0052/id/640240,https://www.wyoleg.gov/2026/Fiscal/HB0052.pdf
2087104,640209,supplement,37440,application/pdf,"Fiscal Note",https://legiscan.com/WY/supplement/HB0053/id/640209,https://www.wyoleg.gov/2026/Fiscal/HB0053.pdf
2087336,640233,supplement,36016,application/pdf,"Fiscal Note",https://legiscan.com/WY/supplement/HB0054/id/640233,https://www.wyoleg.gov/2026/Fiscal/HB0054.pdf
2088569,640989,supplement,54635,application/pdf,"Fiscal Note",https://legiscan.com/WY/supplement/HB0055/id/640989,https://www.wyoleg.gov/2026/Fiscal/HB0055.pdf
2090923,642314,supplement,44704,application/pdf,"Fiscal Note",https://legiscan.com/WY/supplement/HB0056/id/642314,https://www.wyoleg.gov/2026/Fiscal/HB0056.pdf
2091061,642320,supplement,53791,application/pdf,"Fiscal Note",https://legiscan.com/WY/supplement/HB0057/id/642320,https://www.wyoleg.gov/2026/Fiscal/HB0057.pdf
2092678,643339,supplement,36494,application/pdf,"Fiscal Note",https://legiscan.com/WY/supplement/HB0058/id/643339,https://www.wyoleg.gov/2026/Fiscal/HB0058.pdf
2054751,626056,supplement,4937,application/pdf,"Fiscal Note",https://legiscan.com/WY/supplement/HJ0001/id/626056,https://www.wyoleg.gov/2026/Fiscal/HJ0001.pdf
2057408,627303,supplement,35426,application/pdf,"Fiscal Note",https://legiscan.com/WY/supplement/HJ0002/id/627303,https://www.wyoleg.gov/2026/Fiscal/HJ0002.pdf
2064964,633885,supplement,43999,application/pdf,"Fiscal Note",https://legiscan.com/WY/supplement/HJ0003/id/633885,https://www.wyoleg.gov/2026/Fiscal/HJ0003.pdf
2080900,637898,supplement,44083,application/pdf,"Fiscal Note",https://legiscan.com/WY/supplement/HJ0004/id/637898,https://www.wyoleg.gov/2026/Fiscal/HJ0004.pdf
2070891,635789,supplement,60164,application/pdf,"Fiscal Note",https://legiscan.com/WY/supplement/SF0002/id/635789,https://www.wyoleg.gov/2026/Fiscal/SF0002.pdf
2054627,626032,supplement,5989,application/pdf,"Fiscal Note",https://legiscan.com/WY/supplement/SF0003/id/626032,https://www.wyoleg.gov/2026/Fiscal/SF0003.pdf
2055049,626082,supplement,6317,application/pdf,"Fiscal Note",https://legiscan.com/WY/supplement/SF0004/id/626082,https://www.wyoleg.gov/2026/Fiscal/SF0004.pdf
2054841,626063,supplement,4892,application/pdf,"Fiscal Note",https://legiscan.com/WY/supplement/SF0005/id/626063,https://www.wyoleg.gov/2026/Fiscal/SF0005.pdf
2054660,626045,supplement,4892,application/pdf,"Fiscal Note",https://legiscan.com/WY/supplement/SF0006/id/626045,https://www.wyoleg.gov/2026/Fiscal/SF0006.pdf
2054628,626035,supplement,5973,application/pdf,"Fiscal Note",https://legiscan.com/WY/supplement/SF0007/id/626035,https://www.wyoleg.gov/2026/Fiscal/SF0007.pdf
2054900,626069,supplement,5555,application/pdf,"Fiscal Note",https://legiscan.com/WY/supplement/SF0008/id/626069,https://www.wyoleg.gov/2026/Fiscal/SF0008.pdf
2055079,626084,supplement,5971,application/pdf,"Fiscal Note",https://legiscan.com/WY/supplement/SF0009/id/626084,https://www.wyoleg.gov/2026/Fiscal/SF0009.pdf
2054692,626050,supplement,5537,application/pdf,"Fiscal Note",https://legiscan.com/WY/supplement/SF0010/id/626050,https://www.wyoleg.gov/2026/Fiscal/SF0010.pdf
2054989,626076,supplement,6184,application/pdf,"Fiscal Note",https://legiscan.com/WY/supplement/SF0011/id/626076,https://www.wyoleg.gov/2026/Fiscal/SF0011.pdf
2054811,626060,supplement,6824,application/pdf,"Fiscal Note",https://legiscan.com/WY/supplement/SF0012/id/626060,https://www.wyoleg.gov/2026/Fiscal/SF0012.pdf
2054664,626047,supplement,6615,application/pdf,"Fiscal Note",https://legiscan.com/WY/supplement/SF0013/id/626047,https://www.wyoleg.gov/2026/Fiscal/SF0013.pdf
2056024,626273,supplement,6751,application/pdf,"Fiscal Note",https://legiscan.com/WY/supplement/SF0014/id/626273,https://www.wyoleg.gov/2026/Fiscal/SF0014.pdf
2056619,626944,supplement,6309,application/pdf,"Fiscal Note",https://legiscan.com/WY/supplement/SF0015/id/626944,https://www.wyoleg.gov/2026/Fiscal/SF0015.pdf
2056574,626941,supplement,6078,application/pdf,"Fiscal Note",https://legiscan.com/WY/supplement/SF0016/id/626941,https://www.wyoleg.gov/2026/Fiscal/SF0016.pdf
2056768,627041,supplement,7212,application/pdf,"Fiscal Note",https://legiscan.com/WY/supplement/SF0017/id/627041,https://www.wyoleg.gov/2026/Fiscal/SF0017.pdf
2057298,627275,supplement,42043,application/pdf,"Fiscal Note",https://legiscan.com/WY/supplement/SF0018/id/627275,https://www.wyoleg.gov/2026/Fiscal/SF0018.pdf
2057355,627301,supplement,43209,application/pdf,"Fiscal Note",https://legiscan.com/WY/supplement/SF0019/id/627301,https://www.wyoleg.gov/2026/Fiscal/SF0019.pdf
2058546,627898,supplement,58269,application/pdf,"Fiscal Note",https://legiscan.com/WY/supplement/SF0020/id/627898,https://www.wyoleg.gov/2026/Fiscal/SF0020.pdf
2058563,627899,supplement,44722,application/pdf,"Fiscal Note",https://legiscan.com/WY/supplement/SF0021/id/627899,https://www.wyoleg.gov/2026/Fiscal/SF0021.pdf
2058527,627897,supplement,35087,application/pdf,"Fiscal Note",https://legiscan.com/WY/supplement/SF0022/id/627897,https://www.wyoleg.gov/2026/Fiscal/SF0022.pdf
2059264,628313,supplement,36305,application/pdf,"Fiscal Note",https://legiscan.com/WY/supplement/SF0023/id/628313,https://www.wyoleg.gov/2026/Fiscal/SF0023.pdf
2061078,629117,supplement,49760,application/pdf,"Fiscal Note",https://legiscan.com/WY/supplement/SF0024/id/629117,https://www.wyoleg.gov/2026/Fiscal/SF0024.pdf
2061088,629119,supplement,50898,application/pdf,"Fiscal Note",https://legiscan.com/WY/supplement/SF0025/id/629119,https://www.wyoleg.gov/2026/Fiscal/SF0025.pdf
2061068,629116,supplement,54007,application/pdf,"Fiscal Note",https://legiscan.com/WY/supplement/SF0026/id/629116,https://www.wyoleg.gov/2026/Fiscal/SF0026.pdf
2061047,629114,supplement,36160,application/pdf,"Fiscal Note",https://legiscan.com/WY/supplement/SF0027/id/629114,https://www.wyoleg.gov/2026/Fiscal/SF0027.pdf
2064807,633815,supplement,36592,application/pdf,"Fiscal Note",https://legiscan.com/WY/supplement/SF0028/id/633815,https://www.wyoleg.gov/2026/Fiscal/SF0028.pdf
2064806,633814,supplement,36058,application/pdf,"Fiscal Note",https://legiscan.com/WY/supplement/SF0029/id/633814,https://www.wyoleg.gov/2026/Fiscal/SF0029.pdf
2064809,633816,supplement,35466,application/pdf,"Fiscal Note",https://legiscan.com/WY/supplement/SF0030/id/633816,https://www.wyoleg.gov/2026/Fiscal/SF0030.pdf
2064804,633813,supplement,35370,application/pdf,"Fiscal Note",https://legiscan.com/WY/supplement/SF0031/id/633813,https://www.wyoleg.gov/2026/Fiscal/SF0031.pdf
2064811,633818,supplement,63694,application/pdf,"Fiscal Note",https://legiscan.com/WY/supplement/SF0032/id/633818,https://www.wyoleg.gov/2026/Fiscal/SF0032.pdf
2064810,633817,supplement,35844,application/pdf,"Fiscal Note",https://legiscan.com/WY/supplement/SF0033/id/633817,https://www.wyoleg.gov/2026/Fiscal/SF0033.pdf
2064924,633883,supplement,35835,application/pdf,"Fiscal Note",https://legiscan.com/WY/supplement/SF0034/id/633883,https://www.wyoleg.gov/2026/Fiscal/SF0034.pdf
2065655,634138,supplement,36209,application/pdf,"Fiscal Note",https://legiscan.com/WY/supplement/SF0035/id/634138,https://www.wyoleg.gov/2026/Fiscal/SF0035.pdf
2065678,634140,supplement,57241,application/pdf,"Fiscal Note",https://legiscan.com/WY/supplement/SF0036/id/634140,https://www.wyoleg.gov/2026/Fiscal/SF0036.pdf
2066807,634510,supplement,64332,application/pdf,"Fiscal Note",https://legiscan.com/WY/supplement/SF0037/id/634510,https://www.wyoleg.gov/2026/Fiscal/SF0037.pdf
2068288,634766,supplement,59901,application/pdf,"Fiscal Note",https://legiscan.com/WY/supplement/SF0038/id/634766,https://www.wyoleg.gov/2026/Fiscal/SF0038.pdf
2068066,634740,supplement,66636,application/pdf,"Fiscal Note",https://legiscan.com/WY/supplement/SF0039/id/634740,https://www.wyoleg.gov/2026/Fiscal/SF0039.pdf
2070862,635787,supplement,45344,application/pdf,"Fiscal Note",https://legiscan.com/WY/supplement/SF0040/id/635787,https://www.wyoleg.gov/2026/Fiscal/SF0040.pdf
2072348,636457,supplement,41872,application/pdf,"Fiscal Note",https://legiscan.com/WY/supplement/SF0041/id/636457,https://www.wyoleg.gov/2026/Fiscal/SF0041.pdf
2072567,636608,supplement,43066,application/pdf,"Fiscal Note",https://legiscan.com/WY/supplement/SF0042/id/636608,https://www.wyoleg.gov/2026/Fiscal/SF0042.pdf
2073951,637093,supplement,36018,application/pdf,"Fiscal Note",https://legiscan.com/WY/supplement/SF0043/id/637093,https://www.wyoleg.gov/2026/Fiscal/SF0043.pdf
2074032,637119,supplement,41355,application/pdf,"Fiscal Note",https://legiscan.com/WY/supplement/SF0044/id/637119,https://www.wyoleg.gov/2026/Fiscal/SF0044.pdf
2073991,637105,supplement,35313,application/pdf,"Fiscal Note",https://legiscan.com/WY/supplement/SF0045/id/637105,https://www.wyoleg.gov/2026/Fiscal/SF0045.pdf
2074011,637112,supplement,36909,application/pdf,"Fiscal Note",https://legiscan.com/WY/supplement/SF0046/id/637112,https://www.wyoleg.gov/2026/Fiscal/SF0046.pdf
2078245,637382,supplement,57849,application/pdf,"Fiscal Note",https://legiscan.com/WY/supplement/SF0047/id/637382,https://www.wyoleg.gov/2026/Fiscal/SF0047.pdf
2083685,638453,supplement,35365,application/pdf,"Fiscal Note",https://legiscan.com/WY/supplement/SF0048/id/638453,https://www.wyoleg.gov/2026/Fiscal/SF0048.pdf
2083997,638570,supplement,57196,application/pdf,"Fiscal Note",https://legiscan.com/WY/supplement/SF0049/id/638570,https://www.wyoleg.gov/2026/Fiscal/SF0049.pdf
2088219,640962,supplement,56417,application/pdf,"Fiscal Note",https://legiscan.com/WY/supplement/SF0050/id/640962,https://www.wyoleg.gov/2026/Fiscal/SF0050.pdf
2088751,641003,supplement,51564,application/pdf,"Fiscal Note",https://legiscan.com/WY/supplement/SF0051/id/641003,https://www.wyoleg.gov/2026/Fiscal/SF0051.pdf
2088399,640976,supplement,53233,application/pdf,"Fiscal Note",https://legiscan.com/WY/supplement/SF0052/id/640976,https://www.wyoleg.gov/2026/Fiscal/SF0052.pdf
2090785,642303,supplement,36144,application/pdf,"Fiscal Note",https://legiscan.com/WY/supplement/SF0053/id/642303,https://www.wyoleg.gov/2026/Fiscal/SF0053.pdf
2054930,626071,supplement,4894,application/pdf,"Fiscal Note",https://legiscan.com/WY/supplement/SJ0001/id/626071,https://www.wyoleg.gov/2026/Fiscal/SJ0001.pdf
2065610,634134,supplement,35592,application/pdf,"Fiscal Note",https://legiscan.com/WY/supplement/SJ0002/id/634134,https://www.wyoleg.gov/2026/Fiscal/SJ0002.pdf
