bill_id,date,chamber,sequence,action
2054593,2025-12-01,,1,"Bill Number Assigned"
2054593,2026-01-09,House,2,"Received for Introduction"
2054614,2025-12-01,,1,"Bill Number Assigned"
2054614,2026-01-09,House,2,"Received for Introduction"
2054627,2025-12-01,,1,"Bill Number Assigned"
2054627,2026-01-05,Senate,2,"Received for Introduction"
2054628,2025-12-01,,1,"Bill Number Assigned"
2054628,2026-01-05,Senate,2,"Received for Introduction"
2054638,2025-12-01,,1,"Bill Number Assigned"
2054638,2026-01-09,House,2,"Received for Introduction"
2054649,2025-12-01,,1,"Bill Number Assigned"
2054649,2026-01-09,House,2,"Received for Introduction"
2054660,2025-12-01,,1,"Bill Number Assigned"
2054660,2026-01-05,Senate,2,"Received for Introduction"
2054664,2025-12-01,,1,"Bill Number Assigned"
2054664,2026-01-05,Senate,2,"Received for Introduction"
2054692,2025-12-01,,1,"Bill Number Assigned"
2054692,2026-01-05,Senate,2,"Received for Introduction"
2054721,2025-12-01,,1,"Bill Number Assigned"
2054721,2026-01-09,House,2,"Received for Introduction"
2054751,2025-12-01,,1,"Bill Number Assigned"
2054751,2026-01-09,House,2,"Received for Introduction"
2054781,2025-12-01,,1,"Bill Number Assigned"
2054781,2026-01-09,House,2,"Received for Introduction"
2054811,2025-12-01,,1,"Bill Number Assigned"
2054811,2026-01-05,Senate,2,"Received for Introduction"
2054841,2025-12-01,,1,"Bill Number Assigned"
2054841,2026-01-05,Senate,2,"Received for Introduction"
2054871,2025-12-01,,1,"Bill Number Assigned"
2054871,2026-01-09,House,2,"Received for Introduction"
2054900,2025-12-01,,1,"Bill Number Assigned"
2054900,2026-01-05,Senate,2,"Received for Introduction"
2054930,2025-12-01,,1,"Bill Number Assigned"
2054930,2026-01-05,Senate,2,"Received for Introduction"
2054960,2025-12-01,,1,"Bill Number Assigned"
2054960,2026-01-09,House,2,"Received for Introduction"
2054989,2025-12-01,,1,"Bill Number Assigned"
2054989,2026-01-05,Senate,2,"Received for Introduction"
2055019,2025-12-01,,1,"Bill Number Assigned"
2055019,2026-01-09,House,2,"Received for Introduction"
2055049,2025-12-01,,1,"Bill Number Assigned"
2055049,2026-01-05,Senate,2,"Received for Introduction"
2055079,2025-12-01,,1,"Bill Number Assigned"
2055079,2026-01-05,Senate,2,"Received for Introduction"
2055204,2025-12-01,,1,"Bill Number Assigned"
2055204,2026-01-09,House,2,"Received for Introduction"
2056024,2025-12-02,,1,"Bill Number Assigned"
2056024,2026-01-05,Senate,2,"Received for Introduction"
2056574,2025-12-04,,1,"Bill Number Assigned"
2056574,2026-01-05,Senate,2,"Received for Introduction"
2056619,2025-12-04,,1,"Bill Number Assigned"
2056619,2026-01-05,Senate,2,"Received for Introduction"
2056768,2025-12-04,,1,"Bill Number Assigned"
2056768,2026-01-05,Senate,2,"Received for Introduction"
2057184,2025-12-05,,1,"Bill Number Assigned"
2057184,2026-01-09,House,2,"Received for Introduction"
2057298,2025-12-08,,1,"Bill Number Assigned"
2057298,2026-01-05,Senate,2,"Received for Introduction"
2057331,2025-12-08,,1,"Bill Number Assigned"
2057331,2026-01-09,House,2,"Received for Introduction"
2057355,2025-12-08,,1,"Bill Number Assigned"
2057355,2026-01-05,Senate,2,"Received for Introduction"
2057381,2025-12-08,,1,"Bill Number Assigned"
2057381,2026-01-09,House,2,"Received for Introduction"
2057408,2025-12-08,,1,"Bill Number Assigned"
2057408,2026-01-09,House,2,"Received for Introduction"
2058527,2025-12-11,,1,"Bill Number Assigned"
2058527,2026-01-05,Senate,2,"Received for Introduction"
2058546,2025-12-11,,1,"Bill Number Assigned"
2058546,2026-01-05,Senate,2,"Received for Introduction"
2058563,2025-12-11,,1,"Bill Number Assigned"
2058563,2026-01-05,Senate,2,"Received for Introduction"
2058899,2025-12-15,,1,"Bill Number Assigned"
2058899,2026-01-09,House,2,"Received for Introduction"
2058941,2025-12-15,,1,"Bill Number Assigned"
2058941,2026-01-09,House,2,"Received for Introduction"
2058979,2025-12-15,,1,"Bill Number Assigned"
2058979,2026-01-09,House,2,"Received for Introduction"
2059083,2025-12-16,,1,"Bill Number Assigned"
2059083,2026-01-09,House,2,"Received for Introduction"
2059091,2025-12-16,,1,"Bill Number Assigned"
2059091,2026-01-09,House,2,"Received for Introduction"
2059097,2025-12-16,,1,"Bill Number Assigned"
2059097,2026-01-09,House,2,"Received for Introduction"
2059104,2025-12-16,,1,"Bill Number Assigned"
2059104,2026-01-09,House,2,"Received for Introduction"
2059264,2025-12-16,,1,"Bill Number Assigned"
2059264,2026-01-05,Senate,2,"Received for Introduction"
2059594,2025-12-17,,1,"Bill Number Assigned"
2059594,2026-01-09,House,2,"Received for Introduction"
2060454,2025-12-19,,1,"Bill Number Assigned"
2060454,2026-01-09,House,2,"Received for Introduction"
2060488,2025-12-19,,1,"Bill Number Assigned"
2060488,2026-01-09,House,2,"Received for Introduction"
2060518,2025-12-19,,1,"Bill Number Assigned"
2060518,2026-01-09,House,2,"Received for Introduction"
2060547,2025-12-19,,1,"Bill Number Assigned"
2060547,2026-01-09,House,2,"Received for Introduction"
2060824,2025-12-23,,1,"Bill Number Assigned"
2060824,2026-01-09,House,2,"Received for Introduction"
2061047,2025-12-29,,1,"Bill Number Assigned"
2061047,2026-01-05,Senate,2,"Received for Introduction"
2061057,2025-12-29,,1,"Bill Number Assigned"
2061057,2026-01-09,House,2,"Received for Introduction"
2061068,2025-12-29,,1,"Bill Number Assigned"
2061068,2026-01-05,Senate,2,"Received for Introduction"
2061078,2025-12-29,,1,"Bill Number Assigned"
2061078,2026-01-05,Senate,2,"Received for Introduction"
2061088,2025-12-29,,1,"Bill Number Assigned"
2061088,2026-01-05,Senate,2,"Received for Introduction"
2064804,2025-12-31,,1,"Bill Number Assigned"
2064804,2026-01-05,Senate,2,"Received for Introduction"
2064806,2025-12-31,,1,"Bill Number Assigned"
2064806,2026-01-05,Senate,2,"Received for Introduction"
2064807,2025-12-31,,1,"Bill Number Assigned"
2064807,2026-01-08,Senate,2,"Received for Introduction"
2064809,2025-12-31,,1,"Bill Number Assigned"
2064809,2026-01-05,Senate,2,"Received for Introduction"
2064810,2025-12-31,,1,"Bill Number Assigned"
2064810,2026-01-05,Senate,2,"Received for Introduction"
2064811,2025-12-31,,1,"Bill Number Assigned"
2064811,2026-01-05,Senate,2,"Received for Introduction"
2064924,2026-01-02,,1,"Bill Number Assigned"
2064924,2026-01-05,Senate,2,"Received for Introduction"
2064964,2026-01-02,,1,"Bill Number Assigned"
2064964,2026-01-09,House,2,"Received for Introduction"
2065588,2026-01-05,,1,"Bill Number Assigned"
2065588,2026-01-09,House,2,"Received for Introduction"
2065610,2026-01-05,,1,"Bill Number Assigned"
2065610,2026-01-14,Senate,2,"Received for Introduction"
2065634,2026-01-05,,1,"Bill Number Assigned"
2065634,2026-01-09,House,2,"Received for Introduction"
2065655,2026-01-05,,1,"Bill Number Assigned"
2065655,2026-01-14,Senate,2,"Received for Introduction"
2065678,2026-01-05,,1,"Bill Number Assigned"
2065678,2026-01-14,Senate,2,"Received for Introduction"
2066807,2026-01-07,,1,"Bill Number Assigned"
2066807,2026-01-14,Senate,2,"Received for Introduction"
2068066,2026-01-08,,1,"Bill Number Assigned"
2068066,2026-01-14,Senate,2,"Received for Introduction"
2068140,2026-01-08,,1,"Bill Number Assigned"
2068140,2026-01-09,House,2,"Received for Introduction"
2068213,2026-01-08,,1,"Bill Number Assigned"
2068213,2026-01-09,House,2,"Received for Introduction"
2068288,2026-01-08,,1,"Bill Number Assigned"
2068288,2026-01-14,Senate,2,"Received for Introduction"
2070832,2026-01-12,,1,"Bill Number Assigned"
2070832,2026-01-14,House,2,"Received for Introduction"
2070862,2026-01-12,,1,"Bill Number Assigned"
2070862,2026-01-14,Senate,2,"Received for Introduction"
2070891,2026-01-12,,1,"Bill Number Assigned"
2070891,2026-01-14,Senate,2,"Received for Introduction"
2070919,2026-01-12,,1,"Bill Number Assigned"
2070919,2026-01-14,House,2,"Received for Introduction"
2070945,2026-01-12,,1,"Bill Number Assigned"
2070945,2026-01-14,House,2,"Received for Introduction"
2070976,2026-01-12,,1,"Bill Number Assigned"
2070976,2026-01-14,House,2,"Received for Introduction"
2071515,2026-01-12,,1,"Bill Number Assigned"
2071515,2026-01-14,House,2,"Received for Introduction"
2071648,2026-01-12,,1,"Bill Number Assigned"
2071648,2026-01-14,House,2,"Received for Introduction"
2071787,2026-01-12,,1,"Bill Number Assigned"
2071787,2026-01-14,House,2,"Received for Introduction"
2072130,2026-01-13,,1,"Bill Number Assigned"
2072130,2026-01-14,House,2,"Received for Introduction"
2072348,2026-01-13,,1,"Bill Number Assigned"
2072348,2026-01-14,Senate,2,"Received for Introduction"
2072567,2026-01-13,,1,"Bill Number Assigned"
2072567,2026-01-14,Senate,2,"Received for Introduction"
2073637,2026-01-13,,1,"Bill Number Assigned"
2073637,2026-01-14,House,2,"Received for Introduction"
2073929,2026-01-13,,1,"Bill Number Assigned"
2073929,2026-01-14,House,2,"Received for Introduction"
2073930,2026-01-13,,1,"Bill Number Assigned"
2073930,2026-01-14,House,2,"Received for Introduction"
2073951,2026-01-13,,1,"Bill Number Assigned"
2073951,2026-01-14,Senate,2,"Received for Introduction"
2073971,2026-01-13,,1,"Bill Number Assigned"
2073971,2026-01-14,House,2,"Received for Introduction"
2073991,2026-01-13,,1,"Bill Number Assigned"
2073991,2026-01-14,Senate,2,"Received for Introduction"
2074011,2026-01-13,,1,"Bill Number Assigned"
2074011,2026-01-14,Senate,2,"Received for Introduction"
2074032,2026-01-13,,1,"Bill Number Assigned"
2074032,2026-01-14,Senate,2,"Received for Introduction"
2078245,2026-01-14,,1,"Bill Number Assigned"
2078245,2026-01-14,Senate,2,"Received for Introduction"
2080564,2026-01-15,,1,"Bill Number Assigned"
2080564,2026-01-22,House,2,"Received for Introduction"
2080900,2026-01-15,,1,"Bill Number Assigned"
2080900,2026-01-22,House,2,"Received for Introduction"
2081231,2026-01-15,,1,"Bill Number Assigned"
2081231,2026-01-22,House,2,"Received for Introduction"
2082583,2026-01-15,,1,"Bill Number Assigned"
2082583,2026-01-22,House,2,"Received for Introduction"
2083685,2026-01-16,,1,"Bill Number Assigned"
2083997,2026-01-16,,1,"Bill Number Assigned"
2087104,2026-01-20,,1,"Bill Number Assigned"
2087104,2026-01-22,House,2,"Received for Introduction"
2087162,2026-01-20,,1,"Bill Number Assigned"
2087162,2026-01-22,House,2,"Received for Introduction"
2087222,2026-01-20,,1,"Bill Number Assigned"
2087222,2026-01-22,House,2,"Received for Introduction"
2087279,2026-01-20,,1,"Bill Number Assigned"
2087279,2026-01-22,House,2,"Received for Introduction"
2087336,2026-01-20,,1,"Bill Number Assigned"
2087336,2026-01-22,House,2,"Received for Introduction"
2087394,2026-01-20,,1,"Bill Number Assigned"
2087394,2026-01-22,House,2,"Received for Introduction"
2087451,2026-01-20,,1,"Bill Number Assigned"
2087451,2026-01-22,House,2,"Received for Introduction"
2088219,2026-01-21,,1,"Bill Number Assigned"
2088399,2026-01-21,,1,"Bill Number Assigned"
2088569,2026-01-21,,1,"Bill Number Assigned"
2088569,2026-01-22,House,2,"Received for Introduction"
2088751,2026-01-21,,1,"Bill Number Assigned"
2090785,2026-01-22,,1,"Bill Number Assigned"
2090923,2026-01-22,,1,"Bill Number Assigned"
2091061,2026-01-22,,1,"Bill Number Assigned"
2092678,2026-01-23,,1,"Bill Number Assigned"
