bill_id,session_id,bill_number,status,status_desc,status_date,title,description,committee_id,committee,last_action_date,last_action,url,state_link
2052392,2233,AB1,4,Passed,2025-11-20,"Revises provisions relating to governmental administration. (BDR 19-22)","AN ACT relating to governmental administration; providing that a meeting between an agency or officer of the Executive Department of the State Government and the Legislature concerning certain topics relating to cybersecurity is not subject to the Open Meeting Law; prohibiting the disclosure of certain information and materials received during or prepared for such a meeting; creating and setting forth the duties of the Security Operations Center within the Office of Information Security and Cyber Defense within the Governor&#39;s Technology Office within the Office of the Governor; creating the Account for the Security Operations Center and prescribing the use of money in the Account; requiring the Security Operations Center to prepare an annual report that assesses the effectiveness of the Security Operations Center; requiring the Security Operations Center, to the extent funding is available, to develop the Cybersecurity Talent Pipeline Program; revising the purpose of the Governor&#39;s Technology Office; authorizing the board of trustees of a school district to use the services and equipment of the Governor&#39;s Technology Office; making various other changes relating to the cybersecurity of governmental entities; making appropriations; and providing other matters properly relating thereto.",0,,2025-11-20,"Chapter 4. (Effective November 18, 2025)",https://legiscan.com/NV/bill/AB1/2025/X1,https://www.leg.state.nv.us/App/NELIS/REL/36th2025Special/Bill/12988/Overview
2052391,2233,AB2,4,Passed,2025-11-20,"Revises provisions relating to alcoholic beverages. (BDR 32-24)","AN ACT relating to alcoholic beverages; revising the manner in which a payment from a retail liquor store to a wholesale dealer for delivery of certain alcoholic beverages must be made by certain persons; and providing other matters properly relating thereto.",0,,2025-11-20,"Chapter 2. (Effective November 18, 2025)",https://legiscan.com/NV/bill/AB2/2025/X1,https://www.leg.state.nv.us/App/NELIS/REL/36th2025Special/Bill/12989/Overview
2052397,2233,AB3,4,Passed,2025-11-20,"Revises provisions relating to public office. (BDR 24-21)","AN ACT relating to public office; authorizing a public officer to request that certain personal information contained in the records of the Secretary of State, a county or city clerk, county recorder or county assessor be kept confidential; authorizing a candidate or public officer to use campaign contributions to pay for expenses relating to personal security; authorizing a public officer to request that the Department of Motor Vehicles display an alternate address on the person&#39;s driver&#39;s license, commercial driver&#39;s license or identification card; providing penalties; and providing other matters properly relating thereto.",0,,2025-11-20,"Chapter 3. (Effective November 18, 2025)",https://legiscan.com/NV/bill/AB3/2025/X1,https://www.leg.state.nv.us/App/NELIS/REL/36th2025Special/Bill/12987/Overview
2052395,2233,AB4,4,Passed,2025-12-01,"Revises provisions relating to public safety. (BDR 15-31)","AN ACT relating to public safety; revising provisions relating to assault, battery, stalking, child sexual abuse material, domestic violence and driving under the influence of alcohol or a prohibited substance; establishing certain unlawful acts relating to certain theft offenses involving property damage; revising provisions relating to offenders; establishing provisions relating to the creation of corridors and the adjudication and reporting of certain offenses committed within such corridors; making various changes relating to juvenile justice; prohibiting the construction of certain findings relating to actions for wrongful conviction; revising provisions relating to the sealing of records and specialty court programs; revising provisions relating to pretrial release; requiring certain facilities that hold persons to maintain and provide certain information relating to persons held at the facility; authorizing the Director of the Department of Corrections to establish an alternative correctional program; prohibiting school districts, public schools and their employees from providing certain information and access to school property under certain circumstances; revising provisions relating to opioid use disorder; making appropriations; providing penalties; and providing other matters properly relating thereto.",0,,2025-12-01,"Chapter 9. (Effective January 1, 2026)",https://legiscan.com/NV/bill/AB4/2025/X1,https://www.leg.state.nv.us/App/NELIS/REL/36th2025Special/Bill/12994/Overview
2052403,2233,AB5,2,Engrossed,2025-11-16,"Enacts the Nevada Studio Infrastructure Jobs and Workforce Training Act. (BDR S-13)","AN ACT relating to economic development; enacting the Nevada Studio Infrastructure Jobs and Workforce Training Act; requiring the Office of Economic Development to enter into a development agreement to establish certain criteria for the development of infrastructure for the production of motion pictures and other qualified productions and other new capital investment in this State; establishing certain penalties if the development does not meet certain requirements for new capital investment and expenditures for the production of motion pictures and other qualified productions; establishing requirements for a production company located at such a development to be eligible for film infrastructure transferable tax credits for qualified productions produced at the development; providing for the calculation of the amount of film infrastructure transferable tax credits; requiring the creation of a production studio entertainment district; revising provisions governing noninfrastructure transferable tax credits for motion pictures and other qualified productions produced in this State; authorizing an additional amount of noninfrastructure transferable tax credits; establishing the Account for Nevada Film, Media and Related Technology Education and Vocational Training and a board to approve distributions from the Account; providing for the distribution of money from the Account to certain entities and organizations that provide education and vocational training to develop a workforce for the production of qualified productions in this State; and providing other matters properly relating thereto.",0,,2025-11-19,"Read third time. Lost. (Yeas: 10, Nays: 8, Excused: 3.)",https://legiscan.com/NV/bill/AB5/2025/X1,https://www.leg.state.nv.us/App/NELIS/REL/36th2025Special/Bill/12997/Overview
2052390,2233,AB6,4,Passed,2025-12-01,"Revises provisions governing public safety. (BDR 43-23)","AN ACT relating to public safety; revising provisions governing regulation and designation of school zones and school crossing zones; revising provisions relating to signs in school zones and school crossing zones; providing for enhanced penalties for certain traffic violations in active school zones and school crossing zones; prohibiting the inclusion of certain information concerning pupils within a directory of pupils; prohibiting the provision of certain information concerning pupils to third parties; providing penalties; and providing other matters properly relating thereto.",0,,2025-12-01,"Chapter 10. (Effective July 1, 2026)",https://legiscan.com/NV/bill/AB6/2025/X1,https://www.leg.state.nv.us/App/NELIS/REL/36th2025Special/Bill/12995/Overview
2052387,2233,AR1,4,Passed,2025-11-14,"Provides for the appointment of the Assembly attaches. (BDR R-27)","Providing for the appointment of the Assembly attaches.",0,,2025-11-14,"File No. 2.",https://legiscan.com/NV/bill/AR1/2025/X1,https://www.leg.state.nv.us/App/NELIS/REL/36th2025Special/Bill/12991/Overview
2052401,2233,AR2,4,Passed,2025-11-14,"Provides that no allowances will be paid for the 36th Special Session for periodicals, stamps, stationery or communications. (BDR R-4)","Providing that no allowances will be paid for the 36th Special Session for periodicals, stamps, stationery or communications.",0,,2025-11-14,"File No. 3.",https://legiscan.com/NV/bill/AR2/2025/X1,https://www.leg.state.nv.us/App/NELIS/REL/36th2025Special/Bill/12983/Overview
2052398,2233,ACR1,4,Passed,2025-11-15,"Adopts the Joint Rules of the Senate and Assembly for the 36th Special Session of the Nevada Legislature. (BDR R-1)","Adopting the Joint Rules of the Senate and Assembly for the 36th Special Session of the Nevada Legislature.",0,,2025-11-15,"File No. 6.",https://legiscan.com/NV/bill/ACR1/2025/X1,https://www.leg.state.nv.us/App/NELIS/REL/36th2025Special/Bill/12981/Overview
2052394,2233,ACR2,4,Passed,2025-11-15,"Authorizes certain reimbursement for travel. (BDR R-5)","Authorizing certain reimbursement for travel.",0,,2025-11-15,"File No. 7.",https://legiscan.com/NV/bill/ACR2/2025/X1,https://www.leg.state.nv.us/App/NELIS/REL/36th2025Special/Bill/12984/Overview
2052393,2233,ACR3,4,Passed,2025-11-15,"Authorizes certain reimbursement for Legislator security. (BDR R-6)","Authorizing certain reimbursement for Legislator security.",0,,2025-11-15,"File No. 8.",https://legiscan.com/NV/bill/ACR3/2025/X1,https://www.leg.state.nv.us/App/NELIS/REL/36th2025Special/Bill/12985/Overview
2052406,2233,ACR4,4,Passed,2025-11-16,"Directs the Joint Interim Standing Committee on the Judiciary to conduct a study relating to road safety. (BDR R-29)","Directing the Joint Interim Standing Committee on the Judiciary to conduct a study relating to road safety.",0,,2025-11-16,"File No. 9.",https://legiscan.com/NV/bill/ACR4/2025/X1,https://www.leg.state.nv.us/App/NELIS/REL/36th2025Special/Bill/12992/Overview
2052405,2233,ACR5,6,Failed,2025-11-19,"Directs the Joint Interim Standing Committee on Government Affairs to conduct an interim study on the activities of federal officials engaging in the investigation or enforcement of immigration laws in this State. (BDR R-19)","Directing the Joint Interim Standing Committee on Government Affairs to conduct an interim study on the activities of federal officials engaging in the investigation or enforcement of immigration laws in this State.",0,,2025-11-19,"(No further action taken.)",https://legiscan.com/NV/bill/ACR5/2025/X1,https://www.leg.state.nv.us/App/NELIS/REL/36th2025Special/Bill/12986/Overview
2052386,2233,SB1,4,Passed,2025-11-20,"Revises provisions governing the short-term lease of a passenger car. (BDR 43-26)","AN ACT relating to motor vehicles; revising requirements that a short-term lessor require proof of certain insurance as a condition for the lease of a passenger car; and providing other matters properly relating thereto.",0,,2025-11-20,"Approved by the Governor. Chapter 5. (Effective November 20, 2025)",https://legiscan.com/NV/bill/SB1/2025/X1,https://www.leg.state.nv.us/App/NELIS/REL/36th2025Special/Bill/12990/Overview
2052388,2233,SB2,4,Passed,2025-11-20,"Revises provisions relating to legislative affairs. (BDR 17-30)","AN ACT relating to the Legislative Department; clarifying that proceeds of sales of certain items approved by the Director of the Legislative Counsel Bureau must be deposited in the Legislative Fund; clarifying that the organization of the Nevada Revised Statutes into titles by the Legislative Counsel does not constitute a legislative determination for certain constitutional purposes; placing a certain parcel of land under the exclusive supervision and control of the Legislature; making an appropriation; and providing other matters properly relating thereto.",0,,2025-11-20,"Approved by the Governor. Chapter 6. (Effective November 20, 2025)",https://legiscan.com/NV/bill/SB2/2025/X1,https://www.leg.state.nv.us/App/NELIS/REL/36th2025Special/Bill/12993/Overview
2052389,2233,SB3,4,Passed,2025-11-20,"Revises provisions relating to public assistance. (BDR 38-20)","AN ACT relating to public assistance; establishing the Silver State General Assistance Program within the Division of Social Services of the Department of Human Services; setting forth the powers and duties of the Administrator of the Division relating to the Program; creating the Account for the Silver State General Assistance Program; authorizing a transfer to that Account from the unrestricted balance of the State General Fund under certain circumstances; and providing other matters properly relating thereto.",0,,2025-11-20,"Chapter 1. (Effective November 18, 2025)",https://legiscan.com/NV/bill/SB3/2025/X1,https://www.leg.state.nv.us/App/NELIS/REL/36th2025Special/Bill/12999/Overview
2052402,2233,SB4,4,Passed,2025-12-01,"Revises provisions relating to state financial and governmental administration. (BDR S-11)","AN ACT relating to state financial administration; making supplemental appropriations and authorizing the expenditure of money for the support of the civil government of the State for the 2025-2027 biennium; increasing the maximum annual salary of the State Chief Information Officer of the Governor&#39;s Technology Office within the Office of the Governor; revising the membership of the Commission on Innovation and Excellence in Education; and providing other matters properly relating thereto.",0,,2025-12-01,"Chapter 11.",https://legiscan.com/NV/bill/SB4/2025/X1,https://www.leg.state.nv.us/App/NELIS/REL/36th2025Special/Bill/12998/Overview
2052400,2233,SB5,4,Passed,2025-12-01,"Makes revisions relating to health care. (BDR 40-32)","AN ACT relating to health care; creating the Statewide Health Care Access and Recruitment Program Account; providing for certain transfers of money out of the Account; requiring a biennial assessment of the health care needs of this State; establishing the Statewide Health Care Access and Recruitment Grant Program to award grants of money to fund certain projects to address shortages of providers of health care or clinical services or expertise identified by the assessment; requiring a grantee to enter into a funding agreement with the Nevada Health Authority; providing for certain oversight of projects funded through the Program; authorizing the Authority to take certain actions in response to certain changes to a funded project or if a grantee fails to comply with a funding agreement or applicable law; prescribing certain requirements to expedite the credentialing and privileging of providers of health care; revising the circumstances under which a registered pharmacist may possess and administer a dangerous drug for the purposes of administering an immunization; requiring the prioritization of certain applications for licensure as a physician or osteopathic physician; requiring certain reports of the Board of Medical Examiners and the State Board of Osteopathic Medicine to include certain information; making appropriations; and providing other matters properly relating thereto.",0,,2025-12-01,"Chapter 12.",https://legiscan.com/NV/bill/SB5/2025/X1,https://www.leg.state.nv.us/App/NELIS/REL/36th2025Special/Bill/12996/Overview
2052646,2233,SB6,4,Passed,2025-11-20,"Revises the Windsor Park Environmental Justice Act. (BDR S-12)","AN ACT relating to housing; revising the Windsor Park Environmental Justice Act; requiring the Housing Division of the Department of Business and Industry to adopt certain regulations and provide quarterly reports to the Interim Finance Committee; clarifying the boundaries of the Windsor Park neighborhood for the purposes of determining eligibility to participate in the program established by the Act; revising certain requirements to be eligible to acquire a new single-family residence under the Act; authorizing certain owners of vacant lots in the Windsor Park neighborhood to exchange the vacant lot under the program; enacting provisions governing the closing of transactions for the exchange of single-family residences and vacant lots; revising provisions governing the property taxes levied on a single-family residence acquired under the Act; revising provisions governing real property transfer taxes imposed on the transfer of such a residence; revising provisions governing the development of a public park to memorialize the residents of the Windsor Park neighborhood; revising provisions governing the use of certain money for the purposes of the Act; making an appropriation; and providing other matters properly relating thereto.",0,,2025-11-20,"Approved by the Governor. Chapter 7. (Effective November 20, 2025)",https://legiscan.com/NV/bill/SB6/2025/X1,https://www.leg.state.nv.us/App/NELIS/REL/36th2025Special/Bill/13002/Overview
2052660,2233,SB7,4,Passed,2025-12-01,"Revises provisions relating to occupational diseases. (BDR 53-36)","AN ACT relating to occupational diseases; revising provisions governing the circumstances when diseases of the lungs are considered to be an occupational disease for certain police officers, firefighters or arson investigators; and providing other matters properly relating thereto.",0,,2025-12-01,"Chapter 13. (Effective November 29, 2025)",https://legiscan.com/NV/bill/SB7/2025/X1,https://www.leg.state.nv.us/App/NELIS/REL/36th2025Special/Bill/13004/Overview
2052661,2233,SB8,4,Passed,2025-11-20,"Revises provisions relating to employment. (BDR 53-35)","AN ACT relating to employment; revising provisions relating to the compensation of employees; and providing other matters properly relating thereto.",0,,2025-11-20,"Approved by the Governor. Chapter 8. (Effective November 20, 2025)",https://legiscan.com/NV/bill/SB8/2025/X1,https://www.leg.state.nv.us/App/NELIS/REL/36th2025Special/Bill/13005/Overview
2053091,2233,SB9,6,Failed,2025-11-19,"Establishes provisions relating to public safety. (BDR 1-17)","AN ACT relating to public safety; establishing provisions relating to the creation of corridors and the adjudication and reporting of certain offenses committed within such corridors; revising provisions relating to assault and battery; providing penalties; and providing other matters properly relating thereto.",0,,2025-11-19,"(No further action taken.)",https://legiscan.com/NV/bill/SB9/2025/X1,https://www.leg.state.nv.us/App/NELIS/REL/36th2025Special/Bill/13007/Overview
2053257,2233,SB10,2,Engrossed,2025-11-19,"Revises provisions relating to real property. (BDR 10-38)","AN ACT relating to real property; limiting, with certain exceptions, the total aggregate number of units of residential real property in this State that may be purchased in any 1 calendar year by certain corporate investors; requiring, with certain exceptions, certain corporate investors in residential real property in this State to register with the Securities Division of the Office of the Secretary of State before purchasing a unit of residential real property; requiring the Securities Division to create and maintain a database that tracks the aggregate number of units of residential real property purchased by certain corporate investors; requiring certain corporate investors to report to the Secretary of State certain information concerning each purchase of a unit of residential real property; providing that certain purchases of residential real property are void; authorizing the Attorney General to bring certain actions; requiring the Secretary of State to establish requirements for the form and contents of an instrument that creates a life estate; prohibiting a county recorder from recording certain deeds and documents under certain circumstances; and providing other matters properly relating thereto.",0,,2025-11-19,"Read third time. Lost. (Yeas: 27, Nays: 10, Excused: 5.)",https://legiscan.com/NV/bill/SB10/2025/X1,https://www.leg.state.nv.us/App/NELIS/REL/36th2025Special/Bill/13008/Overview
2052404,2233,SR1,4,Passed,2025-11-14,"Adopts the Rules of the Senate for the 36th Special Session of the Nevada Legislature. (BDR R-2)","Adopting the Rules of the Senate for the 36th Special Session of the Nevada Legislature.",0,,2025-11-14,"File No. 1. (Effective November 13, 2025)",https://legiscan.com/NV/bill/SR1/2025/X1,https://www.leg.state.nv.us/App/NELIS/REL/36th2025Special/Bill/12982/Overview
2052399,2233,SR2,4,Passed,2025-11-15,"Provides that no allowances will be paid for the 36th Special Session of the Nevada Legislature for periodicals, stamps, stationery or communications. (BDR R-3)","Providing that no allowances will be paid for the 36th Special Session of the Nevada Legislature for periodicals, stamps, stationery or communications.",0,,2025-11-15,"File No. 4. (Effective November 13, 2025)",https://legiscan.com/NV/bill/SR2/2025/X1,https://www.leg.state.nv.us/App/NELIS/REL/36th2025Special/Bill/13000/Overview
2052396,2233,SR3,4,Passed,2025-11-15,"Recognizes the appointment of the Senate staff. (BDR R-28)","Recognizing the appointment of the Senate staff.",0,,2025-11-15,"File No. 5. (Effective November 13, 2025)",https://legiscan.com/NV/bill/SR3/2025/X1,https://www.leg.state.nv.us/App/NELIS/REL/36th2025Special/Bill/13001/Overview
2053308,2233,SJR1,4,Passed,2025-11-21,"Proposes to amend the Nevada Constitution to enact various requirements relating to the distribution and submission of mail ballots. (BDR C-7)","Proposing to amend the Nevada Constitution to enact various requirements relating to the distribution and submission of mail ballots.",0,,2025-11-21,"File No. 10.",https://legiscan.com/NV/bill/SJR1/2025/X1,https://www.leg.state.nv.us/App/NELIS/REL/36th2025Special/Bill/13009/Overview
