bill_id,document_id,document_type,document_size,document_mime,document_desc,url,state_link
2052392,3284125,text,342279,application/pdf,Introduced,https://legiscan.com/NV/text/AB1/id/3284125,https://www.leg.state.nv.us/Session/36th2025Special/Bills/AB/AB1.pdf
2052392,3284418,text,459350,application/pdf,Amended,https://legiscan.com/NV/text/AB1/id/3284418,https://www.leg.state.nv.us/Session/36th2025Special/Bills/AB/AB1_R1.pdf
2052392,3284425,text,459774,application/pdf,Amended,https://legiscan.com/NV/text/AB1/id/3284425,https://www.leg.state.nv.us/Session/36th2025Special/Bills/AB/AB1_R2.pdf
2052392,3284435,text,429057,application/pdf,Enrolled,https://legiscan.com/NV/text/AB1/id/3284435,https://www.leg.state.nv.us/Session/36th2025Special/Bills/AB/AB1_EN.pdf
2052391,3284124,text,315245,application/pdf,Introduced,https://legiscan.com/NV/text/AB2/id/3284124,https://www.leg.state.nv.us/Session/36th2025Special/Bills/AB/AB2.pdf
2052391,3284421,text,304992,application/pdf,Enrolled,https://legiscan.com/NV/text/AB2/id/3284421,https://www.leg.state.nv.us/Session/36th2025Special/Bills/AB/AB2_EN.pdf
2052397,3284129,text,452509,application/pdf,Introduced,https://legiscan.com/NV/text/AB3/id/3284129,https://www.leg.state.nv.us/Session/36th2025Special/Bills/AB/AB3.pdf
2052397,3284434,text,428100,application/pdf,Enrolled,https://legiscan.com/NV/text/AB3/id/3284434,https://www.leg.state.nv.us/Session/36th2025Special/Bills/AB/AB3_EN.pdf
2052395,3284128,text,723200,application/pdf,Introduced,https://legiscan.com/NV/text/AB4/id/3284128,https://www.leg.state.nv.us/Session/36th2025Special/Bills/AB/AB4.pdf
2052395,3284423,text,744441,application/pdf,Amended,https://legiscan.com/NV/text/AB4/id/3284423,https://www.leg.state.nv.us/Session/36th2025Special/Bills/AB/AB4_R1.pdf
2052395,3284426,text,725427,application/pdf,Amended,https://legiscan.com/NV/text/AB4/id/3284426,https://www.leg.state.nv.us/Session/36th2025Special/Bills/AB/AB4_R2.pdf
2052395,3284992,text,738324,application/pdf,Amended,https://legiscan.com/NV/text/AB4/id/3284992,https://www.leg.state.nv.us/Session/36th2025Special/Bills/AB/AB4_R3.pdf
2052395,3285245,text,741775,application/pdf,Amended,https://legiscan.com/NV/text/AB4/id/3285245,https://www.leg.state.nv.us/Session/36th2025Special/Bills/AB/AB4_R4.pdf
2052395,3285269,text,687672,application/pdf,Enrolled,https://legiscan.com/NV/text/AB4/id/3285269,https://www.leg.state.nv.us/Session/36th2025Special/Bills/AB/AB4_EN.pdf
2052403,3284134,text,735903,application/pdf,Introduced,https://legiscan.com/NV/text/AB5/id/3284134,https://www.leg.state.nv.us/Session/36th2025Special/Bills/AB/AB5.pdf
2052403,3284420,text,679398,application/pdf,Amended,https://legiscan.com/NV/text/AB5/id/3284420,https://www.leg.state.nv.us/Session/36th2025Special/Bills/AB/AB5_R1.pdf
2052403,3284429,text,679688,application/pdf,Amended,https://legiscan.com/NV/text/AB5/id/3284429,https://www.leg.state.nv.us/Session/36th2025Special/Bills/AB/AB5_R2.pdf
2052390,3284123,text,556765,application/pdf,Introduced,https://legiscan.com/NV/text/AB6/id/3284123,https://www.leg.state.nv.us/Session/36th2025Special/Bills/AB/AB6.pdf
2052390,3284431,text,563028,application/pdf,Amended,https://legiscan.com/NV/text/AB6/id/3284431,https://www.leg.state.nv.us/Session/36th2025Special/Bills/AB/AB6_R1.pdf
2052390,3284998,text,557588,application/pdf,Amended,https://legiscan.com/NV/text/AB6/id/3284998,https://www.leg.state.nv.us/Session/36th2025Special/Bills/AB/AB6_R2.pdf
2052390,3285280,text,517245,application/pdf,Enrolled,https://legiscan.com/NV/text/AB6/id/3285280,https://www.leg.state.nv.us/Session/36th2025Special/Bills/AB/AB6_EN.pdf
2052387,3284120,text,127815,application/pdf,Introduced,https://legiscan.com/NV/text/AR1/id/3284120,https://www.leg.state.nv.us/Session/36th2025Special/Bills/AR/AR1.pdf
2052387,3284259,text,117159,application/pdf,Enrolled,https://legiscan.com/NV/text/AR1/id/3284259,https://www.leg.state.nv.us/Session/36th2025Special/Bills/AR/AR1_EN.pdf
2052401,3284132,text,125910,application/pdf,Introduced,https://legiscan.com/NV/text/AR2/id/3284132,https://www.leg.state.nv.us/Session/36th2025Special/Bills/AR/AR2.pdf
2052401,3284260,text,114235,application/pdf,Enrolled,https://legiscan.com/NV/text/AR2/id/3284260,https://www.leg.state.nv.us/Session/36th2025Special/Bills/AR/AR2_EN.pdf
2052398,3284130,text,279634,application/pdf,Introduced,https://legiscan.com/NV/text/ACR1/id/3284130,https://www.leg.state.nv.us/Session/36th2025Special/Bills/ACR/ACR1.pdf
2052398,3284408,text,265102,application/pdf,Enrolled,https://legiscan.com/NV/text/ACR1/id/3284408,https://www.leg.state.nv.us/Session/36th2025Special/Bills/ACR/ACR1_EN.pdf
2052394,3284127,text,128433,application/pdf,Introduced,https://legiscan.com/NV/text/ACR2/id/3284127,https://www.leg.state.nv.us/Session/36th2025Special/Bills/ACR/ACR2.pdf
2052394,3284406,text,117302,application/pdf,Enrolled,https://legiscan.com/NV/text/ACR2/id/3284406,https://www.leg.state.nv.us/Session/36th2025Special/Bills/ACR/ACR2_EN.pdf
2052393,3284126,text,128116,application/pdf,Introduced,https://legiscan.com/NV/text/ACR3/id/3284126,https://www.leg.state.nv.us/Session/36th2025Special/Bills/ACR/ACR3.pdf
2052393,3284407,text,117626,application/pdf,Enrolled,https://legiscan.com/NV/text/ACR3/id/3284407,https://www.leg.state.nv.us/Session/36th2025Special/Bills/ACR/ACR3_EN.pdf
2052406,3284137,text,130623,application/pdf,Introduced,https://legiscan.com/NV/text/ACR4/id/3284137,https://www.leg.state.nv.us/Session/36th2025Special/Bills/ACR/ACR4.pdf
2052406,3284411,text,131556,application/pdf,Amended,https://legiscan.com/NV/text/ACR4/id/3284411,https://www.leg.state.nv.us/Session/36th2025Special/Bills/ACR/ACR4_R1.pdf
2052406,3284422,text,120157,application/pdf,Enrolled,https://legiscan.com/NV/text/ACR4/id/3284422,https://www.leg.state.nv.us/Session/36th2025Special/Bills/ACR/ACR4_EN.pdf
2052405,3284136,text,131335,application/pdf,Introduced,https://legiscan.com/NV/text/ACR5/id/3284136,https://www.leg.state.nv.us/Session/36th2025Special/Bills/ACR/ACR5.pdf
2052386,3284119,text,221347,application/pdf,Introduced,https://legiscan.com/NV/text/SB1/id/3284119,https://www.leg.state.nv.us/Session/36th2025Special/Bills/SB/SB1.pdf
2052386,3284709,text,212652,application/pdf,Enrolled,https://legiscan.com/NV/text/SB1/id/3284709,https://www.leg.state.nv.us/Session/36th2025Special/Bills/SB/SB1_EN.pdf
2052388,3284121,text,442325,application/pdf,Introduced,https://legiscan.com/NV/text/SB2/id/3284121,https://www.leg.state.nv.us/Session/36th2025Special/Bills/SB/SB2.pdf
2052388,3284715,text,448640,application/pdf,Amended,https://legiscan.com/NV/text/SB2/id/3284715,https://www.leg.state.nv.us/Session/36th2025Special/Bills/SB/SB2_R1.pdf
2052388,3284716,text,431225,application/pdf,Enrolled,https://legiscan.com/NV/text/SB2/id/3284716,https://www.leg.state.nv.us/Session/36th2025Special/Bills/SB/SB2_EN.pdf
2052389,3284122,text,390003,application/pdf,Introduced,https://legiscan.com/NV/text/SB3/id/3284122,https://www.leg.state.nv.us/Session/36th2025Special/Bills/SB/SB3.pdf
2052389,3284230,text,374312,application/pdf,Amended,https://legiscan.com/NV/text/SB3/id/3284230,https://www.leg.state.nv.us/Session/36th2025Special/Bills/SB/SB3_R1.pdf
2052389,3284424,text,355219,application/pdf,Enrolled,https://legiscan.com/NV/text/SB3/id/3284424,https://www.leg.state.nv.us/Session/36th2025Special/Bills/SB/SB3_EN.pdf
2052402,3284133,text,158144,application/pdf,Introduced,https://legiscan.com/NV/text/SB4/id/3284133,https://www.leg.state.nv.us/Session/36th2025Special/Bills/SB/SB4.pdf
2052402,3284405,text,182859,application/pdf,Amended,https://legiscan.com/NV/text/SB4/id/3284405,https://www.leg.state.nv.us/Session/36th2025Special/Bills/SB/SB4_R1.pdf
2052402,3284432,text,184977,application/pdf,Amended,https://legiscan.com/NV/text/SB4/id/3284432,https://www.leg.state.nv.us/Session/36th2025Special/Bills/SB/SB4_R2.pdf
2052402,3285252,text,173386,application/pdf,Enrolled,https://legiscan.com/NV/text/SB4/id/3285252,https://www.leg.state.nv.us/Session/36th2025Special/Bills/SB/SB4_EN.pdf
2052400,3284131,text,532202,application/pdf,Introduced,https://legiscan.com/NV/text/SB5/id/3284131,https://www.leg.state.nv.us/Session/36th2025Special/Bills/SB/SB5.pdf
2052400,3284225,text,506933,application/pdf,Amended,https://legiscan.com/NV/text/SB5/id/3284225,https://www.leg.state.nv.us/Session/36th2025Special/Bills/SB/SB5_R1.pdf
2052400,3284433,text,507876,application/pdf,Amended,https://legiscan.com/NV/text/SB5/id/3284433,https://www.leg.state.nv.us/Session/36th2025Special/Bills/SB/SB5_R2.pdf
2052400,3285258,text,475224,application/pdf,Enrolled,https://legiscan.com/NV/text/SB5/id/3285258,https://www.leg.state.nv.us/Session/36th2025Special/Bills/SB/SB5_EN.pdf
2052646,3284370,text,398391,application/pdf,Introduced,https://legiscan.com/NV/text/SB6/id/3284370,https://www.leg.state.nv.us/Session/36th2025Special/Bills/SB/SB6.pdf
2052646,3284430,text,399806,application/pdf,Amended,https://legiscan.com/NV/text/SB6/id/3284430,https://www.leg.state.nv.us/Session/36th2025Special/Bills/SB/SB6_R1.pdf
2052646,3284616,text,400211,application/pdf,Amended,https://legiscan.com/NV/text/SB6/id/3284616,https://www.leg.state.nv.us/Session/36th2025Special/Bills/SB/SB6_R2.pdf
2052646,3284708,text,378933,application/pdf,Enrolled,https://legiscan.com/NV/text/SB6/id/3284708,https://www.leg.state.nv.us/Session/36th2025Special/Bills/SB/SB6_EN.pdf
2052660,3284417,text,242146,application/pdf,Introduced,https://legiscan.com/NV/text/SB7/id/3284417,https://www.leg.state.nv.us/Session/36th2025Special/Bills/SB/SB7.pdf
2052660,3284707,text,230411,application/pdf,Enrolled,https://legiscan.com/NV/text/SB7/id/3284707,https://www.leg.state.nv.us/Session/36th2025Special/Bills/SB/SB7_EN.pdf
2052661,3284419,text,230632,application/pdf,Introduced,https://legiscan.com/NV/text/SB8/id/3284419,https://www.leg.state.nv.us/Session/36th2025Special/Bills/SB/SB8.pdf
2052661,3284523,text,237177,application/pdf,Amended,https://legiscan.com/NV/text/SB8/id/3284523,https://www.leg.state.nv.us/Session/36th2025Special/Bills/SB/SB8_R1.pdf
2052661,3285037,text,237958,application/pdf,Amended,https://legiscan.com/NV/text/SB8/id/3285037,https://www.leg.state.nv.us/Session/36th2025Special/Bills/SB/SB8_R2.pdf
2052661,3285038,text,221271,application/pdf,Enrolled,https://legiscan.com/NV/text/SB8/id/3285038,https://www.leg.state.nv.us/Session/36th2025Special/Bills/SB/SB8_EN.pdf
2053091,3285032,text,398433,application/pdf,Introduced,https://legiscan.com/NV/text/SB9/id/3285032,https://www.leg.state.nv.us/Session/36th2025Special/Bills/SB/SB9.pdf
2053257,3285136,text,343092,application/pdf,Introduced,https://legiscan.com/NV/text/SB10/id/3285136,https://www.leg.state.nv.us/Session/36th2025Special/Bills/SB/SB10.pdf
2053257,3285234,text,370853,application/pdf,Amended,https://legiscan.com/NV/text/SB10/id/3285234,https://www.leg.state.nv.us/Session/36th2025Special/Bills/SB/SB10_R1.pdf
2052404,3284135,text,341421,application/pdf,Introduced,https://legiscan.com/NV/text/SR1/id/3284135,https://www.leg.state.nv.us/Session/36th2025Special/Bills/SR/SR1.pdf
2052404,3284261,text,321238,application/pdf,Enrolled,https://legiscan.com/NV/text/SR1/id/3284261,https://www.leg.state.nv.us/Session/36th2025Special/Bills/SR/SR1_EN.pdf
2052399,3284202,text,125838,application/pdf,Introduced,https://legiscan.com/NV/text/SR2/id/3284202,https://www.leg.state.nv.us/Session/36th2025Special/Bills/SR/SR2.pdf
2052399,3284403,text,113559,application/pdf,Enrolled,https://legiscan.com/NV/text/SR2/id/3284403,https://www.leg.state.nv.us/Session/36th2025Special/Bills/SR/SR2_EN.pdf
2052396,3284200,text,128272,application/pdf,Introduced,https://legiscan.com/NV/text/SR3/id/3284200,https://www.leg.state.nv.us/Session/36th2025Special/Bills/SR/SR3.pdf
2052396,3284383,text,116614,application/pdf,Enrolled,https://legiscan.com/NV/text/SR3/id/3284383,https://www.leg.state.nv.us/Session/36th2025Special/Bills/SR/SR3_EN.pdf
2053308,3285271,text,221767,application/pdf,Introduced,https://legiscan.com/NV/text/SJR1/id/3285271,https://www.leg.state.nv.us/Session/36th2025Special/Bills/SJR/SJR1.pdf
2053308,3285366,text,211584,application/pdf,Enrolled,https://legiscan.com/NV/text/SJR1/id/3285366,https://www.leg.state.nv.us/Session/36th2025Special/Bills/SJR/SJR1_EN.pdf
2052392,265971,amendment,465135,application/pdf,"Assembly Amendment 11",https://legiscan.com/NV/amendment/AB1/id/265971,https://www.leg.state.nv.us/Session/36th2025Special/Bills/Amendments/A_AB1_11.pdf
2052392,265974,amendment,457132,application/pdf,"Senate Amendment 14",https://legiscan.com/NV/amendment/AB1/id/265974,https://www.leg.state.nv.us/Session/36th2025Special/Bills/Amendments/A_AB1_R1_14.pdf
2052395,265972,amendment,734712,application/pdf,"Assembly Amendment 13",https://legiscan.com/NV/amendment/AB4/id/265972,https://www.leg.state.nv.us/Session/36th2025Special/Bills/Amendments/A_AB4_13.pdf
2052395,265976,amendment,278937,application/pdf,"Assembly Amendment 15",https://legiscan.com/NV/amendment/AB4/id/265976,https://www.leg.state.nv.us/Session/36th2025Special/Bills/Amendments/A_AB4_R1_15.pdf
2052395,266022,amendment,712711,application/pdf,"Senate Amendment 31",https://legiscan.com/NV/amendment/AB4/id/266022,https://www.leg.state.nv.us/Session/36th2025Special/Bills/Amendments/A_AB4_R2_31.pdf
2052395,266043,amendment,709403,application/pdf,"Senate Amendment 34",https://legiscan.com/NV/amendment/AB4/id/266043,https://www.leg.state.nv.us/Session/36th2025Special/Bills/Amendments/A_AB4_R3_34.pdf
2052403,265973,amendment,550850,application/pdf,"Assembly Amendment 10",https://legiscan.com/NV/amendment/AB5/id/265973,https://www.leg.state.nv.us/Session/36th2025Special/Bills/Amendments/A_AB5_10.pdf
2052403,265975,amendment,173384,application/pdf,"Amendment 16",https://legiscan.com/NV/amendment/AB5/id/265975,https://www.leg.state.nv.us/Session/36th2025Special/Bills/Amendments/A_AB5_R1_16.pdf
2052390,265978,amendment,551231,application/pdf,"Assembly Amendment 6",https://legiscan.com/NV/amendment/AB6/id/265978,https://www.leg.state.nv.us/Session/36th2025Special/Bills/Amendments/A_AB6_6.pdf
2052390,266016,amendment,552724,application/pdf,"Amendment 29",https://legiscan.com/NV/amendment/AB6/id/266016,https://www.leg.state.nv.us/Session/36th2025Special/Bills/Amendments/A_AB6_R1_29.pdf
2052406,265970,amendment,135882,application/pdf,"Assembly Amendment 7",https://legiscan.com/NV/amendment/ACR4/id/265970,https://www.leg.state.nv.us/Session/36th2025Special/Bills/Amendments/A_ACR4_7.pdf
2052388,266001,amendment,455428,application/pdf,"Assembly Amendment 18",https://legiscan.com/NV/amendment/SB2/id/266001,https://www.leg.state.nv.us/Session/36th2025Special/Bills/Amendments/A_SB2_18.pdf
2052389,265964,amendment,386039,application/pdf,"Senate Amendment 1",https://legiscan.com/NV/amendment/SB3/id/265964,https://www.leg.state.nv.us/Session/36th2025Special/Bills/Amendments/A_SB3_1.pdf
2052402,265969,amendment,185929,application/pdf,"Senate Amendment 9",https://legiscan.com/NV/amendment/SB4/id/265969,https://www.leg.state.nv.us/Session/36th2025Special/Bills/Amendments/A_SB4_9.pdf
2052402,265979,amendment,187479,application/pdf,"Assembly Amendment 17",https://legiscan.com/NV/amendment/SB4/id/265979,https://www.leg.state.nv.us/Session/36th2025Special/Bills/Amendments/A_SB4_R1_17.pdf
2052400,265965,amendment,502987,application/pdf,"Senate Amendment 2",https://legiscan.com/NV/amendment/SB5/id/265965,https://www.leg.state.nv.us/Session/36th2025Special/Bills/Amendments/A_SB5_2.pdf
2052400,265980,amendment,504511,application/pdf,"Assembly Amendment 8",https://legiscan.com/NV/amendment/SB5/id/265980,https://www.leg.state.nv.us/Session/36th2025Special/Bills/Amendments/A_SB5_R1_8.pdf
2052646,265977,amendment,421342,application/pdf,"Senate Amendment 12",https://legiscan.com/NV/amendment/SB6/id/265977,https://www.leg.state.nv.us/Session/36th2025Special/Bills/Amendments/A_SB6_12.pdf
2052646,265987,amendment,272248,application/pdf,"Amendment 22",https://legiscan.com/NV/amendment/SB6/id/265987,https://www.leg.state.nv.us/Session/36th2025Special/Bills/Amendments/A_SB6_R1_22.pdf
2052661,265981,amendment,243336,application/pdf,"Senate Amendment 21",https://legiscan.com/NV/amendment/SB8/id/265981,https://www.leg.state.nv.us/Session/36th2025Special/Bills/Amendments/A_SB8_21.pdf
2052661,266025,amendment,247260,application/pdf,"Assembly Amendment 27",https://legiscan.com/NV/amendment/SB8/id/266025,https://www.leg.state.nv.us/Session/36th2025Special/Bills/Amendments/A_SB8_R1_27.pdf
2053257,266042,amendment,386032,application/pdf,"Senate Amendment 32",https://legiscan.com/NV/amendment/SB10/id/266042,https://www.leg.state.nv.us/Session/36th2025Special/Bills/Amendments/A_SB10_32.pdf
2053257,266046,amendment,382094,application/pdf,"Amendment 35",https://legiscan.com/NV/amendment/SB10/id/266046,https://www.leg.state.nv.us/Session/36th2025Special/Bills/Amendments/A_SB10_R1_35.pdf
