bill_id,roll_call_id,date,chamber,description,yea,nay,nv,absent,total
2052386,1609330,2025-11-13,Senate,"Senate Final Passage",21,0,0,0,21
2052386,1609399,2025-11-17,Assembly,"Assembly Final Passage",39,0,0,3,42
2052388,1609331,2025-11-13,Senate,"Senate Final Passage",21,0,0,0,21
2052388,1609410,2025-11-17,Assembly,"Assembly Final Passage",39,0,0,3,42
2052389,1609332,2025-11-13,Senate,"Senate Final Passage",21,0,0,0,21
2052389,1609340,2025-11-15,Assembly,"Assembly Final Passage",42,0,0,0,42
2052390,1609351,2025-11-16,Assembly,"Assembly Final Passage",42,0,0,0,42
2052390,1609569,2025-11-18,Senate,"Senate Final Passage",18,0,0,3,21
2052391,1609339,2025-11-15,Senate,"Senate Final Passage",19,1,0,1,21
2052391,1609342,2025-11-14,Assembly,"Assembly Final Passage",40,2,0,0,42
2052392,1609341,2025-11-15,Assembly,"Assembly Final Passage",42,0,0,0,42
2052392,1609346,2025-11-15,Senate,"Senate Final Passage",19,0,0,2,21
2052395,1609347,2025-11-16,Assembly,"Assembly Final Passage",31,11,0,0,42
2052395,1609567,2025-11-18,Senate,"Senate Final Passage",16,2,0,3,21
2052395,1609692,2025-11-19,Senate,"Senate Final Passage",16,2,0,3,21
2052397,1609344,2025-11-15,Assembly,"Assembly Final Passage",40,2,0,0,42
2052397,1609345,2025-11-15,Senate,"Senate Final Passage",19,0,0,2,21
2052400,1609333,2025-11-13,Senate,"Senate Final Passage",15,6,0,0,21
2052400,1609703,2025-11-19,Assembly,"Assembly Final Passage",37,0,0,5,42
2052402,1609337,2025-11-14,Senate,"Senate Final Passage",15,5,0,1,21
2052402,1609700,2025-11-19,Assembly,"Assembly Final Passage",30,7,0,5,42
2052403,1609348,2025-11-16,Assembly,"Assembly Final Passage",22,20,0,0,42
2052403,1609698,2025-11-19,Senate,"Senate Final Passage",10,8,0,3,21
2052646,1609349,2025-11-16,Senate,"Senate Final Passage",19,2,0,0,21
2052646,1609394,2025-11-17,Assembly,"Assembly Final Passage",38,0,1,3,42
2052660,1609343,2025-11-15,Senate,"Senate Final Passage",15,5,0,1,21
2052660,1609383,2025-11-17,Assembly,"Assembly Final Passage",33,6,0,3,42
2052661,1609352,2025-11-16,Senate,"Senate Final Passage",19,2,0,0,21
2052661,1609583,2025-11-18,Assembly,"Assembly Final Passage",33,4,0,5,42
2053257,1609679,2025-11-19,Senate,"Senate Final Passage",18,0,0,3,21
2053257,1609701,2025-11-19,Assembly,"Assembly Final Passage",27,10,0,5,42
2053308,1609715,2025-11-19,Assembly,"Assembly Final Passage",26,9,0,7,42
2053308,1609716,2025-11-19,Senate,"Senate Final Passage",12,4,0,5,21
