bill_id,roll_call_id,date,chamber,description,yea,nay,nv,absent,total
2056491,1614392,2026-01-20,House,"House/ passed 3rd reading",74,0,0,1,75
2056518,1614530,2026-01-20,House,"House/ passed 3rd reading",74,0,0,1,75
2056705,1614694,2026-01-20,House,"House/ passed 3rd reading",73,0,0,2,75
2056736,1614589,2026-01-20,Senate,"Senate/ passed 2nd & 3rd readings/ suspension",24,0,0,5,29
2056780,1614819,2026-01-20,Senate,"Senate/ passed 2nd & 3rd readings/ suspension",25,0,0,4,29
2056787,1614812,2026-01-20,Senate,"Senate/ passed 2nd & 3rd readings/ suspension",26,0,0,3,29
2056787,1614813,2026-01-20,Senate,"Senate/ passed 2nd & 3rd readings/ suspension",28,0,0,1,29
2056794,1614814,2026-01-20,Senate,"Senate/ passed 2nd & 3rd readings/ suspension",26,0,0,3,29
2056805,1614811,2026-01-20,Senate,"Senate/ passed 2nd & 3rd readings/ suspension",26,0,0,3,29
2056812,1614816,2026-01-20,House,"House/ passed 3rd reading",74,1,0,0,75
2056819,1614820,2026-01-20,Senate,"Senate/ passed 2nd & 3rd readings/ suspension",28,0,0,1,29
2056829,1614817,2026-01-20,Senate,"Senate/ passed 2nd & 3rd readings/ suspension",27,0,0,2,29
2056844,1616820,2026-01-23,House,"House Comm - Substitute Recommendation",11,0,0,0,11
2056844,1616821,2026-01-23,House,"House Comm - Favorable Recommendation",11,0,0,0,11
2056862,1614821,2026-01-20,House,"House/ passed 3rd reading",75,0,0,0,75
2056876,1615516,2026-01-21,House,"House Comm - Favorable Recommendation",10,0,0,2,12
2056886,1614543,2026-01-20,Senate,"Senate/ passed 2nd & 3rd readings/ suspension",28,0,0,1,29
2056893,1615507,2026-01-21,Senate,"Senate Comm - Favorable Recommendation",3,2,0,2,7
2056901,1614831,2026-01-20,Senate,"Senate/ passed 2nd & 3rd readings/ suspension",28,0,0,1,29
2056910,1615265,2026-01-21,House,"House Comm - Amendment Recommendation",11,0,0,1,12
2056910,1615266,2026-01-21,House,"House Comm - Amendment Recommendation",11,0,0,1,12
2056910,1615267,2026-01-21,House,"House Comm - Favorable Recommendation",11,0,0,1,12
2056910,1616647,2026-01-23,House,"House/ passed 3rd reading",70,0,0,5,75
2056916,1616722,2026-01-23,House,"House Comm - Substitute Recommendation",11,0,0,1,12
2056916,1616723,2026-01-23,House,"House Comm - Favorable Recommendation",11,0,0,1,12
2056934,1615193,2026-01-21,House,"House Comm - Favorable Recommendation",10,1,0,1,12
2056934,1616628,2026-01-23,House,"House/ passed 3rd reading",61,8,0,6,75
2056940,1615261,2026-01-21,Senate,"Senate/ passed 2nd reading",26,1,0,2,29
2056948,1616813,2026-01-23,House,"House Comm - Substitute Recommendation",9,0,0,2,11
2056948,1616814,2026-01-23,House,"House Comm - Amendment Recommendation",9,0,0,2,11
2056948,1616815,2026-01-23,House,"House Comm - Favorable Recommendation",9,0,0,2,11
2057189,1614776,2026-01-20,Senate,"Senate/ passed 2nd & 3rd readings/ suspension",26,0,0,3,29
2057194,1616718,2026-01-23,House,"House Comm - Substitute Recommendation",8,0,0,6,14
2057194,1616719,2026-01-23,House,"House Comm - Amendment Recommendation",9,0,0,5,14
2057194,1616720,2026-01-23,House,"House Comm - Favorable Recommendation",8,1,0,5,14
2057199,1614625,2026-01-20,House,"House/ passed 3rd reading",70,3,0,2,75
2057200,1614818,2026-01-20,House,"House/ passed 3rd reading",74,1,0,0,75
2057202,1614868,2026-01-20,Senate,"Senate/ passed 2nd & 3rd readings/ suspension",28,0,0,1,29
2057205,1616833,2026-01-23,Senate,"Senate Comm - Held",5,0,0,2,7
2057207,1614885,2026-01-20,House,"House/ passed 3rd reading",72,0,0,3,75
2057208,1614887,2026-01-20,Senate,"Senate/ passed 2nd & 3rd readings/ suspension",28,0,0,1,29
2057210,1614863,2026-01-20,House,"House/ passed 3rd reading",73,1,0,1,75
2057213,1615215,2026-01-21,House,"House Comm - Favorable Recommendation",11,0,0,1,12
2057213,1616690,2026-01-23,House,"House/ passed 3rd reading",72,0,0,3,75
2057215,1614886,2026-01-20,Senate,"Senate/ passed 2nd & 3rd readings/ suspension",28,0,0,1,29
2058981,1614888,2026-01-20,House,"House/ passed 3rd reading",72,0,0,3,75
2059265,1616674,2026-01-23,House,"House Comm - Substitute Recommendation",11,0,0,3,14
2059265,1616675,2026-01-23,House,"House Comm - Favorable Recommendation",11,0,0,3,14
2059285,1614677,2026-01-20,Senate,"Senate/ passed 2nd reading",28,0,0,1,29
2059285,1615092,2026-01-21,Senate,"Senate/ passed 3rd reading",26,0,0,3,29
2059306,1614801,2026-01-20,House,"House/ passed 3rd reading",69,1,0,5,75
2059348,1614804,2026-01-20,Senate,"Senate/ passed 2nd & 3rd readings/ suspension",28,0,0,1,29
2060247,1615005,2026-01-21,House,"House/ passed 3rd reading",70,3,0,2,75
2060248,1614862,2026-01-20,Senate,"Senate/ passed 2nd & 3rd readings/ suspension",26,0,0,3,29
2060249,1615088,2026-01-21,House,"House/ passed 3rd reading",70,3,0,2,75
2060250,1615600,2026-01-21,House,"House Comm - Substitute Recommendation",11,0,0,0,11
2060250,1615601,2026-01-21,House,"House Comm - Favorable Recommendation",11,0,0,0,11
2060252,1614650,2026-01-20,Senate,"Senate/ passed 2nd & 3rd readings/ suspension",27,0,0,2,29
2060255,1616181,2026-01-22,House,"House Comm - Favorable Recommendation",12,0,0,4,16
2060466,1615020,2026-01-21,House,"House/ passed 3rd reading",74,0,0,1,75
2060485,1616757,2026-01-23,House,"House Comm - Substitute Recommendation",11,0,0,0,11
2060485,1616758,2026-01-23,House,"House Comm - Favorable Recommendation",11,0,0,0,11
2060496,1614883,2026-01-20,Senate,"Senate/ passed 2nd & 3rd readings/ suspension",24,0,0,5,29
2060515,1616392,2026-01-22,House,"House/ passed 3rd reading",73,0,0,2,75
2060523,1616285,2026-01-22,House,"House/ passed 3rd reading",50,19,0,6,75
2060540,1615530,2026-01-21,House,"House/ passed 3rd reading",63,12,0,0,75
2060550,1616187,2026-01-22,House,"House Comm - Amendment Recommendation",11,0,0,4,15
2060550,1616188,2026-01-22,House,"House Comm - Favorable Recommendation",11,0,0,4,15
2060550,1616189,2026-01-22,House,"House Comm - Consent Calendar Recommendation",11,0,0,4,15
2060561,1615748,2026-01-22,House,"House/ passed 3rd reading",75,0,0,0,75
2060569,1616020,2026-01-22,Senate,"Senate Comm - Favorable Recommendation",4,0,0,4,8
2060577,1614702,2026-01-20,Senate,"Senate/ passed 2nd & 3rd readings/ suspension",26,0,0,3,29
2060596,1616724,2026-01-23,House,"House Comm - Substitute Recommendation",11,0,0,1,12
2060596,1616725,2026-01-23,House,"House Comm - Favorable Recommendation",11,0,0,1,12
2060681,1616429,2026-01-22,House,"House/ passed 3rd reading",74,0,0,1,75
2060685,1616615,2026-01-23,House,"House Comm - Amendment Recommendation",11,0,0,3,14
2060685,1616616,2026-01-23,House,"House Comm - Favorable Recommendation",11,0,0,3,14
2060690,1614696,2026-01-20,Senate,"Senate/ passed 2nd & 3rd readings/ suspension",26,0,0,3,29
2060693,1616661,2026-01-23,House,"House Comm - Favorable Recommendation",9,0,0,5,14
2060700,1614654,2026-01-20,Senate,"Senate/ passed 2nd & 3rd readings/ suspension",26,0,0,3,29
2060705,1616765,2026-01-23,Senate,"Senate Comm - Favorable Recommendation",5,1,0,1,7
2060716,1616784,2026-01-23,House,"House Comm - Favorable Recommendation",7,2,0,5,14
2060728,1614673,2026-01-20,Senate,"Senate/ passed 2nd & 3rd readings/ suspension",25,0,0,4,29
2060734,1614457,2026-01-20,House,"House Comm - Substitute Recommendation",8,0,0,0,8
2060734,1614458,2026-01-20,House,"House Comm - Favorable Recommendation",8,0,0,0,8
2060734,1614903,2026-01-20,House,"House/ passed 3rd reading",72,1,0,2,75
2060739,1615089,2026-01-21,Senate,"Senate/ passed 2nd & 3rd readings/ suspension",24,0,0,5,29
2060746,1616209,2026-01-22,House,"House Comm - Substitute Recommendation",13,0,0,3,16
2060746,1616210,2026-01-22,House,"House Comm - Favorable Recommendation",11,0,0,5,16
2060754,1615275,2026-01-21,Senate,"Senate/ passed 2nd & 3rd readings/ suspension",28,0,0,1,29
2060757,1614787,2026-01-20,Senate,"Senate/ passed 2nd & 3rd readings/ suspension",26,0,0,3,29
2060763,1616152,2026-01-22,House,"House/ passed 3rd reading",70,0,0,5,75
2060768,1615294,2026-01-21,Senate,"Senate/ passed 2nd & 3rd readings/ suspension",26,0,0,3,29
2060774,1616155,2026-01-22,House,"House/ passed 3rd reading",60,11,0,4,75
2060779,1615859,2026-01-22,House,"House/ passed 3rd reading",73,1,0,1,75
2060825,1616063,2026-01-22,House,"House Comm - Substitute Recommendation",13,0,0,1,14
2060825,1616064,2026-01-22,House,"House Comm - Favorable Recommendation",11,2,0,1,14
2060839,1614859,2026-01-20,Senate,"Senate/ passed 2nd & 3rd readings/ suspension",27,0,0,2,29
2060852,1614856,2026-01-20,House,"House Comm - Substitute Recommendation",8,0,0,0,8
2060852,1614857,2026-01-20,House,"House Comm - Favorable Recommendation",8,0,0,0,8
2060865,1614858,2026-01-20,Senate,"Senate/ passed 2nd reading",19,8,0,2,29
2060893,1614864,2026-01-20,House,"House Comm - Substitute Recommendation",7,1,0,0,8
2060893,1614865,2026-01-20,House,"House Comm - Favorable Recommendation",7,1,0,0,8
2060917,1615527,2026-01-21,House,"House Comm - Amendment Recommendation",9,0,0,3,12
2060917,1615528,2026-01-21,House,"House Comm - Favorable Recommendation",10,0,0,2,12
2060920,1615514,2026-01-21,Senate,"Senate Comm - Favorable Recommendation",4,0,0,4,8
2060920,1616115,2026-01-22,Senate,"Senate/ passed 2nd reading",26,0,0,3,29
2060926,1615999,2026-01-22,Senate,"Senate Comm - Amendment Recommendation",5,0,0,2,7
2060926,1616000,2026-01-22,Senate,"Senate Comm - Favorable Recommendation",4,1,0,2,7
2060928,1614826,2026-01-20,House,"House Comm - Favorable Recommendation",8,0,0,0,8
2060928,1616752,2026-01-23,House,"House/ passed 3rd reading",68,1,0,6,75
2060934,1614731,2026-01-20,Senate,"Senate/ passed 2nd reading",27,0,0,2,29
2060934,1615248,2026-01-21,Senate,"Senate/ passed 3rd reading",24,1,0,4,29
2060935,1615274,2026-01-21,House,"House Comm - Favorable Recommendation",11,0,0,0,11
2060937,1616216,2026-01-22,House,"House Comm - Substitute Recommendation",8,0,0,2,10
2060937,1616217,2026-01-22,House,"House Comm - Amendment Recommendation",8,0,0,2,10
2060937,1616218,2026-01-22,House,"House Comm - Favorable Recommendation",8,0,0,2,10
2060943,1616426,2026-01-22,House,"House Comm - Favorable Recommendation",10,1,0,4,15
2060946,1616799,2026-01-23,House,"House/ passed 3rd reading",71,0,0,4,75
2060949,1616663,2026-01-23,House,"House Comm - Refer to Committee",11,0,0,0,11
2060950,1616670,2026-01-23,House,"House Comm - Favorable Recommendation",10,0,0,1,11
2060956,1616759,2026-01-23,House,"House Comm - Substitute Recommendation",11,0,0,0,11
2060956,1616760,2026-01-23,House,"House Comm - Favorable Recommendation",11,0,0,0,11
2060960,1616767,2026-01-23,House,"House Comm - Motion to Recommend Failed",2,9,0,0,11
2060969,1615539,2026-01-21,House,"House Comm - Favorable Recommendation",6,4,0,2,12
2060969,1616537,2026-01-23,House,"House/ passed 3rd reading",55,11,0,9,75
2061103,1616036,2026-01-22,House,"House Comm - Favorable Recommendation",10,3,0,3,16
2061110,1615287,2026-01-21,Senate,"Senate Comm - Favorable Recommendation",4,0,0,3,7
2061138,1615269,2026-01-21,Senate,"Senate Comm - Favorable Recommendation",4,0,0,3,7
2061141,1616717,2026-01-23,House,"House Comm - Favorable Recommendation",8,0,0,3,11
2061174,1616728,2026-01-23,House,"House Comm - Favorable Recommendation",10,0,0,4,14
2061182,1615284,2026-01-21,Senate,"Senate Comm - Substitute Recommendation",6,0,0,1,7
2061182,1615285,2026-01-21,Senate,"Senate Comm - Favorable Recommendation",5,0,0,2,7
2061187,1616003,2026-01-22,Senate,"Senate Comm - Favorable Recommendation",5,0,0,2,7
2061211,1616119,2026-01-22,House,"House Comm - Favorable Recommendation",11,0,0,3,14
2061218,1615302,2026-01-21,Senate,"Senate Comm - Amendment Recommendation",4,0,0,3,7
2061218,1615303,2026-01-21,Senate,"Senate Comm - Favorable Recommendation",3,1,0,3,7
2061273,1616808,2026-01-23,House,"House Comm - Substitute Recommendation",11,0,0,0,11
2061273,1616809,2026-01-23,House,"House Comm - Favorable Recommendation",11,0,0,0,11
2061324,1616688,2026-01-23,House,"House Comm - Favorable Recommendation",10,0,0,1,11
2061374,1615596,2026-01-21,Senate,"Senate Comm - Substitute Recommendation",4,0,0,4,8
2061374,1615597,2026-01-21,Senate,"Senate Comm - Favorable Recommendation",5,0,0,3,8
2061376,1615586,2026-01-21,Senate,"Senate Comm - Favorable Recommendation",4,0,0,3,7
2061376,1616034,2026-01-22,Senate,"Senate/ passed 2nd reading",29,0,0,0,29
2061381,1616811,2026-01-23,House,"House Comm - Favorable Recommendation",12,0,0,0,12
2064967,1616753,2026-01-23,House,"House Comm - Amendment Recommendation",11,0,0,1,12
2064967,1616754,2026-01-23,House,"House Comm - Favorable Recommendation",11,0,0,1,12
2064985,1616007,2026-01-22,Senate,"Senate Comm - Held",6,0,0,1,7
2064992,1615517,2026-01-21,Senate,"Senate Comm - Substitute Recommendation",6,0,0,1,7
2064992,1615518,2026-01-21,Senate,"Senate Comm - Favorable Recommendation",6,1,0,0,7
2065235,1616831,2026-01-23,House,"House Comm - Amendment Recommendation",10,1,0,1,12
2065235,1616832,2026-01-23,House,"House Comm - Favorable Recommendation",9,3,0,0,12
2065253,1615988,2026-01-22,House,"House Comm - Favorable Recommendation",10,0,0,5,15
2065264,1616033,2026-01-22,House,"House Comm - Favorable Recommendation",10,0,0,5,15
2065316,1615508,2026-01-21,Senate,"Senate Comm - Amendment Recommendation",5,0,0,2,7
2065316,1615509,2026-01-21,Senate,"Senate Comm - Favorable Recommendation",5,0,0,2,7
2065872,1616692,2026-01-23,Senate,"Senate Comm - Favorable Recommendation",3,0,0,3,6
2065884,1616740,2026-01-23,Senate,"Senate Comm - Favorable Recommendation",6,0,0,1,7
2065923,1615234,2026-01-21,Senate,"Senate Comm - Substitute Recommendation",4,0,0,3,7
2065923,1615235,2026-01-21,Senate,"Senate Comm - Favorable Recommendation",5,0,0,2,7
2066056,1615587,2026-01-21,Senate,"Senate Comm - Favorable Recommendation",5,0,0,3,8
2066056,1616042,2026-01-22,Senate,"Senate/ passed 2nd reading",25,0,0,4,29
2066056,1616697,2026-01-23,Senate,"Senate/ passed 3rd reading",27,0,0,2,29
2066082,1615470,2026-01-21,Senate,"Senate Comm - Favorable Recommendation",3,1,0,3,7
2066156,1616812,2026-01-23,Senate,"Senate Comm - Favorable Recommendation",4,0,0,2,6
2066228,1615574,2026-01-21,Senate,"Senate Comm - Favorable Recommendation",6,0,0,2,8
2066228,1616101,2026-01-22,Senate,"Senate/ passed 2nd reading",27,0,0,2,29
2066228,1616704,2026-01-23,Senate,"Senate/ passed 3rd reading",27,0,0,2,29
2066277,1615930,2026-01-22,Senate,"Senate Comm - Favorable Recommendation",5,0,0,3,8
2067124,1615253,2026-01-21,Senate,"Senate Comm - Substitute Recommendation",5,0,0,2,7
2067124,1615254,2026-01-21,Senate,"Senate Comm - Favorable Recommendation",5,0,0,2,7
2067264,1616014,2026-01-22,House,"House Comm - Favorable Recommendation",13,0,0,1,14
2067530,1616795,2026-01-23,House,"House Comm - Amendment Recommendation",12,0,0,0,12
2067530,1616796,2026-01-23,House,"House Comm - Favorable Recommendation",12,0,0,0,12
2067649,1616019,2026-01-22,Senate,"Senate Comm - Favorable Recommendation",4,0,0,4,8
2067750,1615437,2026-01-21,Senate,"Senate Comm - Amendment Recommendation",6,0,0,2,8
2067750,1615438,2026-01-21,Senate,"Senate Comm - Favorable Recommendation",6,0,0,2,8
2067750,1616105,2026-01-22,Senate,"Senate/ passed 2nd reading",26,0,0,3,29
2067750,1616573,2026-01-23,Senate,"Senate/ passed 3rd reading",25,0,0,4,29
2067773,1615513,2026-01-21,Senate,"Senate Comm - Favorable Recommendation",5,0,0,2,7
2067847,1616294,2026-01-22,House,"House Comm - Substitute Recommendation",8,0,0,2,10
2067847,1616295,2026-01-22,House,"House Comm - Favorable Recommendation",8,0,0,2,10
2067891,1616828,2026-01-23,Senate,"Senate Comm - Substitute Recommendation",7,0,0,0,7
2067891,1616829,2026-01-23,Senate,"Senate Comm - Amendment Recommendation",6,0,0,1,7
2067891,1616830,2026-01-23,Senate,"Senate Comm - Favorable Recommendation",6,0,0,1,7
2067940,1616667,2026-01-23,House,"House Comm - Substitute Recommendation",10,0,0,1,11
2067940,1616668,2026-01-23,House,"House Comm - Favorable Recommendation",10,0,0,1,11
2068943,1616448,2026-01-22,Senate,"Senate Comm - Substitute Recommendation",6,0,0,3,9
2068943,1616449,2026-01-22,Senate,"Senate Comm - Favorable Recommendation",6,0,0,3,9
2068989,1615599,2026-01-21,Senate,"Senate Comm - Favorable Recommendation",3,2,0,3,8
2069036,1616649,2026-01-23,Senate,"Senate Comm - Substitute Recommendation",3,0,0,3,6
2069036,1616650,2026-01-23,Senate,"Senate Comm - Favorable Recommendation",4,1,0,1,6
2069123,1616193,2026-01-22,House,"House Comm - Amendment Recommendation",9,0,0,1,10
2069123,1616194,2026-01-22,House,"House Comm - Favorable Recommendation",5,3,0,2,10
2069719,1615374,2026-01-21,House,"House Comm - Substitute Recommendation",12,0,0,0,12
2069719,1615375,2026-01-21,House,"House Comm - Amendment Recommendation",12,0,0,0,12
2069719,1615376,2026-01-21,House,"House Comm - Favorable Recommendation",9,3,0,0,12
2069867,1615181,2026-01-21,Senate,"Senate Comm - Substitute Recommendation",5,0,0,2,7
2069867,1615182,2026-01-21,Senate,"Senate Comm - Favorable Recommendation",5,0,0,2,7
2070064,1615485,2026-01-21,House,"House Comm - Held",9,0,0,3,12
2070080,1615568,2026-01-21,Senate,"Senate Comm - Substitute Recommendation",4,0,0,4,8
2070080,1615569,2026-01-21,Senate,"Senate Comm - Favorable Recommendation",5,0,0,3,8
2070080,1615918,2026-01-22,Senate,"Senate/ passed 2nd reading",25,0,0,4,29
2070080,1616629,2026-01-23,Senate,"Senate/ passed 3rd reading",27,0,0,2,29
2071122,1615392,2026-01-21,Senate,"Senate Comm - Favorable Recommendation",4,2,0,1,7
2071162,1615272,2026-01-21,Senate,"Senate Comm - Substitute Recommendation",6,0,0,2,8
2071162,1615273,2026-01-21,Senate,"Senate Comm - Favorable Recommendation",5,0,0,3,8
2071242,1616694,2026-01-23,Senate,"Senate Comm - Favorable Recommendation",4,0,0,2,6
2073428,1615515,2026-01-21,Senate,"Senate/ passed 2nd reading",28,0,0,1,29
2073659,1616818,2026-01-23,Senate,"Senate Comm - Favorable Recommendation",5,0,0,1,6
2073772,1616696,2026-01-23,Senate,"Senate Comm - Favorable Recommendation",4,0,0,2,6
2078543,1616466,2026-01-22,Senate,"Senate Comm - Tabled",6,3,0,0,9
2078664,1616031,2026-01-22,Senate,"Senate Comm - Favorable Recommendation",4,2,0,1,7
2079137,1616011,2026-01-22,Senate,"Senate Comm - Substitute Recommendation",4,0,0,3,7
2079137,1616012,2026-01-22,Senate,"Senate Comm - Favorable Recommendation",4,1,0,2,7
2079256,1616827,2026-01-23,Senate,"Senate Comm - Favorable Recommendation",7,0,0,0,7
2079316,1616172,2026-01-22,Senate,"Senate Comm - Favorable Recommendation",4,1,0,2,7
2079663,1616454,2026-01-22,Senate,"Senate Comm - Substitute Recommendation",9,0,0,0,9
2079663,1616455,2026-01-22,Senate,"Senate Comm - Amendment Recommendation",9,0,0,0,9
2079663,1616456,2026-01-22,Senate,"Senate Comm - Favorable Recommendation",8,1,0,0,9
2079663,1616577,2026-01-23,Senate,"Senate/ passed 2nd reading",22,7,0,0,29
2081798,1616711,2026-01-23,Senate,"Senate Comm - Favorable Recommendation",6,0,0,1,7
2084002,1616836,2026-01-23,Senate,"Senate Comm - Substitute Recommendation",6,0,0,1,7
2084002,1616837,2026-01-23,Senate,"Senate Comm - Favorable Recommendation",5,1,0,1,7
2084372,1615977,2026-01-22,Senate,"Senate Comm - Favorable Recommendation",5,0,0,3,8
2084433,1615747,2026-01-22,Senate,"Senate/ passed 2nd reading",25,0,0,4,29
2085736,1616428,2026-01-22,Senate,"Senate Comm - Favorable Recommendation",7,0,0,2,9
2085770,1616834,2026-01-23,Senate,"Senate Comm - Substitute Recommendation",6,0,0,1,7
2085770,1616835,2026-01-23,Senate,"Senate Comm - Favorable Recommendation",6,0,0,1,7
2085781,1616806,2026-01-23,Senate,"Senate Comm - Favorable Recommendation",6,0,0,1,7
2085893,1616810,2026-01-23,Senate,"Senate Comm - Favorable Recommendation",4,2,0,1,7
