bill_id,document_id,document_type,document_size,document_mime,document_desc,url,state_link
2060593,3293003,text,108247,application/pdf,Introduced,https://legiscan.com/SD/text/HB1001/id/3293003,https://mylrc.sdlegislature.gov/api/Documents/291304.pdf
2060579,3292989,text,105879,application/pdf,Introduced,https://legiscan.com/SD/text/HB1002/id/3292989,https://mylrc.sdlegislature.gov/api/Documents/291305.pdf
2060581,3292991,text,118717,application/pdf,Introduced,https://legiscan.com/SD/text/HB1003/id/3292991,https://mylrc.sdlegislature.gov/api/Documents/291306.pdf
2060581,3332402,text,115985,application/pdf,"Comm Sub",https://legiscan.com/SD/text/HB1003/id/3332402,https://mylrc.sdlegislature.gov/api/Documents/297493.pdf
2060586,3292996,text,122905,application/pdf,Introduced,https://legiscan.com/SD/text/HB1004/id/3292996,https://mylrc.sdlegislature.gov/api/Documents/291307.pdf
2061028,3293549,text,123687,application/pdf,Introduced,https://legiscan.com/SD/text/HB1005/id/3293549,https://mylrc.sdlegislature.gov/api/Documents/291571.pdf
2061041,3293562,text,115175,application/pdf,Introduced,https://legiscan.com/SD/text/HB1006/id/3293562,https://mylrc.sdlegislature.gov/api/Documents/291574.pdf
2061041,3340895,text,116388,application/pdf,"Comm Sub",https://legiscan.com/SD/text/HB1006/id/3340895,https://mylrc.sdlegislature.gov/api/Documents/299433.pdf
2061026,3293547,text,159488,application/pdf,Introduced,https://legiscan.com/SD/text/HB1007/id/3293547,https://mylrc.sdlegislature.gov/api/Documents/291575.pdf
2061026,3339775,text,160743,application/pdf,"Comm Sub",https://legiscan.com/SD/text/HB1007/id/3339775,https://mylrc.sdlegislature.gov/api/Documents/298972.pdf
2061033,3293554,text,123326,application/pdf,Introduced,https://legiscan.com/SD/text/HB1008/id/3293554,https://mylrc.sdlegislature.gov/api/Documents/291576.pdf
2061033,3326762,text,124211,application/pdf,"Comm Sub",https://legiscan.com/SD/text/HB1008/id/3326762,https://mylrc.sdlegislature.gov/api/Documents/295882.pdf
2061037,3293558,text,108102,application/pdf,Introduced,https://legiscan.com/SD/text/HB1009/id/3293558,https://mylrc.sdlegislature.gov/api/Documents/291577.pdf
2061021,3293542,text,115063,application/pdf,Introduced,https://legiscan.com/SD/text/HB1010/id/3293542,https://mylrc.sdlegislature.gov/api/Documents/291578.pdf
2061020,3293541,text,112775,application/pdf,Introduced,https://legiscan.com/SD/text/HB1011/id/3293541,https://mylrc.sdlegislature.gov/api/Documents/291579.pdf
2061032,3293553,text,107255,application/pdf,Introduced,https://legiscan.com/SD/text/HB1012/id/3293553,https://mylrc.sdlegislature.gov/api/Documents/291580.pdf
2061042,3293563,text,125512,application/pdf,Introduced,https://legiscan.com/SD/text/HB1013/id/3293563,https://mylrc.sdlegislature.gov/api/Documents/291581.pdf
2061036,3293557,text,105040,application/pdf,Introduced,https://legiscan.com/SD/text/HB1014/id/3293557,https://mylrc.sdlegislature.gov/api/Documents/291582.pdf
2061027,3293548,text,101023,application/pdf,Introduced,https://legiscan.com/SD/text/HB1015/id/3293548,https://mylrc.sdlegislature.gov/api/Documents/291583.pdf
2061040,3293561,text,176389,application/pdf,Introduced,https://legiscan.com/SD/text/HB1016/id/3293561,https://mylrc.sdlegislature.gov/api/Documents/291584.pdf
2061031,3293552,text,100133,application/pdf,Introduced,https://legiscan.com/SD/text/HB1017/id/3293552,https://mylrc.sdlegislature.gov/api/Documents/291585.pdf
2061022,3293543,text,99904,application/pdf,Introduced,https://legiscan.com/SD/text/HB1018/id/3293543,https://mylrc.sdlegislature.gov/api/Documents/291586.pdf
2061023,3293544,text,114659,application/pdf,Introduced,https://legiscan.com/SD/text/HB1019/id/3293544,https://mylrc.sdlegislature.gov/api/Documents/291587.pdf
2061023,3333620,text,103571,application/pdf,"Comm Sub",https://legiscan.com/SD/text/HB1019/id/3333620,https://mylrc.sdlegislature.gov/api/Documents/298121.pdf
2061039,3293560,text,109064,application/pdf,Introduced,https://legiscan.com/SD/text/HB1020/id/3293560,https://mylrc.sdlegislature.gov/api/Documents/291588.pdf
2061030,3293551,text,108135,application/pdf,Introduced,https://legiscan.com/SD/text/HB1021/id/3293551,https://mylrc.sdlegislature.gov/api/Documents/291589.pdf
2061035,3293556,text,105525,application/pdf,Introduced,https://legiscan.com/SD/text/HB1022/id/3293556,https://mylrc.sdlegislature.gov/api/Documents/291590.pdf
2064818,3298930,text,132050,application/pdf,Introduced,https://legiscan.com/SD/text/HB1023/id/3298930,https://mylrc.sdlegislature.gov/api/Documents/292103.pdf
2064818,3324514,text,129740,application/pdf,"Comm Sub",https://legiscan.com/SD/text/HB1023/id/3324514,https://mylrc.sdlegislature.gov/api/Documents/295413.pdf
2064813,3298925,text,157091,application/pdf,Introduced,https://legiscan.com/SD/text/HB1024/id/3298925,https://mylrc.sdlegislature.gov/api/Documents/292104.pdf
2064813,3324981,text,156215,application/pdf,"Comm Sub",https://legiscan.com/SD/text/HB1024/id/3324981,https://mylrc.sdlegislature.gov/api/Documents/295414.pdf
2064824,3298936,text,119949,application/pdf,Introduced,https://legiscan.com/SD/text/HB1025/id/3298936,https://mylrc.sdlegislature.gov/api/Documents/292105.pdf
2064815,3298927,text,157587,application/pdf,Introduced,https://legiscan.com/SD/text/HB1026/id/3298927,https://mylrc.sdlegislature.gov/api/Documents/292106.pdf
2064817,3298929,text,141932,application/pdf,Introduced,https://legiscan.com/SD/text/HB1027/id/3298929,https://mylrc.sdlegislature.gov/api/Documents/292107.pdf
2064814,3298926,text,106720,application/pdf,Introduced,https://legiscan.com/SD/text/HB1028/id/3298926,https://mylrc.sdlegislature.gov/api/Documents/292108.pdf
2064827,3298939,text,149870,application/pdf,Introduced,https://legiscan.com/SD/text/HB1029/id/3298939,https://mylrc.sdlegislature.gov/api/Documents/292109.pdf
2065292,3299625,text,229980,application/pdf,Introduced,https://legiscan.com/SD/text/HB1030/id/3299625,https://mylrc.sdlegislature.gov/api/Documents/292540.pdf
2065252,3299588,text,122632,application/pdf,Introduced,https://legiscan.com/SD/text/HB1031/id/3299588,https://mylrc.sdlegislature.gov/api/Documents/292541.pdf
2066313,3300764,text,112333,application/pdf,Introduced,https://legiscan.com/SD/text/HB1032/id/3300764,https://mylrc.sdlegislature.gov/api/Documents/292832.pdf
2066253,3300708,text,111362,application/pdf,Introduced,https://legiscan.com/SD/text/HB1033/id/3300708,https://mylrc.sdlegislature.gov/api/Documents/292833.pdf
2066253,3340814,text,109210,application/pdf,Enrolled,https://legiscan.com/SD/text/HB1033/id/3340814,https://mylrc.sdlegislature.gov/api/Documents/299038.pdf
2067230,3301747,text,108700,application/pdf,Introduced,https://legiscan.com/SD/text/HB1034/id/3301747,https://mylrc.sdlegislature.gov/api/Documents/293021.pdf
2067230,3324533,text,142794,application/pdf,"Comm Sub",https://legiscan.com/SD/text/HB1034/id/3324533,https://mylrc.sdlegislature.gov/api/Documents/295554.pdf
2067416,3301929,text,181986,application/pdf,Introduced,https://legiscan.com/SD/text/HB1035/id/3301929,https://mylrc.sdlegislature.gov/api/Documents/293022.pdf
2066809,3301341,text,112827,application/pdf,Introduced,https://legiscan.com/SD/text/HB1036/id/3301341,https://mylrc.sdlegislature.gov/api/Documents/293023.pdf
2066931,3301459,text,108942,application/pdf,Introduced,https://legiscan.com/SD/text/HB1037/id/3301459,https://mylrc.sdlegislature.gov/api/Documents/293024.pdf
2066869,3301398,text,103573,application/pdf,Introduced,https://legiscan.com/SD/text/HB1038/id/3301398,https://mylrc.sdlegislature.gov/api/Documents/293025.pdf
2066869,3337392,text,103598,application/pdf,"Comm Sub",https://legiscan.com/SD/text/HB1038/id/3337392,https://mylrc.sdlegislature.gov/api/Documents/298812.pdf
2067837,3302349,text,115143,application/pdf,Introduced,https://legiscan.com/SD/text/HB1039/id/3302349,https://mylrc.sdlegislature.gov/api/Documents/293096.pdf
2067659,3302174,text,813049,application/pdf,Introduced,https://legiscan.com/SD/text/HB1040/id/3302174,https://mylrc.sdlegislature.gov/api/Documents/293097.pdf
2067923,3302434,text,104978,application/pdf,Introduced,https://legiscan.com/SD/text/HB1041/id/3302434,https://mylrc.sdlegislature.gov/api/Documents/293098.pdf
2067569,3302086,text,104591,application/pdf,Introduced,https://legiscan.com/SD/text/HB1042/id/3302086,https://mylrc.sdlegislature.gov/api/Documents/293099.pdf
2067746,3302260,text,104212,application/pdf,Introduced,https://legiscan.com/SD/text/HB1043/id/3302260,https://mylrc.sdlegislature.gov/api/Documents/293100.pdf
2067481,3301998,text,100744,application/pdf,Introduced,https://legiscan.com/SD/text/HB1044/id/3301998,https://mylrc.sdlegislature.gov/api/Documents/293101.pdf
2067481,3329057,text,103778,application/pdf,"Comm Sub",https://legiscan.com/SD/text/HB1044/id/3329057,https://mylrc.sdlegislature.gov/api/Documents/296485.pdf
2067481,3339349,text,101107,application/pdf,Enrolled,https://legiscan.com/SD/text/HB1044/id/3339349,https://mylrc.sdlegislature.gov/api/Documents/298941.pdf
2069115,3303803,text,140570,application/pdf,Introduced,https://legiscan.com/SD/text/HB1045/id/3303803,https://mylrc.sdlegislature.gov/api/Documents/293270.pdf
2069083,3303771,text,103756,application/pdf,Introduced,https://legiscan.com/SD/text/HB1046/id/3303771,https://mylrc.sdlegislature.gov/api/Documents/293301.pdf
2068886,3303576,text,105007,application/pdf,Introduced,https://legiscan.com/SD/text/HB1047/id/3303576,https://mylrc.sdlegislature.gov/api/Documents/293302.pdf
2068915,3303605,text,102954,application/pdf,Introduced,https://legiscan.com/SD/text/HB1048/id/3303605,https://mylrc.sdlegislature.gov/api/Documents/293303.pdf
2069520,3304241,text,114972,application/pdf,Introduced,https://legiscan.com/SD/text/HB1049/id/3304241,https://mylrc.sdlegislature.gov/api/Documents/293335.pdf
2069520,3326717,text,115796,application/pdf,"Comm Sub",https://legiscan.com/SD/text/HB1049/id/3326717,https://mylrc.sdlegislature.gov/api/Documents/296016.pdf
2069462,3304183,text,107188,application/pdf,Introduced,https://legiscan.com/SD/text/HB1050/id/3304183,https://mylrc.sdlegislature.gov/api/Documents/293336.pdf
2069344,3304066,text,165962,application/pdf,Introduced,https://legiscan.com/SD/text/HB1051/id/3304066,https://mylrc.sdlegislature.gov/api/Documents/293337.pdf
2069404,3304126,text,107024,application/pdf,Introduced,https://legiscan.com/SD/text/HB1052/id/3304126,https://mylrc.sdlegislature.gov/api/Documents/293338.pdf
2069404,3318536,text,108035,application/pdf,"Comm Sub",https://legiscan.com/SD/text/HB1052/id/3318536,https://mylrc.sdlegislature.gov/api/Documents/294694.pdf
2070105,3304957,text,121062,application/pdf,Introduced,https://legiscan.com/SD/text/HB1053/id/3304957,https://mylrc.sdlegislature.gov/api/Documents/293464.pdf
2069923,3304771,text,122302,application/pdf,Introduced,https://legiscan.com/SD/text/HB1054/id/3304771,https://mylrc.sdlegislature.gov/api/Documents/293466.pdf
2070069,3304921,text,123968,application/pdf,Introduced,https://legiscan.com/SD/text/HB1055/id/3304921,https://mylrc.sdlegislature.gov/api/Documents/293467.pdf
2072853,3308143,text,107980,application/pdf,Introduced,https://legiscan.com/SD/text/HB1056/id/3308143,https://mylrc.sdlegislature.gov/api/Documents/294002.pdf
2072712,3307996,text,156034,application/pdf,Introduced,https://legiscan.com/SD/text/HB1057/id/3307996,https://mylrc.sdlegislature.gov/api/Documents/294066.pdf
2072925,3308218,text,121398,application/pdf,Introduced,https://legiscan.com/SD/text/HB1058/id/3308218,https://mylrc.sdlegislature.gov/api/Documents/294067.pdf
2073279,3308601,text,111843,application/pdf,Introduced,https://legiscan.com/SD/text/HB1059/id/3308601,https://mylrc.sdlegislature.gov/api/Documents/294070.pdf
2073209,3308523,text,118557,application/pdf,Introduced,https://legiscan.com/SD/text/HB1060/id/3308523,https://mylrc.sdlegislature.gov/api/Documents/294071.pdf
2072641,3307918,text,114390,application/pdf,Introduced,https://legiscan.com/SD/text/HB1061/id/3307918,https://mylrc.sdlegislature.gov/api/Documents/294075.pdf
2074021,3311023,text,108119,application/pdf,Introduced,https://legiscan.com/SD/text/HB1062/id/3311023,https://mylrc.sdlegislature.gov/api/Documents/294177.pdf
2077406,3314413,text,133641,application/pdf,Introduced,https://legiscan.com/SD/text/HB1063/id/3314413,https://mylrc.sdlegislature.gov/api/Documents/294181.pdf
2078239,3315233,text,135991,application/pdf,Introduced,https://legiscan.com/SD/text/HB1064/id/3315233,https://mylrc.sdlegislature.gov/api/Documents/294229.pdf
2078239,3333293,text,138620,application/pdf,"Comm Sub",https://legiscan.com/SD/text/HB1064/id/3333293,https://mylrc.sdlegislature.gov/api/Documents/298120.pdf
2077858,3314860,text,107183,application/pdf,Introduced,https://legiscan.com/SD/text/HB1065/id/3314860,https://mylrc.sdlegislature.gov/api/Documents/294233.pdf
2077671,3314675,text,110251,application/pdf,Introduced,https://legiscan.com/SD/text/HB1066/id/3314675,https://mylrc.sdlegislature.gov/api/Documents/294255.pdf
2079490,3316460,text,118221,application/pdf,Introduced,https://legiscan.com/SD/text/HB1067/id/3316460,https://mylrc.sdlegislature.gov/api/Documents/294336.pdf
2078960,3315953,text,113247,application/pdf,Introduced,https://legiscan.com/SD/text/HB1068/id/3315953,https://mylrc.sdlegislature.gov/api/Documents/294340.pdf
2079138,3316123,text,123467,application/pdf,Introduced,https://legiscan.com/SD/text/HB1069/id/3316123,https://mylrc.sdlegislature.gov/api/Documents/294425.pdf
2078425,3315435,text,119090,application/pdf,Introduced,https://legiscan.com/SD/text/HB1070/id/3315435,https://mylrc.sdlegislature.gov/api/Documents/294426.pdf
2079315,3316285,text,117679,application/pdf,Introduced,https://legiscan.com/SD/text/HB1071/id/3316285,https://mylrc.sdlegislature.gov/api/Documents/294428.pdf
2079665,3316623,text,109654,application/pdf,Introduced,https://legiscan.com/SD/text/HB1072/id/3316623,https://mylrc.sdlegislature.gov/api/Documents/294458.pdf
2080486,3317575,text,113338,application/pdf,Introduced,https://legiscan.com/SD/text/HB1073/id/3317575,https://mylrc.sdlegislature.gov/api/Documents/294568.pdf
2080466,3317555,text,113001,application/pdf,Introduced,https://legiscan.com/SD/text/HB1074/id/3317555,https://mylrc.sdlegislature.gov/api/Documents/294570.pdf
2080506,3317595,text,107590,application/pdf,Introduced,https://legiscan.com/SD/text/HB1075/id/3317595,https://mylrc.sdlegislature.gov/api/Documents/294571.pdf
2081070,3318215,text,115719,application/pdf,Introduced,https://legiscan.com/SD/text/HB1076/id/3318215,https://mylrc.sdlegislature.gov/api/Documents/294680.pdf
2081070,3331073,text,117564,application/pdf,"Comm Sub",https://legiscan.com/SD/text/HB1076/id/3331073,https://mylrc.sdlegislature.gov/api/Documents/296885.pdf
2081915,3319091,text,113974,application/pdf,Introduced,https://legiscan.com/SD/text/HB1077/id/3319091,https://mylrc.sdlegislature.gov/api/Documents/294808.pdf
2082973,3320229,text,123883,application/pdf,Introduced,https://legiscan.com/SD/text/HB1078/id/3320229,https://mylrc.sdlegislature.gov/api/Documents/294820.pdf
2083363,3320658,text,112262,application/pdf,Introduced,https://legiscan.com/SD/text/HB1079/id/3320658,https://mylrc.sdlegislature.gov/api/Documents/294866.pdf
2083993,3321176,text,114659,application/pdf,Introduced,https://legiscan.com/SD/text/HB1080/id/3321176,https://mylrc.sdlegislature.gov/api/Documents/294937.pdf
2083839,3321053,text,119302,application/pdf,Introduced,https://legiscan.com/SD/text/HB1081/id/3321053,https://mylrc.sdlegislature.gov/api/Documents/294941.pdf
2083739,3320969,text,110947,application/pdf,Introduced,https://legiscan.com/SD/text/HB1082/id/3320969,https://mylrc.sdlegislature.gov/api/Documents/294942.pdf
2083893,3321097,text,113789,application/pdf,Introduced,https://legiscan.com/SD/text/HB1083/id/3321097,https://mylrc.sdlegislature.gov/api/Documents/294982.pdf
2083943,3321138,text,123514,application/pdf,Introduced,https://legiscan.com/SD/text/HB1084/id/3321138,https://mylrc.sdlegislature.gov/api/Documents/294984.pdf
2083943,3332400,text,123488,application/pdf,"Comm Sub",https://legiscan.com/SD/text/HB1084/id/3332400,https://mylrc.sdlegislature.gov/api/Documents/297565.pdf
2084379,3321602,text,106720,application/pdf,Introduced,https://legiscan.com/SD/text/HB1085/id/3321602,https://mylrc.sdlegislature.gov/api/Documents/295006.pdf
2084127,3321351,text,109271,application/pdf,Introduced,https://legiscan.com/SD/text/HB1086/id/3321351,https://mylrc.sdlegislature.gov/api/Documents/295012.pdf
2084001,3321228,text,163169,application/pdf,Introduced,https://legiscan.com/SD/text/HB1087/id/3321228,https://mylrc.sdlegislature.gov/api/Documents/295024.pdf
2084506,3321729,text,155252,application/pdf,Introduced,https://legiscan.com/SD/text/HB1088/id/3321729,https://mylrc.sdlegislature.gov/api/Documents/295046.pdf
2085513,3322864,text,120947,application/pdf,Introduced,https://legiscan.com/SD/text/HB1089/id/3322864,https://mylrc.sdlegislature.gov/api/Documents/295174.pdf
2085511,3322862,text,106313,application/pdf,Introduced,https://legiscan.com/SD/text/HB1090/id/3322862,https://mylrc.sdlegislature.gov/api/Documents/295176.pdf
2085509,3322860,text,113019,application/pdf,Introduced,https://legiscan.com/SD/text/HB1091/id/3322860,https://mylrc.sdlegislature.gov/api/Documents/295177.pdf
2085514,3322865,text,138732,application/pdf,Introduced,https://legiscan.com/SD/text/HB1092/id/3322865,https://mylrc.sdlegislature.gov/api/Documents/295178.pdf
2086018,3323390,text,195109,application/pdf,Introduced,https://legiscan.com/SD/text/HB1093/id/3323390,https://mylrc.sdlegislature.gov/api/Documents/295299.pdf
2086448,3323828,text,106862,application/pdf,Introduced,https://legiscan.com/SD/text/HB1094/id/3323828,https://mylrc.sdlegislature.gov/api/Documents/295389.pdf
2086346,3323731,text,154509,application/pdf,Introduced,https://legiscan.com/SD/text/HB1095/id/3323731,https://mylrc.sdlegislature.gov/api/Documents/295405.pdf
2086547,3323925,text,120767,application/pdf,Introduced,https://legiscan.com/SD/text/HB1096/id/3323925,https://mylrc.sdlegislature.gov/api/Documents/295416.pdf
2086547,3334269,text,122148,application/pdf,"Comm Sub",https://legiscan.com/SD/text/HB1096/id/3334269,https://mylrc.sdlegislature.gov/api/Documents/298295.pdf
2086395,3323777,text,112884,application/pdf,Introduced,https://legiscan.com/SD/text/HB1097/id/3323777,https://mylrc.sdlegislature.gov/api/Documents/295437.pdf
2086931,3324348,text,152537,application/pdf,Introduced,https://legiscan.com/SD/text/HB1098/id/3324348,https://mylrc.sdlegislature.gov/api/Documents/295457.pdf
2086604,3324029,text,193267,application/pdf,Introduced,https://legiscan.com/SD/text/HB1099/id/3324029,https://mylrc.sdlegislature.gov/api/Documents/295501.pdf
2086715,3324138,text,119463,application/pdf,Introduced,https://legiscan.com/SD/text/HB1100/id/3324138,https://mylrc.sdlegislature.gov/api/Documents/295582.pdf
2087607,3325149,text,132230,application/pdf,Introduced,https://legiscan.com/SD/text/HB1101/id/3325149,https://mylrc.sdlegislature.gov/api/Documents/295750.pdf
2087680,3325334,text,109871,application/pdf,Introduced,https://legiscan.com/SD/text/HB1102/id/3325334,https://mylrc.sdlegislature.gov/api/Documents/295792.pdf
2087680,3330444,text,110682,application/pdf,"Comm Sub",https://legiscan.com/SD/text/HB1102/id/3330444,https://mylrc.sdlegislature.gov/api/Documents/296800.pdf
2087680,3334268,text,110676,application/pdf,"Comm Sub",https://legiscan.com/SD/text/HB1102/id/3334268,https://mylrc.sdlegislature.gov/api/Documents/298305.pdf
2087858,3325505,text,107643,application/pdf,Introduced,https://legiscan.com/SD/text/HB1103/id/3325505,https://mylrc.sdlegislature.gov/api/Documents/295879.pdf
2088299,3326046,text,123651,application/pdf,Introduced,https://legiscan.com/SD/text/HB1104/id/3326046,https://mylrc.sdlegislature.gov/api/Documents/295910.pdf
2088849,3326575,text,117000,application/pdf,Introduced,https://legiscan.com/SD/text/HB1105/id/3326575,https://mylrc.sdlegislature.gov/api/Documents/295929.pdf
2088609,3326343,text,109975,application/pdf,Introduced,https://legiscan.com/SD/text/HB1106/id/3326343,https://mylrc.sdlegislature.gov/api/Documents/295931.pdf
2088689,3326422,text,112041,application/pdf,Introduced,https://legiscan.com/SD/text/HB1107/id/3326422,https://mylrc.sdlegislature.gov/api/Documents/295959.pdf
2088222,3325972,text,109088,application/pdf,Introduced,https://legiscan.com/SD/text/HB1108/id/3325972,https://mylrc.sdlegislature.gov/api/Documents/295966.pdf
2088532,3326272,text,110189,application/pdf,Introduced,https://legiscan.com/SD/text/HB1109/id/3326272,https://mylrc.sdlegislature.gov/api/Documents/295969.pdf
2088379,3326120,text,125228,application/pdf,Introduced,https://legiscan.com/SD/text/HB1110/id/3326120,https://mylrc.sdlegislature.gov/api/Documents/296019.pdf
2088771,3326498,text,139149,application/pdf,Introduced,https://legiscan.com/SD/text/HB1111/id/3326498,https://mylrc.sdlegislature.gov/api/Documents/296034.pdf
2089930,3327944,text,111897,application/pdf,Introduced,https://legiscan.com/SD/text/HB1112/id/3327944,https://mylrc.sdlegislature.gov/api/Documents/296257.pdf
2090580,3328721,text,118435,application/pdf,Introduced,https://legiscan.com/SD/text/HB1113/id/3328721,https://mylrc.sdlegislature.gov/api/Documents/296511.pdf
2090889,3329136,text,129574,application/pdf,Introduced,https://legiscan.com/SD/text/HB1114/id/3329136,https://mylrc.sdlegislature.gov/api/Documents/296605.pdf
2091752,3330239,text,108067,application/pdf,Introduced,https://legiscan.com/SD/text/HB1115/id/3330239,https://mylrc.sdlegislature.gov/api/Documents/296677.pdf
2091790,3330276,text,112379,application/pdf,Introduced,https://legiscan.com/SD/text/HB1116/id/3330276,https://mylrc.sdlegislature.gov/api/Documents/296714.pdf
2091494,3329986,text,114736,application/pdf,Introduced,https://legiscan.com/SD/text/HB1117/id/3329986,https://mylrc.sdlegislature.gov/api/Documents/296728.pdf
2091715,3330204,text,117729,application/pdf,Introduced,https://legiscan.com/SD/text/HB1118/id/3330204,https://mylrc.sdlegislature.gov/api/Documents/296762.pdf
2091827,3330311,text,120074,application/pdf,Introduced,https://legiscan.com/SD/text/HB1119/id/3330311,https://mylrc.sdlegislature.gov/api/Documents/296779.pdf
2091678,3330167,text,142483,application/pdf,Introduced,https://legiscan.com/SD/text/HB1120/id/3330167,https://mylrc.sdlegislature.gov/api/Documents/296780.pdf
2091866,3330350,text,108377,application/pdf,Introduced,https://legiscan.com/SD/text/HB1121/id/3330350,https://mylrc.sdlegislature.gov/api/Documents/296785.pdf
2091639,3330130,text,133229,application/pdf,Introduced,https://legiscan.com/SD/text/HB1122/id/3330130,https://mylrc.sdlegislature.gov/api/Documents/296789.pdf
2091563,3330055,text,117336,application/pdf,Introduced,https://legiscan.com/SD/text/HB1123/id/3330055,https://mylrc.sdlegislature.gov/api/Documents/296801.pdf
2091601,3330091,text,108354,application/pdf,Introduced,https://legiscan.com/SD/text/HB1124/id/3330091,https://mylrc.sdlegislature.gov/api/Documents/296807.pdf
2091990,3330564,text,108682,application/pdf,Introduced,https://legiscan.com/SD/text/HB1125/id/3330564,https://mylrc.sdlegislature.gov/api/Documents/296859.pdf
2092030,3330604,text,117698,application/pdf,Introduced,https://legiscan.com/SD/text/HB1126/id/3330604,https://mylrc.sdlegislature.gov/api/Documents/296918.pdf
2092330,3330904,text,131958,application/pdf,Introduced,https://legiscan.com/SD/text/HB1127/id/3330904,https://mylrc.sdlegislature.gov/api/Documents/296955.pdf
2092550,3331268,text,125637,application/pdf,Introduced,https://legiscan.com/SD/text/HB1128/id/3331268,https://mylrc.sdlegislature.gov/api/Documents/297013.pdf
2092418,3331144,text,116723,application/pdf,Introduced,https://legiscan.com/SD/text/HB1129/id/3331144,https://mylrc.sdlegislature.gov/api/Documents/297014.pdf
2093318,3331905,text,117161,application/pdf,Introduced,https://legiscan.com/SD/text/HB1130/id/3331905,https://mylrc.sdlegislature.gov/api/Documents/297055.pdf
2093124,3331747,text,141144,application/pdf,Introduced,https://legiscan.com/SD/text/HB1131/id/3331747,https://mylrc.sdlegislature.gov/api/Documents/297056.pdf
2093362,3332089,text,135896,application/pdf,Introduced,https://legiscan.com/SD/text/HB1132/id/3332089,https://mylrc.sdlegislature.gov/api/Documents/297154.pdf
2093361,3332088,text,116800,application/pdf,Introduced,https://legiscan.com/SD/text/HB1133/id/3332088,https://mylrc.sdlegislature.gov/api/Documents/297155.pdf
2093370,3332105,text,104665,application/pdf,Introduced,https://legiscan.com/SD/text/HB1134/id/3332105,https://mylrc.sdlegislature.gov/api/Documents/297179.pdf
2093368,3332103,text,104702,application/pdf,Introduced,https://legiscan.com/SD/text/HB1135/id/3332103,https://mylrc.sdlegislature.gov/api/Documents/297180.pdf
2093367,3332102,text,105004,application/pdf,Introduced,https://legiscan.com/SD/text/HB1136/id/3332102,https://mylrc.sdlegislature.gov/api/Documents/297181.pdf
2093391,3332142,text,118543,application/pdf,Introduced,https://legiscan.com/SD/text/HB1137/id/3332142,https://mylrc.sdlegislature.gov/api/Documents/297329.pdf
2093409,3332160,text,139171,application/pdf,Introduced,https://legiscan.com/SD/text/HB1138/id/3332160,https://mylrc.sdlegislature.gov/api/Documents/297457.pdf
2093527,3332310,text,1002901,application/pdf,Introduced,https://legiscan.com/SD/text/HB1139/id/3332310,https://mylrc.sdlegislature.gov/api/Documents/297483.pdf
2093488,3332275,text,142185,application/pdf,Introduced,https://legiscan.com/SD/text/HB1140/id/3332275,https://mylrc.sdlegislature.gov/api/Documents/297598.pdf
2093596,3332375,text,142379,application/pdf,Introduced,https://legiscan.com/SD/text/HB1141/id/3332375,https://mylrc.sdlegislature.gov/api/Documents/297672.pdf
2093555,3332337,text,114430,application/pdf,Introduced,https://legiscan.com/SD/text/HB1142/id/3332337,https://mylrc.sdlegislature.gov/api/Documents/297691.pdf
2093808,3332630,text,118020,application/pdf,Introduced,https://legiscan.com/SD/text/HB1143/id/3332630,https://mylrc.sdlegislature.gov/api/Documents/297718.pdf
2093753,3332575,text,129287,application/pdf,Introduced,https://legiscan.com/SD/text/HB1144/id/3332575,https://mylrc.sdlegislature.gov/api/Documents/297721.pdf
2093640,3332465,text,124921,application/pdf,Introduced,https://legiscan.com/SD/text/HB1145/id/3332465,https://mylrc.sdlegislature.gov/api/Documents/297722.pdf
2093667,3332492,text,238148,application/pdf,Introduced,https://legiscan.com/SD/text/HB1146/id/3332492,https://mylrc.sdlegislature.gov/api/Documents/297725.pdf
2093863,3332685,text,110306,application/pdf,Introduced,https://legiscan.com/SD/text/HB1147/id/3332685,https://mylrc.sdlegislature.gov/api/Documents/297726.pdf
2093723,3332545,text,245089,application/pdf,Introduced,https://legiscan.com/SD/text/HB1148/id/3332545,https://mylrc.sdlegislature.gov/api/Documents/297728.pdf
2093835,3332657,text,247390,application/pdf,Introduced,https://legiscan.com/SD/text/HB1149/id/3332657,https://mylrc.sdlegislature.gov/api/Documents/297730.pdf
2093781,3332603,text,108990,application/pdf,Introduced,https://legiscan.com/SD/text/HB1150/id/3332603,https://mylrc.sdlegislature.gov/api/Documents/297783.pdf
2093695,3332517,text,114894,application/pdf,Introduced,https://legiscan.com/SD/text/HB1151/id/3332517,https://mylrc.sdlegislature.gov/api/Documents/297816.pdf
2093867,3332738,text,105530,application/pdf,Introduced,https://legiscan.com/SD/text/HB1152/id/3332738,https://mylrc.sdlegislature.gov/api/Documents/297890.pdf
2094221,3332947,text,131974,application/pdf,Introduced,https://legiscan.com/SD/text/HB1153/id/3332947,https://mylrc.sdlegislature.gov/api/Documents/297953.pdf
2094417,3333142,text,151987,application/pdf,Introduced,https://legiscan.com/SD/text/HB1154/id/3333142,https://mylrc.sdlegislature.gov/api/Documents/297986.pdf
2094521,3333335,text,129317,application/pdf,Introduced,https://legiscan.com/SD/text/HB1155/id/3333335,https://mylrc.sdlegislature.gov/api/Documents/298084.pdf
2094488,3333303,text,108610,application/pdf,Introduced,https://legiscan.com/SD/text/HB1156/id/3333303,https://mylrc.sdlegislature.gov/api/Documents/298085.pdf
2094661,3333463,text,116769,application/pdf,Introduced,https://legiscan.com/SD/text/HB1157/id/3333463,https://mylrc.sdlegislature.gov/api/Documents/298161.pdf
2094699,3333499,text,133899,application/pdf,Introduced,https://legiscan.com/SD/text/HB1158/id/3333499,https://mylrc.sdlegislature.gov/api/Documents/298162.pdf
2094594,3333402,text,106151,application/pdf,Introduced,https://legiscan.com/SD/text/HB1159/id/3333402,https://mylrc.sdlegislature.gov/api/Documents/298163.pdf
2094560,3333373,text,116751,application/pdf,Introduced,https://legiscan.com/SD/text/HB1160/id/3333373,https://mylrc.sdlegislature.gov/api/Documents/298164.pdf
2094627,3333433,text,120344,application/pdf,Introduced,https://legiscan.com/SD/text/HB1161/id/3333433,https://mylrc.sdlegislature.gov/api/Documents/298209.pdf
2094858,3333739,text,138111,application/pdf,Introduced,https://legiscan.com/SD/text/HB1162/id/3333739,https://mylrc.sdlegislature.gov/api/Documents/298341.pdf
2094896,3333772,text,126581,application/pdf,Introduced,https://legiscan.com/SD/text/HB1163/id/3333772,https://mylrc.sdlegislature.gov/api/Documents/298347.pdf
2094815,3333702,text,117985,application/pdf,Introduced,https://legiscan.com/SD/text/HB1164/id/3333702,https://mylrc.sdlegislature.gov/api/Documents/298389.pdf
2095075,3334024,text,359649,application/pdf,Introduced,https://legiscan.com/SD/text/HB1165/id/3334024,https://mylrc.sdlegislature.gov/api/Documents/298450.pdf
2095048,3333998,text,123464,application/pdf,Introduced,https://legiscan.com/SD/text/HB1166/id/3333998,https://mylrc.sdlegislature.gov/api/Documents/298454.pdf
2095019,3333968,text,110355,application/pdf,Introduced,https://legiscan.com/SD/text/HB1167/id/3333968,https://mylrc.sdlegislature.gov/api/Documents/298459.pdf
2095276,3334211,text,127426,application/pdf,Introduced,https://legiscan.com/SD/text/HB1168/id/3334211,https://mylrc.sdlegislature.gov/api/Documents/298461.pdf
2095219,3334159,text,109992,application/pdf,Introduced,https://legiscan.com/SD/text/HB1169/id/3334159,https://mylrc.sdlegislature.gov/api/Documents/298475.pdf
2095104,3334049,text,117812,application/pdf,Introduced,https://legiscan.com/SD/text/HB1170/id/3334049,https://mylrc.sdlegislature.gov/api/Documents/298476.pdf
2095191,3334130,text,109039,application/pdf,Introduced,https://legiscan.com/SD/text/HB1171/id/3334130,https://mylrc.sdlegislature.gov/api/Documents/298478.pdf
2095431,3334395,text,100155,application/pdf,Introduced,https://legiscan.com/SD/text/HB1172/id/3334395,https://mylrc.sdlegislature.gov/api/Documents/298486.pdf
2095678,3334599,text,127310,application/pdf,Introduced,https://legiscan.com/SD/text/HB1173/id/3334599,https://mylrc.sdlegislature.gov/api/Documents/298517.pdf
2095578,3334507,text,180962,application/pdf,Introduced,https://legiscan.com/SD/text/HB1174/id/3334507,https://mylrc.sdlegislature.gov/api/Documents/298623.pdf
2095540,3334474,text,115261,application/pdf,Introduced,https://legiscan.com/SD/text/HB1175/id/3334474,https://mylrc.sdlegislature.gov/api/Documents/298707.pdf
2095710,3334628,text,107018,application/pdf,Introduced,https://legiscan.com/SD/text/HB1176/id/3334628,https://mylrc.sdlegislature.gov/api/Documents/298708.pdf
2095656,3334580,text,112999,application/pdf,Introduced,https://legiscan.com/SD/text/HB1177/id/3334580,https://mylrc.sdlegislature.gov/api/Documents/298711.pdf
2095559,3334490,text,127326,application/pdf,Introduced,https://legiscan.com/SD/text/HB1178/id/3334490,https://mylrc.sdlegislature.gov/api/Documents/298720.pdf
2099904,3338992,text,106423,application/pdf,Introduced,https://legiscan.com/SD/text/HB1179/id/3338992,https://mylrc.sdlegislature.gov/api/Documents/298729.pdf
2096691,3335750,text,107821,application/pdf,Introduced,https://legiscan.com/SD/text/HB1180/id/3335750,https://mylrc.sdlegislature.gov/api/Documents/298730.pdf
2097658,3336721,text,129473,application/pdf,Introduced,https://legiscan.com/SD/text/HB1181/id/3336721,https://mylrc.sdlegislature.gov/api/Documents/298735.pdf
2100223,3339314,text,110075,application/pdf,Introduced,https://legiscan.com/SD/text/HB1182/id/3339314,https://mylrc.sdlegislature.gov/api/Documents/298804.pdf
2099584,3338671,text,108913,application/pdf,Introduced,https://legiscan.com/SD/text/HB1183/id/3338671,https://mylrc.sdlegislature.gov/api/Documents/298806.pdf
2096046,3335084,text,194967,application/pdf,Introduced,https://legiscan.com/SD/text/HB1184/id/3335084,https://mylrc.sdlegislature.gov/api/Documents/298839.pdf
2099261,3338345,text,105893,application/pdf,Introduced,https://legiscan.com/SD/text/HB1185/id/3338345,https://mylrc.sdlegislature.gov/api/Documents/298894.pdf
2096367,3335415,text,106049,application/pdf,Introduced,https://legiscan.com/SD/text/HB1186/id/3335415,https://mylrc.sdlegislature.gov/api/Documents/298928.pdf
2100844,3339970,text,113169,application/pdf,Introduced,https://legiscan.com/SD/text/HB1187/id/3339970,https://mylrc.sdlegislature.gov/api/Documents/298959.pdf
2100521,3339662,text,118025,application/pdf,Introduced,https://legiscan.com/SD/text/HB1188/id/3339662,https://mylrc.sdlegislature.gov/api/Documents/298989.pdf
2100614,3339753,text,112881,application/pdf,Introduced,https://legiscan.com/SD/text/HB1189/id/3339753,https://mylrc.sdlegislature.gov/api/Documents/298990.pdf
2100660,3339795,text,106942,application/pdf,Introduced,https://legiscan.com/SD/text/HB1190/id/3339795,https://mylrc.sdlegislature.gov/api/Documents/299061.pdf
2100427,3339576,text,105662,application/pdf,Introduced,https://legiscan.com/SD/text/HB1191/id/3339576,https://mylrc.sdlegislature.gov/api/Documents/299063.pdf
2100933,3340054,text,120203,application/pdf,Introduced,https://legiscan.com/SD/text/HB1192/id/3340054,https://mylrc.sdlegislature.gov/api/Documents/299092.pdf
2100568,3339708,text,128919,application/pdf,Introduced,https://legiscan.com/SD/text/HB1193/id/3339708,https://mylrc.sdlegislature.gov/api/Documents/299112.pdf
2100471,3339615,text,132775,application/pdf,Introduced,https://legiscan.com/SD/text/HB1194/id/3339615,https://mylrc.sdlegislature.gov/api/Documents/299122.pdf
2100288,3339448,text,108003,application/pdf,Introduced,https://legiscan.com/SD/text/HB1195/id/3339448,https://mylrc.sdlegislature.gov/api/Documents/299162.pdf
2100998,3340171,text,158025,application/pdf,Introduced,https://legiscan.com/SD/text/HB1196/id/3340171,https://mylrc.sdlegislature.gov/api/Documents/299199.pdf
2100990,3340170,text,107685,application/pdf,Introduced,https://legiscan.com/SD/text/HB1197/id/3340170,https://mylrc.sdlegislature.gov/api/Documents/299222.pdf
2101540,3340719,text,109260,application/pdf,Introduced,https://legiscan.com/SD/text/HB1198/id/3340719,https://mylrc.sdlegislature.gov/api/Documents/299234.pdf
2101255,3340445,text,180221,application/pdf,Introduced,https://legiscan.com/SD/text/HB1199/id/3340445,https://mylrc.sdlegislature.gov/api/Documents/299260.pdf
2101526,3340705,text,114069,application/pdf,Introduced,https://legiscan.com/SD/text/HB1200/id/3340705,https://mylrc.sdlegislature.gov/api/Documents/299261.pdf
2101502,3340681,text,124896,application/pdf,Introduced,https://legiscan.com/SD/text/HB1201/id/3340681,https://mylrc.sdlegislature.gov/api/Documents/299273.pdf
2101409,3340593,text,111868,application/pdf,Introduced,https://legiscan.com/SD/text/HB1202/id/3340593,https://mylrc.sdlegislature.gov/api/Documents/299275.pdf
2101607,3340784,text,110281,application/pdf,Introduced,https://legiscan.com/SD/text/HB1203/id/3340784,https://mylrc.sdlegislature.gov/api/Documents/299279.pdf
2101628,3340805,text,152700,application/pdf,Introduced,https://legiscan.com/SD/text/HB1204/id/3340805,https://mylrc.sdlegislature.gov/api/Documents/299289.pdf
2101601,3340779,text,184036,application/pdf,Introduced,https://legiscan.com/SD/text/HB1205/id/3340779,https://mylrc.sdlegislature.gov/api/Documents/299293.pdf
2101054,3340255,text,105757,application/pdf,Introduced,https://legiscan.com/SD/text/HB1206/id/3340255,https://mylrc.sdlegislature.gov/api/Documents/299297.pdf
2101128,3340327,text,115059,application/pdf,Introduced,https://legiscan.com/SD/text/HB1207/id/3340327,https://mylrc.sdlegislature.gov/api/Documents/299304.pdf
2101305,3340492,text,110622,application/pdf,Introduced,https://legiscan.com/SD/text/HB1208/id/3340492,https://mylrc.sdlegislature.gov/api/Documents/299306.pdf
2101615,3340792,text,111279,application/pdf,Introduced,https://legiscan.com/SD/text/HB1209/id/3340792,https://mylrc.sdlegislature.gov/api/Documents/299307.pdf
2101594,3340772,text,107176,application/pdf,Introduced,https://legiscan.com/SD/text/HB1210/id/3340772,https://mylrc.sdlegislature.gov/api/Documents/299308.pdf
2101317,3340503,text,144558,application/pdf,Introduced,https://legiscan.com/SD/text/HB1211/id/3340503,https://mylrc.sdlegislature.gov/api/Documents/299309.pdf
2101394,3340578,text,119023,application/pdf,Introduced,https://legiscan.com/SD/text/HB1212/id/3340578,https://mylrc.sdlegislature.gov/api/Documents/299310.pdf
2101465,3340647,text,108240,application/pdf,Introduced,https://legiscan.com/SD/text/HB1213/id/3340647,https://mylrc.sdlegislature.gov/api/Documents/299313.pdf
2101557,3340736,text,139191,application/pdf,Introduced,https://legiscan.com/SD/text/HB1214/id/3340736,https://mylrc.sdlegislature.gov/api/Documents/299315.pdf
2101428,3340611,text,123720,application/pdf,Introduced,https://legiscan.com/SD/text/HB1215/id/3340611,https://mylrc.sdlegislature.gov/api/Documents/299321.pdf
2101436,3340619,text,119733,application/pdf,Introduced,https://legiscan.com/SD/text/HB1216/id/3340619,https://mylrc.sdlegislature.gov/api/Documents/299332.pdf
2101232,3340424,text,132559,application/pdf,Introduced,https://legiscan.com/SD/text/HB1217/id/3340424,https://mylrc.sdlegislature.gov/api/Documents/299340.pdf
2101458,3340640,text,140548,application/pdf,Introduced,https://legiscan.com/SD/text/HB1218/id/3340640,https://mylrc.sdlegislature.gov/api/Documents/299397.pdf
2101097,3340297,text,116232,application/pdf,Introduced,https://legiscan.com/SD/text/HB1219/id/3340297,https://mylrc.sdlegislature.gov/api/Documents/299425.pdf
2101584,3340762,text,159557,application/pdf,Introduced,https://legiscan.com/SD/text/HB1220/id/3340762,https://mylrc.sdlegislature.gov/api/Documents/299434.pdf
2101148,3340346,text,107701,application/pdf,Introduced,https://legiscan.com/SD/text/HB1221/id/3340346,https://mylrc.sdlegislature.gov/api/Documents/299441.pdf
2101578,3340757,text,104447,application/pdf,Introduced,https://legiscan.com/SD/text/HB1222/id/3340757,https://mylrc.sdlegislature.gov/api/Documents/299445.pdf
2101091,3340292,text,156617,application/pdf,Introduced,https://legiscan.com/SD/text/HB1223/id/3340292,https://mylrc.sdlegislature.gov/api/Documents/299457.pdf
2101040,3340241,text,122170,application/pdf,Introduced,https://legiscan.com/SD/text/HB1224/id/3340241,https://mylrc.sdlegislature.gov/api/Documents/299465.pdf
2101534,3340712,text,98063,application/pdf,Introduced,https://legiscan.com/SD/text/HB1225/id/3340712,https://mylrc.sdlegislature.gov/api/Documents/299466.pdf
2101060,3340261,text,110839,application/pdf,Introduced,https://legiscan.com/SD/text/HB1226/id/3340261,https://mylrc.sdlegislature.gov/api/Documents/299470.pdf
2101517,3340696,text,110851,application/pdf,Introduced,https://legiscan.com/SD/text/HB1227/id/3340696,https://mylrc.sdlegislature.gov/api/Documents/299472.pdf
2101158,3340355,text,109850,application/pdf,Introduced,https://legiscan.com/SD/text/HB1228/id/3340355,https://mylrc.sdlegislature.gov/api/Documents/299473.pdf
2101495,3340674,text,116616,application/pdf,Introduced,https://legiscan.com/SD/text/HB1229/id/3340674,https://mylrc.sdlegislature.gov/api/Documents/299474.pdf
2101083,3340284,text,176691,application/pdf,Introduced,https://legiscan.com/SD/text/HB1230/id/3340284,https://mylrc.sdlegislature.gov/api/Documents/299475.pdf
2101450,3340632,text,125515,application/pdf,Introduced,https://legiscan.com/SD/text/HB1231/id/3340632,https://mylrc.sdlegislature.gov/api/Documents/299478.pdf
2101386,3340570,text,107171,application/pdf,Introduced,https://legiscan.com/SD/text/HB1232/id/3340570,https://mylrc.sdlegislature.gov/api/Documents/299481.pdf
2101564,3340743,text,115848,application/pdf,Introduced,https://legiscan.com/SD/text/HB1233/id/3340743,https://mylrc.sdlegislature.gov/api/Documents/299483.pdf
2101217,3340411,text,108368,application/pdf,Introduced,https://legiscan.com/SD/text/HB1234/id/3340411,https://mylrc.sdlegislature.gov/api/Documents/299484.pdf
2101360,3340544,text,111275,application/pdf,Introduced,https://legiscan.com/SD/text/HB1235/id/3340544,https://mylrc.sdlegislature.gov/api/Documents/299488.pdf
2101120,3340319,text,108923,application/pdf,Introduced,https://legiscan.com/SD/text/HB1236/id/3340319,https://mylrc.sdlegislature.gov/api/Documents/299499.pdf
2101135,3340334,text,126988,application/pdf,Introduced,https://legiscan.com/SD/text/HB1237/id/3340334,https://mylrc.sdlegislature.gov/api/Documents/299506.pdf
2101283,3340471,text,130080,application/pdf,Introduced,https://legiscan.com/SD/text/HB1238/id/3340471,https://mylrc.sdlegislature.gov/api/Documents/299509.pdf
2101510,3340689,text,181143,application/pdf,Introduced,https://legiscan.com/SD/text/HB1239/id/3340689,https://mylrc.sdlegislature.gov/api/Documents/299513.pdf
2101667,3340947,text,163985,application/pdf,Introduced,https://legiscan.com/SD/text/HB1240/id/3340947,https://mylrc.sdlegislature.gov/api/Documents/299551.pdf
2101846,3341123,text,118354,application/pdf,Introduced,https://legiscan.com/SD/text/HB1241/id/3341123,https://mylrc.sdlegislature.gov/api/Documents/299580.pdf
2101786,3341065,text,119038,application/pdf,Introduced,https://legiscan.com/SD/text/HB1242/id/3341065,https://mylrc.sdlegislature.gov/api/Documents/299582.pdf
2101938,3341211,text,111488,application/pdf,Introduced,https://legiscan.com/SD/text/HB1243/id/3341211,https://mylrc.sdlegislature.gov/api/Documents/299586.pdf
2102287,3341718,text,115889,application/pdf,Introduced,https://legiscan.com/SD/text/HB1244/id/3341718,https://mylrc.sdlegislature.gov/api/Documents/299666.pdf
2103023,3342764,text,128496,application/pdf,Introduced,https://legiscan.com/SD/text/HB1245/id/3342764,https://mylrc.sdlegislature.gov/api/Documents/299758.pdf
2103285,3343132,text,107341,application/pdf,Introduced,https://legiscan.com/SD/text/HB1246/id/3343132,https://mylrc.sdlegislature.gov/api/Documents/299800.pdf
2073353,3310137,text,107013,application/pdf,Introduced,https://legiscan.com/SD/text/HR7001/id/3310137,https://mylrc.sdlegislature.gov/api/Documents/294141.pdf
2073353,3320895,text,107478,application/pdf,"Comm Sub",https://legiscan.com/SD/text/HR7001/id/3320895,https://mylrc.sdlegislature.gov/api/Documents/294824.pdf
2073353,3323979,text,85778,application/pdf,Enrolled,https://legiscan.com/SD/text/HR7001/id/3323979,https://mylrc.sdlegislature.gov/api/Documents/295064.pdf
2061038,3293559,text,115875,application/pdf,Introduced,https://legiscan.com/SD/text/HCR6001/id/3293559,https://mylrc.sdlegislature.gov/api/Documents/291572.pdf
2061038,3331386,text,118887,application/pdf,"Comm Sub",https://legiscan.com/SD/text/HCR6001/id/3331386,https://mylrc.sdlegislature.gov/api/Documents/296883.pdf
2061024,3293545,text,108775,application/pdf,Introduced,https://legiscan.com/SD/text/HCR6002/id/3293545,https://mylrc.sdlegislature.gov/api/Documents/291573.pdf
2061024,3332944,text,89751,application/pdf,Enrolled,https://legiscan.com/SD/text/HCR6002/id/3332944,https://mylrc.sdlegislature.gov/api/Documents/297757.pdf
2078605,3315608,text,131077,application/pdf,Introduced,https://legiscan.com/SD/text/HCR6003/id/3315608,https://mylrc.sdlegislature.gov/api/Documents/294413.pdf
2078605,3333229,text,86023,application/pdf,Enrolled,https://legiscan.com/SD/text/HCR6003/id/3333229,https://mylrc.sdlegislature.gov/api/Documents/297756.pdf
2079724,3316759,text,104398,application/pdf,Introduced,https://legiscan.com/SD/text/HCR6004/id/3316759,https://mylrc.sdlegislature.gov/api/Documents/294526.pdf
2081575,3318759,text,106199,application/pdf,Introduced,https://legiscan.com/SD/text/HCR6005/id/3318759,https://mylrc.sdlegislature.gov/api/Documents/294744.pdf
2081575,3333591,text,85943,application/pdf,Enrolled,https://legiscan.com/SD/text/HCR6005/id/3333591,https://mylrc.sdlegislature.gov/api/Documents/297758.pdf
2083788,3321006,text,107494,application/pdf,Introduced,https://legiscan.com/SD/text/HCR6006/id/3321006,https://mylrc.sdlegislature.gov/api/Documents/294947.pdf
2090780,3328925,text,108173,application/pdf,Introduced,https://legiscan.com/SD/text/HCR6007/id/3328925,https://mylrc.sdlegislature.gov/api/Documents/296390.pdf
2098620,3337697,text,113201,application/pdf,Introduced,https://legiscan.com/SD/text/HCR6008/id/3337697,https://mylrc.sdlegislature.gov/api/Documents/298792.pdf
2100381,3339533,text,104326,application/pdf,Introduced,https://legiscan.com/SD/text/HCR6009/id/3339533,https://mylrc.sdlegislature.gov/api/Documents/299008.pdf
2100891,3340015,text,115147,application/pdf,Introduced,https://legiscan.com/SD/text/HCR6010/id/3340015,https://mylrc.sdlegislature.gov/api/Documents/299114.pdf
2101178,3340373,text,106308,application/pdf,Introduced,https://legiscan.com/SD/text/HCR6011/id/3340373,https://mylrc.sdlegislature.gov/api/Documents/299448.pdf
2072781,3308066,text,111735,application/pdf,Introduced,https://legiscan.com/SD/text/HJR5001/id/3308066,https://mylrc.sdlegislature.gov/api/Documents/294004.pdf
2072781,3331085,text,113413,application/pdf,"Comm Sub",https://legiscan.com/SD/text/HJR5001/id/3331085,https://mylrc.sdlegislature.gov/api/Documents/296799.pdf
2072781,3333884,text,113339,application/pdf,"Comm Sub",https://legiscan.com/SD/text/HJR5001/id/3333884,https://mylrc.sdlegislature.gov/api/Documents/298338.pdf
2088457,3326196,text,112415,application/pdf,Introduced,https://legiscan.com/SD/text/HJR5002/id/3326196,https://mylrc.sdlegislature.gov/api/Documents/295974.pdf
2087047,3324544,text,107995,application/pdf,Introduced,https://legiscan.com/SD/text/HC8001/id/3324544,https://mylrc.sdlegislature.gov/api/Documents/295687.pdf
2087047,3332690,text,139474,application/pdf,Enrolled,https://legiscan.com/SD/text/HC8001/id/3332690,https://mylrc.sdlegislature.gov/api/Documents/297257.pdf
2093461,3332251,text,113613,application/pdf,Introduced,https://legiscan.com/SD/text/HC8002/id/3332251,https://mylrc.sdlegislature.gov/api/Documents/297677.pdf
2094938,3333810,text,141944,application/pdf,Introduced,https://legiscan.com/SD/text/HC8003/id/3333810,https://mylrc.sdlegislature.gov/api/Documents/298376.pdf
2101211,3340406,text,113143,application/pdf,Introduced,https://legiscan.com/SD/text/HC8004/id/3340406,https://mylrc.sdlegislature.gov/api/Documents/299288.pdf
2060584,3292994,text,118355,application/pdf,Introduced,https://legiscan.com/SD/text/SB1/id/3292994,https://mylrc.sdlegislature.gov/api/Documents/291291.pdf
2060585,3292995,text,156891,application/pdf,Introduced,https://legiscan.com/SD/text/SB2/id/3292995,https://mylrc.sdlegislature.gov/api/Documents/291292.pdf
2060585,3331408,text,157341,application/pdf,"Comm Sub",https://legiscan.com/SD/text/SB2/id/3331408,https://mylrc.sdlegislature.gov/api/Documents/296986.pdf
2060591,3293001,text,106949,application/pdf,Introduced,https://legiscan.com/SD/text/SB3/id/3293001,https://mylrc.sdlegislature.gov/api/Documents/291293.pdf
2060590,3293000,text,111055,application/pdf,Introduced,https://legiscan.com/SD/text/SB4/id/3293000,https://mylrc.sdlegislature.gov/api/Documents/291294.pdf
2060582,3292992,text,122418,application/pdf,Introduced,https://legiscan.com/SD/text/SB5/id/3292992,https://mylrc.sdlegislature.gov/api/Documents/291295.pdf
2060582,3334704,text,112814,application/pdf,Enrolled,https://legiscan.com/SD/text/SB5/id/3334704,https://mylrc.sdlegislature.gov/api/Documents/298350.pdf
2060595,3293005,text,107776,application/pdf,Introduced,https://legiscan.com/SD/text/SB6/id/3293005,https://mylrc.sdlegislature.gov/api/Documents/291296.pdf
2060580,3292990,text,105533,application/pdf,Introduced,https://legiscan.com/SD/text/SB7/id/3292990,https://mylrc.sdlegislature.gov/api/Documents/291297.pdf
2060592,3293002,text,115907,application/pdf,Introduced,https://legiscan.com/SD/text/SB8/id/3293002,https://mylrc.sdlegislature.gov/api/Documents/291300.pdf
2060587,3292997,text,111107,application/pdf,Introduced,https://legiscan.com/SD/text/SB9/id/3292997,https://mylrc.sdlegislature.gov/api/Documents/291301.pdf
2060583,3292993,text,108360,application/pdf,Introduced,https://legiscan.com/SD/text/SB10/id/3292993,https://mylrc.sdlegislature.gov/api/Documents/291302.pdf
2060583,3321193,text,109385,application/pdf,"Comm Sub",https://legiscan.com/SD/text/SB10/id/3321193,https://mylrc.sdlegislature.gov/api/Documents/294985.pdf
2060588,3292998,text,107665,application/pdf,Introduced,https://legiscan.com/SD/text/SB11/id/3292998,https://mylrc.sdlegislature.gov/api/Documents/291303.pdf
2061025,3293546,text,120171,application/pdf,Introduced,https://legiscan.com/SD/text/SB12/id/3293546,https://mylrc.sdlegislature.gov/api/Documents/291591.pdf
2061019,3293540,text,108620,application/pdf,Introduced,https://legiscan.com/SD/text/SB13/id/3293540,https://mylrc.sdlegislature.gov/api/Documents/291592.pdf
2061034,3293555,text,160541,application/pdf,Introduced,https://legiscan.com/SD/text/SB14/id/3293555,https://mylrc.sdlegislature.gov/api/Documents/291593.pdf
2064825,3298937,text,145918,application/pdf,Introduced,https://legiscan.com/SD/text/SB15/id/3298937,https://mylrc.sdlegislature.gov/api/Documents/292090.pdf
2064822,3298934,text,134442,application/pdf,Introduced,https://legiscan.com/SD/text/SB16/id/3298934,https://mylrc.sdlegislature.gov/api/Documents/292091.pdf
2064820,3298932,text,102175,application/pdf,Introduced,https://legiscan.com/SD/text/SB17/id/3298932,https://mylrc.sdlegislature.gov/api/Documents/292092.pdf
2064819,3298931,text,123532,application/pdf,Introduced,https://legiscan.com/SD/text/SB18/id/3298931,https://mylrc.sdlegislature.gov/api/Documents/292093.pdf
2064821,3298933,text,104354,application/pdf,Introduced,https://legiscan.com/SD/text/SB19/id/3298933,https://mylrc.sdlegislature.gov/api/Documents/292094.pdf
2064832,3298944,text,102457,application/pdf,Introduced,https://legiscan.com/SD/text/SB20/id/3298944,https://mylrc.sdlegislature.gov/api/Documents/292095.pdf
2064830,3298942,text,263454,application/pdf,Introduced,https://legiscan.com/SD/text/SB21/id/3298942,https://mylrc.sdlegislature.gov/api/Documents/292096.pdf
2064828,3298940,text,98936,application/pdf,Introduced,https://legiscan.com/SD/text/SB22/id/3298940,https://mylrc.sdlegislature.gov/api/Documents/292097.pdf
2064826,3298938,text,119460,application/pdf,Introduced,https://legiscan.com/SD/text/SB23/id/3298938,https://mylrc.sdlegislature.gov/api/Documents/292098.pdf
2064829,3298941,text,110174,application/pdf,Introduced,https://legiscan.com/SD/text/SB24/id/3298941,https://mylrc.sdlegislature.gov/api/Documents/292099.pdf
2064823,3298935,text,124568,application/pdf,Introduced,https://legiscan.com/SD/text/SB25/id/3298935,https://mylrc.sdlegislature.gov/api/Documents/292100.pdf
2064823,3324469,text,124715,application/pdf,"Comm Sub",https://legiscan.com/SD/text/SB25/id/3324469,https://mylrc.sdlegislature.gov/api/Documents/295477.pdf
2064823,3332933,text,125721,application/pdf,"Comm Sub",https://legiscan.com/SD/text/SB25/id/3332933,https://mylrc.sdlegislature.gov/api/Documents/297846.pdf
2064816,3298928,text,114899,application/pdf,Introduced,https://legiscan.com/SD/text/SB26/id/3298928,https://mylrc.sdlegislature.gov/api/Documents/292101.pdf
2064831,3298943,text,107896,application/pdf,Introduced,https://legiscan.com/SD/text/SB27/id/3298943,https://mylrc.sdlegislature.gov/api/Documents/292102.pdf
2065000,3299251,text,100795,application/pdf,Introduced,https://legiscan.com/SD/text/SB28/id/3299251,https://mylrc.sdlegislature.gov/api/Documents/292263.pdf
2065004,3299255,text,120843,application/pdf,Introduced,https://legiscan.com/SD/text/SB29/id/3299255,https://mylrc.sdlegislature.gov/api/Documents/292264.pdf
2064999,3299250,text,102323,application/pdf,Introduced,https://legiscan.com/SD/text/SB30/id/3299250,https://mylrc.sdlegislature.gov/api/Documents/292265.pdf
2065002,3299253,text,112768,application/pdf,Introduced,https://legiscan.com/SD/text/SB31/id/3299253,https://mylrc.sdlegislature.gov/api/Documents/292266.pdf
2065001,3299252,text,110195,application/pdf,Introduced,https://legiscan.com/SD/text/SB32/id/3299252,https://mylrc.sdlegislature.gov/api/Documents/292267.pdf
2065003,3299254,text,176946,application/pdf,Introduced,https://legiscan.com/SD/text/SB33/id/3299254,https://mylrc.sdlegislature.gov/api/Documents/292268.pdf
2064998,3299249,text,158166,application/pdf,Introduced,https://legiscan.com/SD/text/SB34/id/3299249,https://mylrc.sdlegislature.gov/api/Documents/292269.pdf
2065212,3299548,text,110625,application/pdf,Introduced,https://legiscan.com/SD/text/SB35/id/3299548,https://mylrc.sdlegislature.gov/api/Documents/292542.pdf
2066232,3300689,text,134865,application/pdf,Introduced,https://legiscan.com/SD/text/SB36/id/3300689,https://mylrc.sdlegislature.gov/api/Documents/292836.pdf
2066232,3333583,text,135985,application/pdf,"Comm Sub",https://legiscan.com/SD/text/SB36/id/3333583,https://mylrc.sdlegislature.gov/api/Documents/298132.pdf
2066232,3341752,text,133015,application/pdf,"Comm Sub",https://legiscan.com/SD/text/SB36/id/3341752,https://mylrc.sdlegislature.gov/api/Documents/299659.pdf
2066165,3300627,text,124950,application/pdf,Introduced,https://legiscan.com/SD/text/SB37/id/3300627,https://mylrc.sdlegislature.gov/api/Documents/292837.pdf
2066224,3300682,text,106546,application/pdf,Introduced,https://legiscan.com/SD/text/SB38/id/3300682,https://mylrc.sdlegislature.gov/api/Documents/292838.pdf
2066306,3300757,text,184728,application/pdf,Introduced,https://legiscan.com/SD/text/SB39/id/3300757,https://mylrc.sdlegislature.gov/api/Documents/292839.pdf
2066274,3300728,text,115363,application/pdf,Introduced,https://legiscan.com/SD/text/SB40/id/3300728,https://mylrc.sdlegislature.gov/api/Documents/292840.pdf
2066135,3300599,text,110504,application/pdf,Introduced,https://legiscan.com/SD/text/SB41/id/3300599,https://mylrc.sdlegislature.gov/api/Documents/292841.pdf
2066345,3300793,text,115760,application/pdf,Introduced,https://legiscan.com/SD/text/SB42/id/3300793,https://mylrc.sdlegislature.gov/api/Documents/292842.pdf
2066345,3341751,text,109921,application/pdf,"Comm Sub",https://legiscan.com/SD/text/SB42/id/3341751,https://mylrc.sdlegislature.gov/api/Documents/299658.pdf
2066191,3300652,text,101479,application/pdf,Introduced,https://legiscan.com/SD/text/SB43/id/3300652,https://mylrc.sdlegislature.gov/api/Documents/292843.pdf
2066364,3300811,text,117674,application/pdf,Introduced,https://legiscan.com/SD/text/SB44/id/3300811,https://mylrc.sdlegislature.gov/api/Documents/292844.pdf
2066364,3324508,text,118851,application/pdf,"Comm Sub",https://legiscan.com/SD/text/SB44/id/3324508,https://mylrc.sdlegislature.gov/api/Documents/295447.pdf
2066213,3300671,text,105002,application/pdf,Introduced,https://legiscan.com/SD/text/SB45/id/3300671,https://mylrc.sdlegislature.gov/api/Documents/292845.pdf
2066213,3324483,text,108295,application/pdf,"Comm Sub",https://legiscan.com/SD/text/SB45/id/3324483,https://mylrc.sdlegislature.gov/api/Documents/295448.pdf
2066374,3300820,text,101017,application/pdf,Introduced,https://legiscan.com/SD/text/SB46/id/3300820,https://mylrc.sdlegislature.gov/api/Documents/292846.pdf
2066354,3300802,text,112898,application/pdf,Introduced,https://legiscan.com/SD/text/SB47/id/3300802,https://mylrc.sdlegislature.gov/api/Documents/292847.pdf
2066324,3300774,text,104770,application/pdf,Introduced,https://legiscan.com/SD/text/SB48/id/3300774,https://mylrc.sdlegislature.gov/api/Documents/292848.pdf
2066243,3300699,text,122445,application/pdf,Introduced,https://legiscan.com/SD/text/SB49/id/3300699,https://mylrc.sdlegislature.gov/api/Documents/292849.pdf
2066243,3324528,text,124351,application/pdf,"Comm Sub",https://legiscan.com/SD/text/SB49/id/3324528,https://mylrc.sdlegislature.gov/api/Documents/295449.pdf
2066201,3300661,text,99712,application/pdf,Introduced,https://legiscan.com/SD/text/SB50/id/3300661,https://mylrc.sdlegislature.gov/api/Documents/292850.pdf
2066263,3300718,text,108044,application/pdf,Introduced,https://legiscan.com/SD/text/SB51/id/3300718,https://mylrc.sdlegislature.gov/api/Documents/292851.pdf
2066384,3300829,text,114773,application/pdf,Introduced,https://legiscan.com/SD/text/SB52/id/3300829,https://mylrc.sdlegislature.gov/api/Documents/292852.pdf
2066332,3300781,text,110747,application/pdf,Introduced,https://legiscan.com/SD/text/SB53/id/3300781,https://mylrc.sdlegislature.gov/api/Documents/292853.pdf
2066295,3300747,text,107641,application/pdf,Introduced,https://legiscan.com/SD/text/SB54/id/3300747,https://mylrc.sdlegislature.gov/api/Documents/292854.pdf
2066170,3300632,text,101354,application/pdf,Introduced,https://legiscan.com/SD/text/SB55/id/3300632,https://mylrc.sdlegislature.gov/api/Documents/292855.pdf
2066149,3300612,text,145428,application/pdf,Introduced,https://legiscan.com/SD/text/SB56/id/3300612,https://mylrc.sdlegislature.gov/api/Documents/292874.pdf
2066286,3300739,text,134243,application/pdf,Introduced,https://legiscan.com/SD/text/SB57/id/3300739,https://mylrc.sdlegislature.gov/api/Documents/292875.pdf
2066286,3321220,text,135110,application/pdf,"Comm Sub",https://legiscan.com/SD/text/SB57/id/3321220,https://mylrc.sdlegislature.gov/api/Documents/295038.pdf
2066286,3334710,text,118600,application/pdf,Enrolled,https://legiscan.com/SD/text/SB57/id/3334710,https://mylrc.sdlegislature.gov/api/Documents/298297.pdf
2066180,3300642,text,259957,application/pdf,Introduced,https://legiscan.com/SD/text/SB58/id/3300642,https://mylrc.sdlegislature.gov/api/Documents/292876.pdf
2066142,3300605,text,106490,application/pdf,Introduced,https://legiscan.com/SD/text/SB59/id/3300605,https://mylrc.sdlegislature.gov/api/Documents/292877.pdf
2066991,3301518,text,131336,application/pdf,Introduced,https://legiscan.com/SD/text/SB60/id/3301518,https://mylrc.sdlegislature.gov/api/Documents/293026.pdf
2067110,3301633,text,127628,application/pdf,Introduced,https://legiscan.com/SD/text/SB61/id/3301633,https://mylrc.sdlegislature.gov/api/Documents/293027.pdf
2067110,3326761,text,128771,application/pdf,"Comm Sub",https://legiscan.com/SD/text/SB61/id/3326761,https://mylrc.sdlegislature.gov/api/Documents/296002.pdf
2067052,3301577,text,106630,application/pdf,Introduced,https://legiscan.com/SD/text/SB62/id/3301577,https://mylrc.sdlegislature.gov/api/Documents/293028.pdf
2067171,3301691,text,116333,application/pdf,Introduced,https://legiscan.com/SD/text/SB63/id/3301691,https://mylrc.sdlegislature.gov/api/Documents/293029.pdf
2067292,3301808,text,155973,application/pdf,Introduced,https://legiscan.com/SD/text/SB64/id/3301808,https://mylrc.sdlegislature.gov/api/Documents/293030.pdf
2067353,3301866,text,139801,application/pdf,Introduced,https://legiscan.com/SD/text/SB65/id/3301866,https://mylrc.sdlegislature.gov/api/Documents/293031.pdf
2068724,3303346,text,222589,application/pdf,Introduced,https://legiscan.com/SD/text/SB66/id/3303346,https://mylrc.sdlegislature.gov/api/Documents/293249.pdf
2068645,3303267,text,100476,application/pdf,Introduced,https://legiscan.com/SD/text/SB67/id/3303267,https://mylrc.sdlegislature.gov/api/Documents/293250.pdf
2068804,3303426,text,102036,application/pdf,Introduced,https://legiscan.com/SD/text/SB68/id/3303426,https://mylrc.sdlegislature.gov/api/Documents/293251.pdf
2068570,3303191,text,102937,application/pdf,Introduced,https://legiscan.com/SD/text/SB69/id/3303191,https://mylrc.sdlegislature.gov/api/Documents/293252.pdf
2068422,3303045,text,209820,application/pdf,Introduced,https://legiscan.com/SD/text/SB70/id/3303045,https://mylrc.sdlegislature.gov/api/Documents/293253.pdf
2068495,3303118,text,106841,application/pdf,Introduced,https://legiscan.com/SD/text/SB71/id/3303118,https://mylrc.sdlegislature.gov/api/Documents/293254.pdf
2069052,3303740,text,100364,application/pdf,Introduced,https://legiscan.com/SD/text/SB72/id/3303740,https://mylrc.sdlegislature.gov/api/Documents/293266.pdf
2068948,3303637,text,173224,application/pdf,Introduced,https://legiscan.com/SD/text/SB73/id/3303637,https://mylrc.sdlegislature.gov/api/Documents/293267.pdf
2068982,3303671,text,98851,application/pdf,Introduced,https://legiscan.com/SD/text/SB74/id/3303671,https://mylrc.sdlegislature.gov/api/Documents/293268.pdf
2069015,3303704,text,103635,application/pdf,Introduced,https://legiscan.com/SD/text/SB75/id/3303704,https://mylrc.sdlegislature.gov/api/Documents/293269.pdf
2069015,3334449,text,104631,application/pdf,"Comm Sub",https://legiscan.com/SD/text/SB75/id/3334449,https://mylrc.sdlegislature.gov/api/Documents/298393.pdf
2069147,3303834,text,112032,application/pdf,Introduced,https://legiscan.com/SD/text/SB76/id/3303834,https://mylrc.sdlegislature.gov/api/Documents/293304.pdf
2069959,3304808,text,114258,application/pdf,Introduced,https://legiscan.com/SD/text/SB77/id/3304808,https://mylrc.sdlegislature.gov/api/Documents/293465.pdf
2070031,3304883,text,158920,application/pdf,Introduced,https://legiscan.com/SD/text/SB78/id/3304883,https://mylrc.sdlegislature.gov/api/Documents/293474.pdf
2069996,3304845,text,105655,application/pdf,Introduced,https://legiscan.com/SD/text/SB79/id/3304845,https://mylrc.sdlegislature.gov/api/Documents/293479.pdf
2071513,3306264,text,109810,application/pdf,Introduced,https://legiscan.com/SD/text/SB80/id/3306264,https://mylrc.sdlegislature.gov/api/Documents/293780.pdf
2073066,3308367,text,108533,application/pdf,Introduced,https://legiscan.com/SD/text/SB81/id/3308367,https://mylrc.sdlegislature.gov/api/Documents/294107.pdf
2072996,3308291,text,107686,application/pdf,Introduced,https://legiscan.com/SD/text/SB82/id/3308291,https://mylrc.sdlegislature.gov/api/Documents/294108.pdf
2072572,3307840,text,133591,application/pdf,Introduced,https://legiscan.com/SD/text/SB83/id/3307840,https://mylrc.sdlegislature.gov/api/Documents/294112.pdf
2073931,3310933,text,116183,application/pdf,Introduced,https://legiscan.com/SD/text/SB84/id/3310933,https://mylrc.sdlegislature.gov/api/Documents/294178.pdf
2073931,3331397,text,116037,application/pdf,"Comm Sub",https://legiscan.com/SD/text/SB84/id/3331397,https://mylrc.sdlegislature.gov/api/Documents/296987.pdf
2073960,3310962,text,125675,application/pdf,Introduced,https://legiscan.com/SD/text/SB85/id/3310962,https://mylrc.sdlegislature.gov/api/Documents/294179.pdf
2073960,3328212,text,128381,application/pdf,"Comm Sub",https://legiscan.com/SD/text/SB85/id/3328212,https://mylrc.sdlegislature.gov/api/Documents/296301.pdf
2073990,3310993,text,109983,application/pdf,Introduced,https://legiscan.com/SD/text/SB86/id/3310993,https://mylrc.sdlegislature.gov/api/Documents/294180.pdf
2078047,3315046,text,151373,application/pdf,Introduced,https://legiscan.com/SD/text/SB87/id/3315046,https://mylrc.sdlegislature.gov/api/Documents/294203.pdf
2078782,3315780,text,118295,application/pdf,Introduced,https://legiscan.com/SD/text/SB88/id/3315780,https://mylrc.sdlegislature.gov/api/Documents/294419.pdf
2080901,3318054,text,117697,application/pdf,Introduced,https://legiscan.com/SD/text/SB89/id/3318054,https://mylrc.sdlegislature.gov/api/Documents/294688.pdf
2081399,3318524,text,110134,application/pdf,Introduced,https://legiscan.com/SD/text/SB90/id/3318524,https://mylrc.sdlegislature.gov/api/Documents/294700.pdf
2081233,3318367,text,111545,application/pdf,Introduced,https://legiscan.com/SD/text/SB91/id/3318367,https://mylrc.sdlegislature.gov/api/Documents/294701.pdf
2081233,3334717,text,112623,application/pdf,"Comm Sub",https://legiscan.com/SD/text/SB91/id/3334717,https://mylrc.sdlegislature.gov/api/Documents/298727.pdf
2080731,3317887,text,112071,application/pdf,Introduced,https://legiscan.com/SD/text/SB92/id/3317887,https://mylrc.sdlegislature.gov/api/Documents/294702.pdf
2080731,3334716,text,112404,application/pdf,"Comm Sub",https://legiscan.com/SD/text/SB92/id/3334716,https://mylrc.sdlegislature.gov/api/Documents/298728.pdf
2081564,3318680,text,122806,application/pdf,Introduced,https://legiscan.com/SD/text/SB93/id/3318680,https://mylrc.sdlegislature.gov/api/Documents/294704.pdf
2081564,3339360,text,127360,application/pdf,"Comm Sub",https://legiscan.com/SD/text/SB93/id/3339360,https://mylrc.sdlegislature.gov/api/Documents/299060.pdf
2082246,3319421,text,138774,application/pdf,Introduced,https://legiscan.com/SD/text/SB94/id/3319421,https://mylrc.sdlegislature.gov/api/Documents/294764.pdf
2083361,3320620,text,117247,application/pdf,Introduced,https://legiscan.com/SD/text/SB95/id/3320620,https://mylrc.sdlegislature.gov/api/Documents/294827.pdf
2084250,3321473,text,159522,application/pdf,Introduced,https://legiscan.com/SD/text/SB96/id/3321473,https://mylrc.sdlegislature.gov/api/Documents/295010.pdf
2085315,3322684,text,129798,application/pdf,Introduced,https://legiscan.com/SD/text/SB97/id/3322684,https://mylrc.sdlegislature.gov/api/Documents/295151.pdf
2085402,3322752,text,145919,application/pdf,Introduced,https://legiscan.com/SD/text/SB98/id/3322752,https://mylrc.sdlegislature.gov/api/Documents/295161.pdf
2085915,3323276,text,262443,application/pdf,Introduced,https://legiscan.com/SD/text/SB99/id/3323276,https://mylrc.sdlegislature.gov/api/Documents/295265.pdf
2085916,3323289,text,167973,application/pdf,Introduced,https://legiscan.com/SD/text/SB100/id/3323289,https://mylrc.sdlegislature.gov/api/Documents/295273.pdf
2086596,3323972,text,144756,application/pdf,Introduced,https://legiscan.com/SD/text/SB101/id/3323972,https://mylrc.sdlegislature.gov/api/Documents/295392.pdf
2086596,3332401,text,144290,application/pdf,"Comm Sub",https://legiscan.com/SD/text/SB101/id/3332401,https://mylrc.sdlegislature.gov/api/Documents/297653.pdf
2086500,3323876,text,111927,application/pdf,Introduced,https://legiscan.com/SD/text/SB102/id/3323876,https://mylrc.sdlegislature.gov/api/Documents/295440.pdf
2086825,3324242,text,108073,application/pdf,Introduced,https://legiscan.com/SD/text/SB103/id/3324242,https://mylrc.sdlegislature.gov/api/Documents/295570.pdf
2087670,3325242,text,109570,application/pdf,Introduced,https://legiscan.com/SD/text/SB104/id/3325242,https://mylrc.sdlegislature.gov/api/Documents/295756.pdf
2087646,3325241,text,118461,application/pdf,Introduced,https://legiscan.com/SD/text/SB105/id/3325241,https://mylrc.sdlegislature.gov/api/Documents/295757.pdf
2088039,3325679,text,113845,application/pdf,Introduced,https://legiscan.com/SD/text/SB106/id/3325679,https://mylrc.sdlegislature.gov/api/Documents/295887.pdf
2088932,3326782,text,121593,application/pdf,Introduced,https://legiscan.com/SD/text/SB107/id/3326782,https://mylrc.sdlegislature.gov/api/Documents/296077.pdf
2089700,3327737,text,106538,application/pdf,Introduced,https://legiscan.com/SD/text/SB108/id/3327737,https://mylrc.sdlegislature.gov/api/Documents/296181.pdf
2090271,3328421,text,156493,application/pdf,Introduced,https://legiscan.com/SD/text/SB109/id/3328421,https://mylrc.sdlegislature.gov/api/Documents/296377.pdf
2090374,3328522,text,136218,application/pdf,Introduced,https://legiscan.com/SD/text/SB110/id/3328522,https://mylrc.sdlegislature.gov/api/Documents/296419.pdf
2090478,3328622,text,138561,application/pdf,Introduced,https://legiscan.com/SD/text/SB111/id/3328622,https://mylrc.sdlegislature.gov/api/Documents/296420.pdf
2091199,3329370,text,125637,application/pdf,Introduced,https://legiscan.com/SD/text/SB112/id/3329370,https://mylrc.sdlegislature.gov/api/Documents/296568.pdf
2091201,3329510,text,106029,application/pdf,Introduced,https://legiscan.com/SD/text/SB113/id/3329510,https://mylrc.sdlegislature.gov/api/Documents/296645.pdf
2091402,3329835,text,116700,application/pdf,Introduced,https://legiscan.com/SD/text/SB114/id/3329835,https://mylrc.sdlegislature.gov/api/Documents/296646.pdf
2091402,3337101,text,117326,application/pdf,"Comm Sub",https://legiscan.com/SD/text/SB114/id/3337101,https://mylrc.sdlegislature.gov/api/Documents/298862.pdf
2091418,3329851,text,113453,application/pdf,Introduced,https://legiscan.com/SD/text/SB115/id/3329851,https://mylrc.sdlegislature.gov/api/Documents/296647.pdf
2092161,3330736,text,115583,application/pdf,Introduced,https://legiscan.com/SD/text/SB116/id/3330736,https://mylrc.sdlegislature.gov/api/Documents/296837.pdf
2092243,3330817,text,114972,application/pdf,Introduced,https://legiscan.com/SD/text/SB117/id/3330817,https://mylrc.sdlegislature.gov/api/Documents/296840.pdf
2092203,3330777,text,120027,application/pdf,Introduced,https://legiscan.com/SD/text/SB118/id/3330777,https://mylrc.sdlegislature.gov/api/Documents/296855.pdf
2091913,3330487,text,103918,application/pdf,Introduced,https://legiscan.com/SD/text/SB119/id/3330487,https://mylrc.sdlegislature.gov/api/Documents/296905.pdf
2092115,3330692,text,103914,application/pdf,Introduced,https://legiscan.com/SD/text/SB120/id/3330692,https://mylrc.sdlegislature.gov/api/Documents/296906.pdf
2092372,3330946,text,104207,application/pdf,Introduced,https://legiscan.com/SD/text/SB121/id/3330946,https://mylrc.sdlegislature.gov/api/Documents/296907.pdf
2092072,3330646,text,105156,application/pdf,Introduced,https://legiscan.com/SD/text/SB122/id/3330646,https://mylrc.sdlegislature.gov/api/Documents/296934.pdf
2091950,3330524,text,150905,application/pdf,Introduced,https://legiscan.com/SD/text/SB123/id/3330524,https://mylrc.sdlegislature.gov/api/Documents/296941.pdf
2092679,3331413,text,154324,application/pdf,Introduced,https://legiscan.com/SD/text/SB124/id/3331413,https://mylrc.sdlegislature.gov/api/Documents/297047.pdf
2093355,3332056,text,111372,application/pdf,Introduced,https://legiscan.com/SD/text/SB125/id/3332056,https://mylrc.sdlegislature.gov/api/Documents/297087.pdf
2093360,3332086,text,117285,application/pdf,Introduced,https://legiscan.com/SD/text/SB126/id/3332086,https://mylrc.sdlegislature.gov/api/Documents/297124.pdf
2093364,3332091,text,111217,application/pdf,Introduced,https://legiscan.com/SD/text/SB127/id/3332091,https://mylrc.sdlegislature.gov/api/Documents/297147.pdf
2093363,3332090,text,160274,application/pdf,Introduced,https://legiscan.com/SD/text/SB128/id/3332090,https://mylrc.sdlegislature.gov/api/Documents/297148.pdf
2093366,3332093,text,127433,application/pdf,Introduced,https://legiscan.com/SD/text/SB129/id/3332093,https://mylrc.sdlegislature.gov/api/Documents/297175.pdf
2093369,3332104,text,112875,application/pdf,Introduced,https://legiscan.com/SD/text/SB130/id/3332104,https://mylrc.sdlegislature.gov/api/Documents/297210.pdf
2093428,3332179,text,114032,application/pdf,Introduced,https://legiscan.com/SD/text/SB131/id/3332179,https://mylrc.sdlegislature.gov/api/Documents/297306.pdf
2093373,3332124,text,110794,application/pdf,Introduced,https://legiscan.com/SD/text/SB132/id/3332124,https://mylrc.sdlegislature.gov/api/Documents/297308.pdf
2093569,3332350,text,177832,application/pdf,Introduced,https://legiscan.com/SD/text/SB133/id/3332350,https://mylrc.sdlegislature.gov/api/Documents/297526.pdf
2093584,3332364,text,111149,application/pdf,Introduced,https://legiscan.com/SD/text/SB134/id/3332364,https://mylrc.sdlegislature.gov/api/Documents/297529.pdf
2093452,3332244,text,115152,application/pdf,Introduced,https://legiscan.com/SD/text/SB135/id/3332244,https://mylrc.sdlegislature.gov/api/Documents/297535.pdf
2093517,3332301,text,109271,application/pdf,Introduced,https://legiscan.com/SD/text/SB136/id/3332301,https://mylrc.sdlegislature.gov/api/Documents/297616.pdf
2093473,3332261,text,126294,application/pdf,Introduced,https://legiscan.com/SD/text/SB137/id/3332261,https://mylrc.sdlegislature.gov/api/Documents/297673.pdf
2093500,3332286,text,112482,application/pdf,Introduced,https://legiscan.com/SD/text/SB138/id/3332286,https://mylrc.sdlegislature.gov/api/Documents/297676.pdf
2094352,3333077,text,108702,application/pdf,Introduced,https://legiscan.com/SD/text/SB139/id/3333077,https://mylrc.sdlegislature.gov/api/Documents/298054.pdf
2094285,3333011,text,124982,application/pdf,Introduced,https://legiscan.com/SD/text/SB140/id/3333011,https://mylrc.sdlegislature.gov/api/Documents/298057.pdf
2095012,3333876,text,104112,application/pdf,Introduced,https://legiscan.com/SD/text/SB141/id/3333876,https://mylrc.sdlegislature.gov/api/Documents/298324.pdf
2094775,3333666,text,119668,application/pdf,Introduced,https://legiscan.com/SD/text/SB142/id/3333666,https://mylrc.sdlegislature.gov/api/Documents/298365.pdf
2094978,3333845,text,109326,application/pdf,Introduced,https://legiscan.com/SD/text/SB143/id/3333845,https://mylrc.sdlegislature.gov/api/Documents/298379.pdf
2095132,3334075,text,115509,application/pdf,Introduced,https://legiscan.com/SD/text/SB144/id/3334075,https://mylrc.sdlegislature.gov/api/Documents/298449.pdf
2095248,3334187,text,108376,application/pdf,Introduced,https://legiscan.com/SD/text/SB145/id/3334187,https://mylrc.sdlegislature.gov/api/Documents/298456.pdf
2095161,3334102,text,111607,application/pdf,Introduced,https://legiscan.com/SD/text/SB146/id/3334102,https://mylrc.sdlegislature.gov/api/Documents/298470.pdf
2095694,3334612,text,110337,application/pdf,Introduced,https://legiscan.com/SD/text/SB147/id/3334612,https://mylrc.sdlegislature.gov/api/Documents/298575.pdf
2095621,3334547,text,111600,application/pdf,Introduced,https://legiscan.com/SD/text/SB148/id/3334547,https://mylrc.sdlegislature.gov/api/Documents/298620.pdf
2095639,3334564,text,112290,application/pdf,Introduced,https://legiscan.com/SD/text/SB149/id/3334564,https://mylrc.sdlegislature.gov/api/Documents/298635.pdf
2095596,3334524,text,111261,application/pdf,Introduced,https://legiscan.com/SD/text/SB150/id/3334524,https://mylrc.sdlegislature.gov/api/Documents/298640.pdf
2097976,3337041,text,108572,application/pdf,Introduced,https://legiscan.com/SD/text/SB151/id/3337041,https://mylrc.sdlegislature.gov/api/Documents/298740.pdf
2098944,3338026,text,108375,application/pdf,Introduced,https://legiscan.com/SD/text/SB152/id/3338026,https://mylrc.sdlegislature.gov/api/Documents/298785.pdf
2098300,3337372,text,111072,application/pdf,Introduced,https://legiscan.com/SD/text/SB153/id/3337372,https://mylrc.sdlegislature.gov/api/Documents/298912.pdf
2097337,3336400,text,118338,application/pdf,Introduced,https://legiscan.com/SD/text/SB154/id/3336400,https://mylrc.sdlegislature.gov/api/Documents/298940.pdf
2100752,3339883,text,158977,application/pdf,Introduced,https://legiscan.com/SD/text/SB155/id/3339883,https://mylrc.sdlegislature.gov/api/Documents/299043.pdf
2100800,3339929,text,102866,application/pdf,Introduced,https://legiscan.com/SD/text/SB156/id/3339929,https://mylrc.sdlegislature.gov/api/Documents/299091.pdf
2100709,3339843,text,139837,application/pdf,Introduced,https://legiscan.com/SD/text/SB157/id/3339843,https://mylrc.sdlegislature.gov/api/Documents/299161.pdf
2100335,3339490,text,148950,application/pdf,Introduced,https://legiscan.com/SD/text/SB158/id/3339490,https://mylrc.sdlegislature.gov/api/Documents/299163.pdf
2100964,3340131,text,121487,application/pdf,Introduced,https://legiscan.com/SD/text/SB159/id/3340131,https://mylrc.sdlegislature.gov/api/Documents/299190.pdf
2100955,3340128,text,114051,application/pdf,Introduced,https://legiscan.com/SD/text/SB160/id/3340128,https://mylrc.sdlegislature.gov/api/Documents/299191.pdf
2100960,3340130,text,131995,application/pdf,Introduced,https://legiscan.com/SD/text/SB161/id/3340130,https://mylrc.sdlegislature.gov/api/Documents/299192.pdf
2100971,3340134,text,110441,application/pdf,Introduced,https://legiscan.com/SD/text/SB162/id/3340134,https://mylrc.sdlegislature.gov/api/Documents/299193.pdf
2100976,3340135,text,123126,application/pdf,Introduced,https://legiscan.com/SD/text/SB163/id/3340135,https://mylrc.sdlegislature.gov/api/Documents/299194.pdf
2101298,3340486,text,131076,application/pdf,Introduced,https://legiscan.com/SD/text/SB164/id/3340486,https://mylrc.sdlegislature.gov/api/Documents/299227.pdf
2101141,3340339,text,356096,application/pdf,Introduced,https://legiscan.com/SD/text/SB165/id/3340339,https://mylrc.sdlegislature.gov/api/Documents/299243.pdf
2101277,3340466,text,115876,application/pdf,Introduced,https://legiscan.com/SD/text/SB166/id/3340466,https://mylrc.sdlegislature.gov/api/Documents/299247.pdf
2101247,3340438,text,123698,application/pdf,Introduced,https://legiscan.com/SD/text/SB167/id/3340438,https://mylrc.sdlegislature.gov/api/Documents/299248.pdf
2101105,3340305,text,123449,application/pdf,Introduced,https://legiscan.com/SD/text/SB168/id/3340305,https://mylrc.sdlegislature.gov/api/Documents/299283.pdf
2101622,3340799,text,121187,application/pdf,Introduced,https://legiscan.com/SD/text/SB169/id/3340799,https://mylrc.sdlegislature.gov/api/Documents/299286.pdf
2101186,3340381,text,112345,application/pdf,Introduced,https://legiscan.com/SD/text/SB170/id/3340381,https://mylrc.sdlegislature.gov/api/Documents/299287.pdf
2101378,3340562,text,146318,application/pdf,Introduced,https://legiscan.com/SD/text/SB171/id/3340562,https://mylrc.sdlegislature.gov/api/Documents/299290.pdf
2101020,3340223,text,98816,application/pdf,Introduced,https://legiscan.com/SD/text/SB172/id/3340223,https://mylrc.sdlegislature.gov/api/Documents/299291.pdf
2101340,3340526,text,108533,application/pdf,Introduced,https://legiscan.com/SD/text/SB173/id/3340526,https://mylrc.sdlegislature.gov/api/Documents/299318.pdf
2101240,3340431,text,106499,application/pdf,Introduced,https://legiscan.com/SD/text/SB174/id/3340431,https://mylrc.sdlegislature.gov/api/Documents/299319.pdf
2101226,3340419,text,134220,application/pdf,Introduced,https://legiscan.com/SD/text/SB175/id/3340419,https://mylrc.sdlegislature.gov/api/Documents/299323.pdf
2101048,3340249,text,114924,application/pdf,Introduced,https://legiscan.com/SD/text/SB176/id/3340249,https://mylrc.sdlegislature.gov/api/Documents/299331.pdf
2101165,3340361,text,104136,application/pdf,Introduced,https://legiscan.com/SD/text/SB177/id/3340361,https://mylrc.sdlegislature.gov/api/Documents/299338.pdf
2101068,3340269,text,106783,application/pdf,Introduced,https://legiscan.com/SD/text/SB178/id/3340269,https://mylrc.sdlegislature.gov/api/Documents/299342.pdf
2101353,3340537,text,128160,application/pdf,Introduced,https://legiscan.com/SD/text/SB179/id/3340537,https://mylrc.sdlegislature.gov/api/Documents/299353.pdf
2101332,3340518,text,115248,application/pdf,Introduced,https://legiscan.com/SD/text/SB180/id/3340518,https://mylrc.sdlegislature.gov/api/Documents/299363.pdf
2101263,3340453,text,106487,application/pdf,Introduced,https://legiscan.com/SD/text/SB181/id/3340453,https://mylrc.sdlegislature.gov/api/Documents/299371.pdf
2101192,3340387,text,97189,application/pdf,Introduced,https://legiscan.com/SD/text/SB182/id/3340387,https://mylrc.sdlegislature.gov/api/Documents/299373.pdf
2101489,3340669,text,114167,application/pdf,Introduced,https://legiscan.com/SD/text/SB183/id/3340669,https://mylrc.sdlegislature.gov/api/Documents/299375.pdf
2101548,3340727,text,97548,application/pdf,Introduced,https://legiscan.com/SD/text/SB184/id/3340727,https://mylrc.sdlegislature.gov/api/Documents/299386.pdf
2101027,3340229,text,133636,application/pdf,Introduced,https://legiscan.com/SD/text/SB185/id/3340229,https://mylrc.sdlegislature.gov/api/Documents/299403.pdf
2101114,3340314,text,143652,application/pdf,Introduced,https://legiscan.com/SD/text/SB186/id/3340314,https://mylrc.sdlegislature.gov/api/Documents/299414.pdf
2101347,3340531,text,108550,application/pdf,Introduced,https://legiscan.com/SD/text/SB187/id/3340531,https://mylrc.sdlegislature.gov/api/Documents/299415.pdf
2101572,3340751,text,126358,application/pdf,Introduced,https://legiscan.com/SD/text/SB188/id/3340751,https://mylrc.sdlegislature.gov/api/Documents/299418.pdf
2101292,3340480,text,137400,application/pdf,Introduced,https://legiscan.com/SD/text/SB189/id/3340480,https://mylrc.sdlegislature.gov/api/Documents/299452.pdf
2101482,3340662,text,133190,application/pdf,Introduced,https://legiscan.com/SD/text/SB190/id/3340662,https://mylrc.sdlegislature.gov/api/Documents/299469.pdf
2101200,3340395,text,129387,application/pdf,Introduced,https://legiscan.com/SD/text/SB191/id/3340395,https://mylrc.sdlegislature.gov/api/Documents/299479.pdf
2101369,3340553,text,114654,application/pdf,Introduced,https://legiscan.com/SD/text/SB192/id/3340553,https://mylrc.sdlegislature.gov/api/Documents/299480.pdf
2101471,3340652,text,121142,application/pdf,Introduced,https://legiscan.com/SD/text/SB193/id/3340652,https://mylrc.sdlegislature.gov/api/Documents/299482.pdf
2101171,3340367,text,107105,application/pdf,Introduced,https://legiscan.com/SD/text/SB194/id/3340367,https://mylrc.sdlegislature.gov/api/Documents/299491.pdf
2101075,3340276,text,104428,application/pdf,Introduced,https://legiscan.com/SD/text/SB195/id/3340276,https://mylrc.sdlegislature.gov/api/Documents/299496.pdf
2101033,3340234,text,109283,application/pdf,Introduced,https://legiscan.com/SD/text/SB196/id/3340234,https://mylrc.sdlegislature.gov/api/Documents/299503.pdf
2101270,3340460,text,107140,application/pdf,Introduced,https://legiscan.com/SD/text/SB197/id/3340460,https://mylrc.sdlegislature.gov/api/Documents/299504.pdf
2101401,3340584,text,108012,application/pdf,Introduced,https://legiscan.com/SD/text/SB198/id/3340584,https://mylrc.sdlegislature.gov/api/Documents/299505.pdf
2101324,3340510,text,108864,application/pdf,Introduced,https://legiscan.com/SD/text/SB199/id/3340510,https://mylrc.sdlegislature.gov/api/Documents/299511.pdf
2101816,3341093,text,185431,application/pdf,Introduced,https://legiscan.com/SD/text/SB200/id/3341093,https://mylrc.sdlegislature.gov/api/Documents/299526.pdf
2101965,3341240,text,118209,application/pdf,Introduced,https://legiscan.com/SD/text/SB201/id/3341240,https://mylrc.sdlegislature.gov/api/Documents/299528.pdf
2101727,3341007,text,109487,application/pdf,Introduced,https://legiscan.com/SD/text/SB202/id/3341007,https://mylrc.sdlegislature.gov/api/Documents/299537.pdf
2101909,3341183,text,121472,application/pdf,Introduced,https://legiscan.com/SD/text/SB203/id/3341183,https://mylrc.sdlegislature.gov/api/Documents/299602.pdf
2101756,3341037,text,115257,application/pdf,Introduced,https://legiscan.com/SD/text/SB204/id/3341037,https://mylrc.sdlegislature.gov/api/Documents/299606.pdf
2102133,3341564,text,122978,application/pdf,Introduced,https://legiscan.com/SD/text/SB205/id/3341564,https://mylrc.sdlegislature.gov/api/Documents/299656.pdf
2103284,3343125,text,108108,application/pdf,Introduced,https://legiscan.com/SD/text/SB206/id/3343125,https://mylrc.sdlegislature.gov/api/Documents/299780.pdf
2077407,3314455,text,105343,application/pdf,Introduced,https://legiscan.com/SD/text/SR701/id/3314455,https://mylrc.sdlegislature.gov/api/Documents/294182.pdf
2077407,3321203,text,105759,application/pdf,"Comm Sub",https://legiscan.com/SD/text/SR701/id/3321203,https://mylrc.sdlegislature.gov/api/Documents/294864.pdf
2077407,3324471,text,87629,application/pdf,Enrolled,https://legiscan.com/SD/text/SR701/id/3324471,https://mylrc.sdlegislature.gov/api/Documents/295065.pdf
2061029,3293550,text,107388,application/pdf,Introduced,https://legiscan.com/SD/text/SCR601/id/3293550,https://mylrc.sdlegislature.gov/api/Documents/291594.pdf
2090678,3328826,text,106956,application/pdf,Introduced,https://legiscan.com/SD/text/SCR602/id/3328826,https://mylrc.sdlegislature.gov/api/Documents/296510.pdf
2091096,3329292,text,137059,application/pdf,Introduced,https://legiscan.com/SD/text/SCR603/id/3329292,https://mylrc.sdlegislature.gov/api/Documents/296624.pdf
2091526,3330018,text,124334,application/pdf,Introduced,https://legiscan.com/SD/text/SCR604/id/3330018,https://mylrc.sdlegislature.gov/api/Documents/296734.pdf
2091526,3334640,text,124291,application/pdf,"Comm Sub",https://legiscan.com/SD/text/SCR604/id/3334640,https://mylrc.sdlegislature.gov/api/Documents/298396.pdf
2093540,3332322,text,110926,application/pdf,Introduced,https://legiscan.com/SD/text/SCR605/id/3332322,https://mylrc.sdlegislature.gov/api/Documents/297527.pdf
2101415,3340600,text,105984,application/pdf,Introduced,https://legiscan.com/SD/text/SCR606/id/3340600,https://mylrc.sdlegislature.gov/api/Documents/299322.pdf
2101442,3340625,text,112233,application/pdf,Introduced,https://legiscan.com/SD/text/SCR607/id/3340625,https://mylrc.sdlegislature.gov/api/Documents/299486.pdf
2060589,3292999,text,112379,application/pdf,Introduced,https://legiscan.com/SD/text/SJR501/id/3292999,https://mylrc.sdlegislature.gov/api/Documents/291298.pdf
2060594,3293004,text,116516,application/pdf,Introduced,https://legiscan.com/SD/text/SJR502/id/3293004,https://mylrc.sdlegislature.gov/api/Documents/291299.pdf
2073138,3308447,text,120502,application/pdf,Introduced,https://legiscan.com/SD/text/SJR503/id/3308447,https://mylrc.sdlegislature.gov/api/Documents/294083.pdf
2090992,3329214,text,115995,application/pdf,Introduced,https://legiscan.com/SD/text/SJR504/id/3329214,https://mylrc.sdlegislature.gov/api/Documents/296637.pdf
2093365,3332092,text,114843,application/pdf,Introduced,https://legiscan.com/SD/text/SJR505/id/3332092,https://mylrc.sdlegislature.gov/api/Documents/297151.pdf
2101013,3340216,text,114722,application/pdf,Introduced,https://legiscan.com/SD/text/SJR506/id/3340216,https://mylrc.sdlegislature.gov/api/Documents/299510.pdf
2092287,3330861,text,110064,application/pdf,Introduced,https://legiscan.com/SD/text/SC801/id/3330861,https://mylrc.sdlegislature.gov/api/Documents/296844.pdf
2097011,3336072,text,116576,application/pdf,Introduced,https://legiscan.com/SD/text/SC802/id/3336072,https://mylrc.sdlegislature.gov/api/Documents/298820.pdf
2101876,3341151,text,108740,application/pdf,Introduced,https://legiscan.com/SD/text/SC803/id/3341151,https://mylrc.sdlegislature.gov/api/Documents/299524.pdf
2101695,3340974,text,106227,application/pdf,Introduced,https://legiscan.com/SD/text/SC804/id/3340974,https://mylrc.sdlegislature.gov/api/Documents/299603.pdf
2060581,268406,amendment,105490,application/pdf,"House Education Amendment 1003B",https://legiscan.com/SD/amendment/HB1003/id/268406,https://mylrc.sdlegislature.gov/api/Documents/296746.pdf
2061041,269122,amendment,95291,application/pdf,"House Health and Human Services Amendment 1006A",https://legiscan.com/SD/amendment/HB1006/id/269122,https://mylrc.sdlegislature.gov/api/Documents/295373.pdf
2061026,268874,amendment,187104,application/pdf,"House of Representatives Amendment 1007A",https://legiscan.com/SD/amendment/HB1007/id/268874,https://mylrc.sdlegislature.gov/api/Documents/298528.pdf
2061033,267748,amendment,110649,application/pdf,"House Education Amendment 1008A",https://legiscan.com/SD/amendment/HB1008/id/267748,https://mylrc.sdlegislature.gov/api/Documents/294261.pdf
2061033,267749,amendment,109668,application/pdf,"House Education Amendment 1008B",https://legiscan.com/SD/amendment/HB1008/id/267749,https://mylrc.sdlegislature.gov/api/Documents/295826.pdf
2061023,268595,amendment,94474,application/pdf,"House Agriculture and Natural Resources Amendment 1019A",https://legiscan.com/SD/amendment/HB1019/id/268595,https://mylrc.sdlegislature.gov/api/Documents/295320.pdf
2064818,267358,amendment,120385,application/pdf,"House Health and Human Services Amendment 1023A",https://legiscan.com/SD/amendment/HB1023/id/267358,https://mylrc.sdlegislature.gov/api/Documents/293906.pdf
2064813,267395,amendment,154909,application/pdf,"House Health and Human Services Amendment 1024A",https://legiscan.com/SD/amendment/HB1024/id/267395,https://mylrc.sdlegislature.gov/api/Documents/293904.pdf
2067230,267400,amendment,133126,application/pdf,"House Transportation Amendment 1034B",https://legiscan.com/SD/amendment/HB1034/id/267400,https://mylrc.sdlegislature.gov/api/Documents/295344.pdf
2066869,268851,amendment,77199,application/pdf,"House Commerce and Energy Amendment 1038A",https://legiscan.com/SD/amendment/HB1038/id/268851,https://mylrc.sdlegislature.gov/api/Documents/297052.pdf
2067481,268014,amendment,75992,application/pdf,"Joint Committee on Appropriations Amendment 1044B",https://legiscan.com/SD/amendment/HB1044/id/268014,https://mylrc.sdlegislature.gov/api/Documents/295034.pdf
2069520,267730,amendment,100867,application/pdf,"House of Representatives Amendment 1049A",https://legiscan.com/SD/amendment/HB1049/id/267730,https://mylrc.sdlegislature.gov/api/Documents/295815.pdf
2069404,266992,amendment,86695,application/pdf,"House Agriculture and Natural Resources Amendment 1052A",https://legiscan.com/SD/amendment/HB1052/id/266992,https://mylrc.sdlegislature.gov/api/Documents/293407.pdf
2072641,268150,amendment,95104,application/pdf,"House Commerce and Energy Amendment 1061A",https://legiscan.com/SD/amendment/HB1061/id/268150,https://mylrc.sdlegislature.gov/api/Documents/295791.pdf
2072641,268151,amendment,94058,application/pdf,"House Commerce and Energy Amendment 1061B",https://legiscan.com/SD/amendment/HB1061/id/268151,https://mylrc.sdlegislature.gov/api/Documents/296670.pdf
2078239,268621,amendment,117302,application/pdf,"House Agriculture and Natural Resources Amendment 1064B",https://legiscan.com/SD/amendment/HB1064/id/268621,https://mylrc.sdlegislature.gov/api/Documents/297918.pdf
2079138,267982,amendment,102100,application/pdf,"House Transportation Amendment 1069A",https://legiscan.com/SD/amendment/HB1069/id/267982,https://mylrc.sdlegislature.gov/api/Documents/295781.pdf
2081070,268213,amendment,95710,application/pdf,"House Judiciary Amendment 1076B",https://legiscan.com/SD/amendment/HB1076/id/268213,https://mylrc.sdlegislature.gov/api/Documents/295939.pdf
2083363,269074,amendment,94777,application/pdf,"House Transportation Amendment 1079B",https://legiscan.com/SD/amendment/HB1079/id/269074,https://mylrc.sdlegislature.gov/api/Documents/297818.pdf
2083363,269075,amendment,95111,application/pdf,"House Transportation Amendment 1079C",https://legiscan.com/SD/amendment/HB1079/id/269075,https://mylrc.sdlegislature.gov/api/Documents/299419.pdf
2083943,268404,amendment,109441,application/pdf,"House Judiciary Amendment 1084A",https://legiscan.com/SD/amendment/HB1084/id/268404,https://mylrc.sdlegislature.gov/api/Documents/297481.pdf
2086346,268790,amendment,176201,application/pdf,"House State Affairs Amendment 1095A",https://legiscan.com/SD/amendment/HB1095/id/268790,https://mylrc.sdlegislature.gov/api/Documents/297960.pdf
2086547,268715,amendment,100675,application/pdf,"House of Representatives Amendment 1096A",https://legiscan.com/SD/amendment/HB1096/id/268715,https://mylrc.sdlegislature.gov/api/Documents/297195.pdf
2087680,268190,amendment,82667,application/pdf,"House State Affairs Amendment 1102A",https://legiscan.com/SD/amendment/HB1102/id/268190,https://mylrc.sdlegislature.gov/api/Documents/296760.pdf
2087680,268714,amendment,83481,application/pdf,"House of Representatives Amendment 1102C",https://legiscan.com/SD/amendment/HB1102/id/268714,https://mylrc.sdlegislature.gov/api/Documents/297145.pdf
2073353,267122,amendment,80256,application/pdf,"House of Representatives Amendment HR7001D",https://legiscan.com/SD/amendment/HR7001/id/267122,https://mylrc.sdlegislature.gov/api/Documents/294795.pdf
2061038,268204,amendment,97039,application/pdf,"House Judiciary Amendment HCR6001A",https://legiscan.com/SD/amendment/HCR6001/id/268204,https://mylrc.sdlegislature.gov/api/Documents/296751.pdf
2072781,268219,amendment,84715,application/pdf,"House State Affairs Amendment HJR5001A",https://legiscan.com/SD/amendment/HJR5001/id/268219,https://mylrc.sdlegislature.gov/api/Documents/296344.pdf
2072781,268220,amendment,85414,application/pdf,"House State Affairs Amendment HJR5001B",https://legiscan.com/SD/amendment/HJR5001/id/268220,https://mylrc.sdlegislature.gov/api/Documents/296345.pdf
2072781,268682,amendment,85371,application/pdf,"House of Representatives Amendment HJR5001C",https://legiscan.com/SD/amendment/HJR5001/id/268682,https://mylrc.sdlegislature.gov/api/Documents/297859.pdf
2060584,267166,amendment,91087,application/pdf,"Senate State Affairs Amendment 1A",https://legiscan.com/SD/amendment/SB1/id/267166,https://mylrc.sdlegislature.gov/api/Documents/293722.pdf
2060585,268243,amendment,184034,application/pdf,"Senate Amendment 2A",https://legiscan.com/SD/amendment/SB2/id/268243,https://mylrc.sdlegislature.gov/api/Documents/294298.pdf
2060595,268015,amendment,80557,application/pdf,"Senate Commerce and Energy Amendment 6A",https://legiscan.com/SD/amendment/SB6/id/268015,https://mylrc.sdlegislature.gov/api/Documents/294794.pdf
2060580,267171,amendment,85228,application/pdf,"Senate Taxation Amendment 7A",https://legiscan.com/SD/amendment/SB7/id/267171,https://mylrc.sdlegislature.gov/api/Documents/291595.pdf
2060580,267172,amendment,100371,application/pdf,"Senate Taxation Amendment 7B",https://legiscan.com/SD/amendment/SB7/id/267172,https://mylrc.sdlegislature.gov/api/Documents/293970.pdf
2060583,267164,amendment,88173,application/pdf,"Senate Transportation Amendment 10A",https://legiscan.com/SD/amendment/SB10/id/267164,https://mylrc.sdlegislature.gov/api/Documents/294530.pdf
2064823,267408,amendment,109939,application/pdf,"Senate Commerce and Energy Amendment 25A",https://legiscan.com/SD/amendment/SB25/id/267408,https://mylrc.sdlegislature.gov/api/Documents/293781.pdf
2064823,267409,amendment,110176,application/pdf,"Senate Commerce and Energy Amendment 25B",https://legiscan.com/SD/amendment/SB25/id/267409,https://mylrc.sdlegislature.gov/api/Documents/295116.pdf
2064823,268445,amendment,113325,application/pdf,"Senate Amendment 25E",https://legiscan.com/SD/amendment/SB25/id/268445,https://mylrc.sdlegislature.gov/api/Documents/297570.pdf
2065000,268939,amendment,73578,application/pdf,"Senate State Affairs Amendment 28A",https://legiscan.com/SD/amendment/SB28/id/268939,https://mylrc.sdlegislature.gov/api/Documents/298405.pdf
2066232,268642,amendment,135043,application/pdf,"Senate Commerce and Energy Amendment 36A",https://legiscan.com/SD/amendment/SB36/id/268642,https://mylrc.sdlegislature.gov/api/Documents/297049.pdf
2066232,269149,amendment,135435,application/pdf,"Senate Amendment 36B",https://legiscan.com/SD/amendment/SB36/id/269149,https://mylrc.sdlegislature.gov/api/Documents/299559.pdf
2066345,268906,amendment,94261,application/pdf,"Senate Amendment 42A",https://legiscan.com/SD/amendment/SB42/id/268906,https://mylrc.sdlegislature.gov/api/Documents/294672.pdf
2066364,267361,amendment,104145,application/pdf,"Senate Judiciary Amendment 44A",https://legiscan.com/SD/amendment/SB44/id/267361,https://mylrc.sdlegislature.gov/api/Documents/295270.pdf
2066213,267338,amendment,86620,application/pdf,"Senate Judiciary Amendment 45A",https://legiscan.com/SD/amendment/SB45/id/267338,https://mylrc.sdlegislature.gov/api/Documents/295272.pdf
2066243,267392,amendment,116202,application/pdf,"Senate Judiciary Amendment 49A",https://legiscan.com/SD/amendment/SB49/id/267392,https://mylrc.sdlegislature.gov/api/Documents/295275.pdf
2066286,267174,amendment,120730,application/pdf,"Senate State Affairs Amendment 57A",https://legiscan.com/SD/amendment/SB57/id/267174,https://mylrc.sdlegislature.gov/api/Documents/294730.pdf
2067110,267668,amendment,120528,application/pdf,"Senate Health and Human Services Amendment 61A",https://legiscan.com/SD/amendment/SB61/id/267668,https://mylrc.sdlegislature.gov/api/Documents/295352.pdf
2069015,268695,amendment,76604,application/pdf,"Senate Committee on Appropriations Amendment 75A",https://legiscan.com/SD/amendment/SB75/id/268695,https://mylrc.sdlegislature.gov/api/Documents/297408.pdf
2072572,268155,amendment,137373,application/pdf,"Senate Transportation Amendment 83A",https://legiscan.com/SD/amendment/SB83/id/268155,https://mylrc.sdlegislature.gov/api/Documents/295251.pdf
2073931,268240,amendment,95693,application/pdf,"Senate Amendment 84A",https://legiscan.com/SD/amendment/SB84/id/268240,https://mylrc.sdlegislature.gov/api/Documents/295179.pdf
2073960,267963,amendment,113985,application/pdf,"Senate Education Amendment 85B",https://legiscan.com/SD/amendment/SB85/id/267963,https://mylrc.sdlegislature.gov/api/Documents/296176.pdf
2073990,268588,amendment,92860,application/pdf,"Senate Commerce and Energy Amendment 86C",https://legiscan.com/SD/amendment/SB86/id/268588,https://mylrc.sdlegislature.gov/api/Documents/297139.pdf
2081233,268793,amendment,84970,application/pdf,"Senate Local Government Amendment 91B",https://legiscan.com/SD/amendment/SB91/id/268793,https://mylrc.sdlegislature.gov/api/Documents/298532.pdf
2080731,268792,amendment,85471,application/pdf,"Senate Local Government Amendment 92A",https://legiscan.com/SD/amendment/SB92/id/268792,https://mylrc.sdlegislature.gov/api/Documents/297491.pdf
2081564,268923,amendment,113286,application/pdf,"Senate Amendment 93A",https://legiscan.com/SD/amendment/SB93/id/268923,https://mylrc.sdlegislature.gov/api/Documents/298124.pdf
2085915,268930,amendment,396298,application/pdf,"Senate Taxation Amendment 99C",https://legiscan.com/SD/amendment/SB99/id/268930,https://mylrc.sdlegislature.gov/api/Documents/297833.pdf
2086596,268405,amendment,143629,application/pdf,"Senate State Affairs Amendment 101A",https://legiscan.com/SD/amendment/SB101/id/268405,https://mylrc.sdlegislature.gov/api/Documents/297330.pdf
2086825,269182,amendment,80868,application/pdf,"Senate Judiciary Amendment 103A",https://legiscan.com/SD/amendment/SB103/id/269182,https://mylrc.sdlegislature.gov/api/Documents/297222.pdf
2091402,268845,amendment,95950,application/pdf,"Senate State Affairs Amendment 114B",https://legiscan.com/SD/amendment/SB114/id/268845,https://mylrc.sdlegislature.gov/api/Documents/298601.pdf
2091402,268846,amendment,96050,application/pdf,"Senate State Affairs Amendment 114C",https://legiscan.com/SD/amendment/SB114/id/268846,https://mylrc.sdlegislature.gov/api/Documents/298700.pdf
2077407,267126,amendment,77989,application/pdf,"Senate Amendment SR701C",https://legiscan.com/SD/amendment/SR701/id/267126,https://mylrc.sdlegislature.gov/api/Documents/294783.pdf
2077407,267127,amendment,78601,application/pdf,"Senate Amendment SR701A",https://legiscan.com/SD/amendment/SR701/id/267127,https://mylrc.sdlegislature.gov/api/Documents/294695.pdf
2091526,268655,amendment,116937,application/pdf,"Senate Amendment SCR604A",https://legiscan.com/SD/amendment/SCR604/id/268655,https://mylrc.sdlegislature.gov/api/Documents/297950.pdf
2066345,641674,supplement,53457,application/pdf,"Fiscal Note",https://legiscan.com/SD/supplement/SB42/id/641674,https://mylrc.sdlegislature.gov/api/Documents/295102.pdf
2066201,637389,supplement,99293,application/pdf,"Fiscal Note",https://legiscan.com/SD/supplement/SB50/id/637389,https://mylrc.sdlegislature.gov/api/Documents/294393.pdf
2066263,637580,supplement,99646,application/pdf,"Fiscal Note",https://legiscan.com/SD/supplement/SB51/id/637580,https://mylrc.sdlegislature.gov/api/Documents/294394.pdf
2066384,637573,supplement,99251,application/pdf,"Fiscal Note",https://legiscan.com/SD/supplement/SB52/id/637573,https://mylrc.sdlegislature.gov/api/Documents/294395.pdf
2066332,637577,supplement,99747,application/pdf,"Fiscal Note",https://legiscan.com/SD/supplement/SB53/id/637577,https://mylrc.sdlegislature.gov/api/Documents/294397.pdf
2066295,637574,supplement,99789,application/pdf,"Fiscal Note",https://legiscan.com/SD/supplement/SB54/id/637574,https://mylrc.sdlegislature.gov/api/Documents/294398.pdf
2067353,637581,supplement,99469,application/pdf,"Fiscal Note",https://legiscan.com/SD/supplement/SB65/id/637581,https://mylrc.sdlegislature.gov/api/Documents/294399.pdf
2070031,641813,supplement,140850,application/pdf,"Fiscal Note",https://legiscan.com/SD/supplement/SB78/id/641813,https://mylrc.sdlegislature.gov/api/Documents/294118.pdf
