bill_id,roll_call_id,date,chamber,description,yea,nay,nv,absent,total
2065622,1618639,2026-01-28,House,"House Final Passage",68,0,0,2,70
2068883,1618826,2026-01-28,House,"House Final Passage",66,0,0,4,70
2085139,1616531,2026-01-22,House,"House Final Passage",70,0,0,0,70
2085310,1618703,2026-01-28,House,"House Final Passage",67,0,0,3,70
2085311,1618651,2026-01-28,House,"House Final Passage",67,0,0,3,70
2085312,1618714,2026-01-28,House,"House Final Passage",68,0,0,2,70
2085313,1618774,2026-01-28,House,"House Final Passage",67,0,0,3,70
2085314,1618770,2026-01-28,House,"House Final Passage",68,0,0,2,70
2087483,1616618,2026-01-22,House,"House Final Passage",53,1,0,16,70
2087483,1616787,2026-01-23,Senate,"Senate Final Passage",39,0,0,3,42
2087489,1616774,2026-01-23,Senate,"Senate Final Passage",40,0,0,2,42
2087526,1616768,2026-01-23,Senate,"Senate Final Passage",37,3,0,2,42
2087571,1620250,2026-01-30,House,"House Final Passage",40,29,0,1,70
2087577,1616794,2026-01-23,Senate,"Senate Final Passage",31,9,0,2,42
2087577,1620240,2026-01-30,House,"House Final Passage",44,23,0,3,70
2087585,1616619,2026-01-21,House,"House Final Passage",70,0,0,0,70
2089000,1619683,2026-01-29,Senate,"Senate Final Passage",39,0,0,3,42
2089286,1619512,2026-01-29,Senate,"Senate Final Passage",34,0,0,8,42
2092668,1618689,2026-01-28,Senate,"Senate Final Passage",36,1,3,2,42
2092668,1620279,2026-01-30,House,"House Final Passage",64,0,0,6,70
2093814,1617965,2026-01-27,House,"House Final Passage",70,0,0,0,70
2094976,1618769,2026-01-28,House,"House Final Passage",70,0,0,0,70
2100723,1618801,2026-01-28,House,"House Final Passage",70,0,0,0,70
