bill_id,session_id,bill_number,status,status_desc,status_date,title,description,committee_id,committee,last_action_date,last_action,url,state_link
2087483,2251,HB1,3,Enrolled,2026-01-23,"Feed Bill","Feed Bill",0,,2026-01-23,"Passed in the Senate - Y:39 N:0",https://legiscan.com/NM/bill/HB1/2026,https://www.nmlegis.gov/Legislation/Legislation?chamber=H&legtype=B&legno=1&year=26
2087541,2251,HB2,1,Introduced,2026-01-20,"General Appropriation Act Of 2026","General Appropriation Act Of 2026",2167,"House Appropriations & Finance",2026-01-20,"Sent to HAFC - Referrals: HAFC",https://legiscan.com/NM/bill/HB2/2026,https://www.nmlegis.gov/Legislation/Legislation?chamber=H&legtype=B&legno=2&year=26
2087591,2251,HB3,1,Introduced,2026-01-20,"Dept. Of Transportation Act Of 2026","Dept. Of Transportation Act Of 2026",2180,"House Transportation & Public Works",2026-01-20,"Sent to HTPWC - Referrals: HTPWC/HAFC",https://legiscan.com/NM/bill/HB3/2026,https://www.nmlegis.gov/Legislation/Legislation?chamber=H&legtype=B&legno=3&year=26
2091344,2251,HB4,1,Introduced,2026-01-22,"Health Care Affordability Fund Distributions","Health Care Affordability Fund Distributions",3570,"House Health & Human Services",2026-01-22,"Sent to HHHC - Referrals: HHHC/HAFC",https://legiscan.com/NM/bill/HB4/2026,https://www.nmlegis.gov/Legislation/Legislation?chamber=H&legtype=B&legno=4&year=26
2073926,2251,HB7,1,Introduced,2026-01-20,"Apprenticeship Assistance Act Transfers","Apprenticeship Assistance Act Transfers",3902,"House Labor, Veterans' & Military Affairs",2026-01-20,"Sent to HLVMC - Referrals: HLVMC/HAFC",https://legiscan.com/NM/bill/HB7/2026,https://www.nmlegis.gov/Legislation/Legislation?chamber=H&legtype=B&legno=7&year=26
2087571,2251,HB9,1,Introduced,2026-01-20,"Immigrant Safety Act","Immigrant Safety Act",2170,"House Consumer & Public Affairs",2026-01-20,"Sent to HCPAC - Referrals: HCPAC/HJC",https://legiscan.com/NM/bill/HB9/2026,https://www.nmlegis.gov/Legislation/Legislation?chamber=H&legtype=B&legno=9&year=26
2085314,2251,HB10,1,Introduced,2026-01-20,"Physician Assistant Interstate Compact","Physician Assistant Interstate Compact",2176,"House Judiciary",2026-01-21,"HHHC: Reported by committee with Do Pass recommendation",https://legiscan.com/NM/bill/HB10/2026,https://www.nmlegis.gov/Legislation/Legislation?chamber=H&legtype=B&legno=10&year=26
2085310,2251,HB11,1,Introduced,2026-01-20,"Audiology & Speech-language Pathology Compact","Audiology & Speech-language Pathology Compact",2176,"House Judiciary",2026-01-21,"HHHC: Reported by committee with Do Pass recommendation",https://legiscan.com/NM/bill/HB11/2026,https://www.nmlegis.gov/Legislation/Legislation?chamber=H&legtype=B&legno=11&year=26
2085313,2251,HB12,1,Introduced,2026-01-20,"Physical Therapy Licensure Compact","Physical Therapy Licensure Compact",2176,"House Judiciary",2026-01-21,"HHHC: Reported by committee with Do Pass recommendation",https://legiscan.com/NM/bill/HB12/2026,https://www.nmlegis.gov/Legislation/Legislation?chamber=H&legtype=B&legno=12&year=26
2085312,2251,HB13,1,Introduced,2026-01-20,"Occupational Therapy Licensure Compact","Occupational Therapy Licensure Compact",2176,"House Judiciary",2026-01-21,"HHHC: Reported by committee with Do Pass recommendation",https://legiscan.com/NM/bill/HB13/2026,https://www.nmlegis.gov/Legislation/Legislation?chamber=H&legtype=B&legno=13&year=26
2085311,2251,HB14,1,Introduced,2026-01-20,"Dentist & Dental Hygienist Compact","Dentist & Dental Hygienist Compact",2176,"House Judiciary",2026-01-21,"HHHC: Reported by committee with Do Pass recommendation",https://legiscan.com/NM/bill/HB14/2026,https://www.nmlegis.gov/Legislation/Legislation?chamber=H&legtype=B&legno=14&year=26
2089356,2251,HB15,1,Introduced,2026-01-21,"Medical Injury Collaborative Restoration Act","Medical Injury Collaborative Restoration Act",2179,"House Rules & Order of Business",2026-01-21,"Not Printed",https://legiscan.com/NM/bill/HB15/2026,https://www.nmlegis.gov/Legislation/Legislation?chamber=H&legtype=B&legno=15&year=26
2064887,2251,HB21,1,Introduced,2026-01-20,"Land Grant-merced Acequia Infrastructure Act","Land Grant-merced Acequia Infrastructure Act",4581,"House Rural Development, Land Grants And Cultural Affairs",2026-01-20,"Sent to HRDLC - Referrals: HRDLC/HTRC",https://legiscan.com/NM/bill/HB21/2026,https://www.nmlegis.gov/Legislation/Legislation?chamber=H&legtype=B&legno=21&year=26
2064990,2251,HB22,1,Introduced,2026-01-20,"Distribution Of Sensitive And Deepfake Images","Distribution Of Sensitive And Deepfake Images",2179,"House Rules & Order of Business",2026-01-21,"Not Printed",https://legiscan.com/NM/bill/HB22/2026,https://www.nmlegis.gov/Legislation/Legislation?chamber=H&legtype=B&legno=22&year=26
2064977,2251,HB23,1,Introduced,2026-01-20,"Prohibiting Nonfunctional Turf Installation","Prohibiting Nonfunctional Turf Installation",2179,"House Rules & Order of Business",2026-01-21,"Not Printed",https://legiscan.com/NM/bill/HB23/2026,https://www.nmlegis.gov/Legislation/Legislation?chamber=H&legtype=B&legno=23&year=26
2064986,2251,HB24,1,Introduced,2026-01-20,"Professional Recruitment And Retention Act","Professional Recruitment And Retention Act",3230,"House Government, Elections & Indian Affairs",2026-01-21,"Sent to HGEIC - Referrals: HGEIC/HAFC",https://legiscan.com/NM/bill/HB24/2026,https://www.nmlegis.gov/Legislation/Legislation?chamber=H&legtype=B&legno=24&year=26
2064970,2251,HB25,1,Introduced,2026-01-20,"Juvenile Firearm Use And Background Checks","Juvenile Firearm Use And Background Checks",2170,"House Consumer & Public Affairs",2026-01-22,"Sent to HCPAC - Referrals: HCPAC/HJC",https://legiscan.com/NM/bill/HB25/2026,https://www.nmlegis.gov/Legislation/Legislation?chamber=H&legtype=B&legno=25&year=26
2064994,2251,HB26,1,Introduced,2026-01-20,"Prohibiting Book Banning At Public Libraries","Prohibiting Book Banning At Public Libraries",2179,"House Rules & Order of Business",2026-01-21,"Not Printed",https://legiscan.com/NM/bill/HB26/2026,https://www.nmlegis.gov/Legislation/Legislation?chamber=H&legtype=B&legno=26&year=26
2064966,2251,HB27,1,Introduced,2026-01-20,"Technology Jobs R&d Tax Credit Expansion","Technology Jobs R&d Tax Credit Expansion",3900,"House Commerce & Economic Development",2026-01-21,"Sent to HCEDC - Referrals: HCEDC/HTRC",https://legiscan.com/NM/bill/HB27/2026,https://www.nmlegis.gov/Legislation/Legislation?chamber=H&legtype=B&legno=27&year=26
2065007,2251,HB28,1,Introduced,2026-01-20,"Artificial Intelligence Transparency Act","Artificial Intelligence Transparency Act",2179,"House Rules & Order of Business",2026-01-21,"Not Printed",https://legiscan.com/NM/bill/HB28/2026,https://www.nmlegis.gov/Legislation/Legislation?chamber=H&legtype=B&legno=28&year=26
2065273,2251,HB29,1,Introduced,2026-01-20,"Military Base Impact Funding","Military Base Impact Funding",3902,"House Labor, Veterans' & Military Affairs",2026-01-21,"Sent to HLVMC - Referrals: HLVMC/HAFC",https://legiscan.com/NM/bill/HB29/2026,https://www.nmlegis.gov/Legislation/Legislation?chamber=H&legtype=B&legno=29&year=26
2065332,2251,HB30,1,Introduced,2026-01-20,"Teacher Residency Act Changes","Teacher Residency Act Changes",2179,"House Rules & Order of Business",2026-01-21,"Not Printed",https://legiscan.com/NM/bill/HB30/2026,https://www.nmlegis.gov/Legislation/Legislation?chamber=H&legtype=B&legno=30&year=26
2065622,2251,HB31,1,Introduced,2026-01-20,"Ems Personnel Licensure Interstate Compact","Ems Personnel Licensure Interstate Compact",2176,"House Judiciary",2026-01-21,"HHHC: Reported by committee with Do Pass recommendation",https://legiscan.com/NM/bill/HB31/2026,https://www.nmlegis.gov/Legislation/Legislation?chamber=H&legtype=B&legno=31&year=26
2065583,2251,HB32,1,Introduced,2026-01-20,"Counseling Licensure Compact","Counseling Licensure Compact",2176,"House Judiciary",2026-01-21,"HHHC: Reported by committee with Do Pass recommendation",https://legiscan.com/NM/bill/HB32/2026,https://www.nmlegis.gov/Legislation/Legislation?chamber=H&legtype=B&legno=32&year=26
2065603,2251,HB33,1,Introduced,2026-01-20,"Psychology Interjurisdictional Compact","Psychology Interjurisdictional Compact",2176,"House Judiciary",2026-01-21,"HHHC: Reported by committee with Do Pass recommendation",https://legiscan.com/NM/bill/HB33/2026,https://www.nmlegis.gov/Legislation/Legislation?chamber=H&legtype=B&legno=33&year=26
2065659,2251,HB34,1,Introduced,2026-01-20,"School Nurse Licensure Provisions","School Nurse Licensure Provisions",3570,"House Health & Human Services",2026-01-22,"Sent to HHHC - Referrals: HHHC/HEC",https://legiscan.com/NM/bill/HB34/2026,https://www.nmlegis.gov/Legislation/Legislation?chamber=H&legtype=B&legno=34&year=26
2066365,2251,HB35,1,Introduced,2026-01-20,"Lobbying Activity Reports","Lobbying Activity Reports",2179,"House Rules & Order of Business",2026-01-21,"Not Printed",https://legiscan.com/NM/bill/HB35/2026,https://www.nmlegis.gov/Legislation/Legislation?chamber=H&legtype=B&legno=35&year=26
2066280,2251,HB36,1,Introduced,2026-01-20,"Accessibility Act & Office","Accessibility Act & Office",2179,"House Rules & Order of Business",2026-01-21,"Not Printed",https://legiscan.com/NM/bill/HB36/2026,https://www.nmlegis.gov/Legislation/Legislation?chamber=H&legtype=B&legno=36&year=26
2066336,2251,HB37,1,Introduced,2026-01-20,"Man-made Water Infrastructure Failure","Man-made Water Infrastructure Failure",4580,"House Agriculture, Acequias And Water Resources",2026-01-21,"Sent to HAAWC - Referrals: HAAWC/HTRC",https://legiscan.com/NM/bill/HB37/2026,https://www.nmlegis.gov/Legislation/Legislation?chamber=H&legtype=B&legno=37&year=26
2066308,2251,HB38,1,Introduced,2026-01-20,"Wheelchair Insurance Coverage","Wheelchair Insurance Coverage",2179,"House Rules & Order of Business",2026-01-21,"Not Printed",https://legiscan.com/NM/bill/HB38/2026,https://www.nmlegis.gov/Legislation/Legislation?chamber=H&legtype=B&legno=38&year=26
2066221,2251,HB39,1,Introduced,2026-01-20,"Crime Of Ticket Scalping","Crime Of Ticket Scalping",2179,"House Rules & Order of Business",2026-01-21,"Not Printed",https://legiscan.com/NM/bill/HB39/2026,https://www.nmlegis.gov/Legislation/Legislation?chamber=H&legtype=B&legno=39&year=26
2066248,2251,HB40,1,Introduced,2026-01-20,"Temporary Erb Member Payment","Temporary Erb Member Payment",2173,"House Education",2026-01-21,"Sent to HEC - Referrals: HEC/HAFC",https://legiscan.com/NM/bill/HB40/2026,https://www.nmlegis.gov/Legislation/Legislation?chamber=H&legtype=B&legno=40&year=26
2066164,2251,HB41,1,Introduced,2026-01-20,"Temporary Pera Member Payment","Temporary Pera Member Payment",3230,"House Government, Elections & Indian Affairs",2026-01-21,"Sent to HGEIC - Referrals: HGEIC/HAFC",https://legiscan.com/NM/bill/HB41/2026,https://www.nmlegis.gov/Legislation/Legislation?chamber=H&legtype=B&legno=41&year=26
2086178,2251,HB42,1,Introduced,2026-01-20,"Frozen Food For Certain Communities","Frozen Food For Certain Communities",3570,"House Health & Human Services",2026-01-21,"Sent to HHHC - Referrals: HHHC/HAFC",https://legiscan.com/NM/bill/HB42/2026,https://www.nmlegis.gov/Legislation/Legislation?chamber=H&legtype=B&legno=42&year=26
2066134,2251,HB43,1,Introduced,2026-01-20,"Disability & Survivor Pensions Changes","Disability & Survivor Pensions Changes",3902,"House Labor, Veterans' & Military Affairs",2026-01-22,"Sent to HLVMC - Referrals: HLVMC/HGEIC",https://legiscan.com/NM/bill/HB43/2026,https://www.nmlegis.gov/Legislation/Legislation?chamber=H&legtype=B&legno=43&year=26
2068023,2251,HB44,1,Introduced,2026-01-20,"Dental & Dental Hygienist Compact","Dental & Dental Hygienist Compact",3570,"House Health & Human Services",2026-01-20,"Sent to HHHC - Referrals: HHHC/HJC",https://legiscan.com/NM/bill/HB44/2026,https://www.nmlegis.gov/Legislation/Legislation?chamber=H&legtype=B&legno=44&year=26
2068022,2251,HB45,1,Introduced,2026-01-20,"Physician Assistant Licensure Compact","Physician Assistant Licensure Compact",3570,"House Health & Human Services",2026-01-20,"Sent to HHHC - Referrals: HHHC/HJC",https://legiscan.com/NM/bill/HB45/2026,https://www.nmlegis.gov/Legislation/Legislation?chamber=H&legtype=B&legno=45&year=26
2068017,2251,HB46,1,Introduced,2026-01-20,"Crime Of Digital Sabotage Of A Business","Crime Of Digital Sabotage Of A Business",2179,"House Rules & Order of Business",2026-01-21,"Not Printed",https://legiscan.com/NM/bill/HB46/2026,https://www.nmlegis.gov/Legislation/Legislation?chamber=H&legtype=B&legno=46&year=26
2068018,2251,HB47,1,Introduced,2026-01-20,"School Employee Insurance Programs","School Employee Insurance Programs",2173,"House Education",2026-01-21,"Sent to HEC - Referrals: HEC/HAFC",https://legiscan.com/NM/bill/HB47/2026,https://www.nmlegis.gov/Legislation/Legislation?chamber=H&legtype=B&legno=47&year=26
2068020,2251,HB48,1,Introduced,2026-01-20,"Nm Tech Seismology Equipment","Nm Tech Seismology Equipment",2173,"House Education",2026-01-21,"Sent to HEC - Referrals: HEC/HAFC",https://legiscan.com/NM/bill/HB48/2026,https://www.nmlegis.gov/Legislation/Legislation?chamber=H&legtype=B&legno=48&year=26
2068019,2251,HB49,1,Introduced,2026-01-20,"Increase Felon Firearm Penalty","Increase Felon Firearm Penalty",2170,"House Consumer & Public Affairs",2026-01-22,"Sent to HCPAC - Referrals: HCPAC/HJC",https://legiscan.com/NM/bill/HB49/2026,https://www.nmlegis.gov/Legislation/Legislation?chamber=H&legtype=B&legno=49&year=26
2068883,2251,HB50,1,Introduced,2026-01-20,"Social Work Licensure Interstate Compact","Social Work Licensure Interstate Compact",2176,"House Judiciary",2026-01-21,"HHHC: Reported by committee with Do Pass recommendation",https://legiscan.com/NM/bill/HB50/2026,https://www.nmlegis.gov/Legislation/Legislation?chamber=H&legtype=B&legno=50&year=26
2070102,2251,HB51,1,Introduced,2026-01-20,"Spay & Neuter Fee Delayed Repeal","Spay & Neuter Fee Delayed Repeal",2179,"House Rules & Order of Business",2026-01-22,"Not Printed",https://legiscan.com/NM/bill/HB51/2026,https://www.nmlegis.gov/Legislation/Legislation?chamber=H&legtype=B&legno=51&year=26
2070130,2251,HB52,1,Introduced,2026-01-20,"Criminal Competency Statute Cross References","Criminal Competency Statute Cross References",2179,"House Rules & Order of Business",2026-01-22,"Not Printed",https://legiscan.com/NM/bill/HB52/2026,https://www.nmlegis.gov/Legislation/Legislation?chamber=H&legtype=B&legno=52&year=26
2069937,2251,HB53,1,Introduced,2026-01-20,"Nm Ireland Trade Commission","Nm Ireland Trade Commission",2179,"House Rules & Order of Business",2026-01-22,"Not Printed",https://legiscan.com/NM/bill/HB53/2026,https://www.nmlegis.gov/Legislation/Legislation?chamber=H&legtype=B&legno=53&year=26
2070118,2251,HB54,1,Introduced,2026-01-20,"Protests On Water Replacement Wells","Protests On Water Replacement Wells",2179,"House Rules & Order of Business",2026-01-22,"Not Printed",https://legiscan.com/NM/bill/HB54/2026,https://www.nmlegis.gov/Legislation/Legislation?chamber=H&legtype=B&legno=54&year=26
2070088,2251,HB55,1,Introduced,2026-01-20,"1st Responder Retirement Tax Deduction","1st Responder Retirement Tax Deduction",3902,"House Labor, Veterans' & Military Affairs",2026-01-22,"Sent to HLVMC - Referrals: HLVMC/HTRC",https://legiscan.com/NM/bill/HB55/2026,https://www.nmlegis.gov/Legislation/Legislation?chamber=H&legtype=B&legno=55&year=26
2070061,2251,HB56,1,Introduced,2026-01-20,"Veteran Behavioral Health Services","Veteran Behavioral Health Services",3902,"House Labor, Veterans' & Military Affairs",2026-01-22,"Sent to HLVMC - Referrals: HLVMC/HAFC",https://legiscan.com/NM/bill/HB56/2026,https://www.nmlegis.gov/Legislation/Legislation?chamber=H&legtype=B&legno=56&year=26
2070075,2251,HB57,1,Introduced,2026-01-20,"Traffic Offense Video Testimony","Traffic Offense Video Testimony",2179,"House Rules & Order of Business",2026-01-22,"Not Printed",https://legiscan.com/NM/bill/HB57/2026,https://www.nmlegis.gov/Legislation/Legislation?chamber=H&legtype=B&legno=57&year=26
2069980,2251,HB58,1,Introduced,2026-01-20,"Telephone Crimes","Telephone Crimes",2179,"House Rules & Order of Business",2026-01-22,"Not Printed",https://legiscan.com/NM/bill/HB58/2026,https://www.nmlegis.gov/Legislation/Legislation?chamber=H&legtype=B&legno=58&year=26
2070047,2251,HB59,1,Introduced,2026-01-20,"Increase Penalty For Certain Deaths","Increase Penalty For Certain Deaths",2179,"House Rules & Order of Business",2026-01-22,"Not Printed",https://legiscan.com/NM/bill/HB59/2026,https://www.nmlegis.gov/Legislation/Legislation?chamber=H&legtype=B&legno=59&year=26
2070141,2251,HB60,1,Introduced,2026-01-20,"Revise Certain Criminal Offense Definitions","Revise Certain Criminal Offense Definitions",2179,"House Rules & Order of Business",2026-01-22,"Not Printed",https://legiscan.com/NM/bill/HB60/2026,https://www.nmlegis.gov/Legislation/Legislation?chamber=H&legtype=B&legno=60&year=26
2069964,2251,HB61,1,Introduced,2026-01-20,"Aggravated Battery On Police Officer","Aggravated Battery On Police Officer",2170,"House Consumer & Public Affairs",2026-01-22,"Sent to HCPAC - Referrals: HCPAC/HJC",https://legiscan.com/NM/bill/HB61/2026,https://www.nmlegis.gov/Legislation/Legislation?chamber=H&legtype=B&legno=61&year=26
2070035,2251,HB62,1,Introduced,2026-01-20,"Rename & Create Geothermal Tax Credits","Rename & Create Geothermal Tax Credits",2174,"House Energy & Natural Resources",2026-01-22,"Sent to HENRC - Referrals: HENRC/HTRC",https://legiscan.com/NM/bill/HB62/2026,https://www.nmlegis.gov/Legislation/Legislation?chamber=H&legtype=B&legno=62&year=26
2070020,2251,HB63,1,Introduced,2026-01-20,"Nmfa Water Project Fund Projects","Nmfa Water Project Fund Projects",4580,"House Agriculture, Acequias And Water Resources",2026-01-22,"Sent to HAAWC - Referrals: HAAWC/HAFC",https://legiscan.com/NM/bill/HB63/2026,https://www.nmlegis.gov/Legislation/Legislation?chamber=H&legtype=B&legno=63&year=26
2070006,2251,HB64,1,Introduced,2026-01-20,"Public Project Revolving Fund Appropriations","Public Project Revolving Fund Appropriations",4581,"House Rural Development, Land Grants And Cultural Affairs",2026-01-22,"Sent to HRDLC - Referrals: HRDLC/HAFC",https://legiscan.com/NM/bill/HB64/2026,https://www.nmlegis.gov/Legislation/Legislation?chamber=H&legtype=B&legno=64&year=26
2069992,2251,HB65,1,Introduced,2026-01-20,"Cyfd Short-term Stabilization Pilot Pgm","Cyfd Short-term Stabilization Pilot Pgm",2179,"House Rules & Order of Business",2026-01-22,"Not Printed",https://legiscan.com/NM/bill/HB65/2026,https://www.nmlegis.gov/Legislation/Legislation?chamber=H&legtype=B&legno=65&year=26
2069949,2251,HB66,1,Introduced,2026-01-20,"Health Care Professional Loan Fund Changes","Health Care Professional Loan Fund Changes",0,,2026-01-20,"Sent to HPREF - Referrals: HPREF",https://legiscan.com/NM/bill/HB66/2026,https://www.nmlegis.gov/Legislation/Legislation?chamber=H&legtype=B&legno=66&year=26
2072569,2251,HB67,1,Introduced,2026-01-20,"Restraining Orders & Firearms","Restraining Orders & Firearms",2179,"House Rules & Order of Business",2026-01-22,"Not Printed",https://legiscan.com/NM/bill/HB67/2026,https://www.nmlegis.gov/Legislation/Legislation?chamber=H&legtype=B&legno=67&year=26
2073783,2251,HB68,1,Introduced,2026-01-20,"Health Care Recruitment Program Funding","Health Care Recruitment Program Funding",3570,"House Health & Human Services",2026-01-22,"Sent to HHHC - Referrals: HHHC/HAFC",https://legiscan.com/NM/bill/HB68/2026,https://www.nmlegis.gov/Legislation/Legislation?chamber=H&legtype=B&legno=68&year=26
2073639,2251,HB69,1,Introduced,2026-01-20,"Childhood Sexual Abuse Statute Of Limitations","Childhood Sexual Abuse Statute Of Limitations",0,,2026-01-20,"Sent to HPREF - Referrals: HPREF",https://legiscan.com/NM/bill/HB69/2026,https://www.nmlegis.gov/Legislation/Legislation?chamber=H&legtype=B&legno=69&year=26
2073494,2251,HB70,1,Introduced,2026-01-20,"Prc Support Agency","Prc Support Agency",3230,"House Government, Elections & Indian Affairs",2026-01-22,"Sent to HGEIC - Referrals: HGEIC/HJC",https://legiscan.com/NM/bill/HB70/2026,https://www.nmlegis.gov/Legislation/Legislation?chamber=H&legtype=B&legno=70&year=26
2079196,2251,HB71,1,Introduced,2026-01-20,"County & Municipality Ordinance Enforcement","County & Municipality Ordinance Enforcement",2179,"House Rules & Order of Business",2026-01-22,"Not Printed",https://legiscan.com/NM/bill/HB71/2026,https://www.nmlegis.gov/Legislation/Legislation?chamber=H&legtype=B&legno=71&year=26
2078719,2251,HB72,1,Introduced,2026-01-20,"Controlled Substance Minor Distribution","Controlled Substance Minor Distribution",2179,"House Rules & Order of Business",2026-01-22,"Not Printed",https://legiscan.com/NM/bill/HB72/2026,https://www.nmlegis.gov/Legislation/Legislation?chamber=H&legtype=B&legno=72&year=26
2078248,2251,HB73,1,Introduced,2026-01-20,"Sentence Deferment For Repeat Offender","Sentence Deferment For Repeat Offender",2179,"House Rules & Order of Business",2026-01-22,"Not Printed",https://legiscan.com/NM/bill/HB73/2026,https://www.nmlegis.gov/Legislation/Legislation?chamber=H&legtype=B&legno=73&year=26
2080215,2251,HB74,1,Introduced,2026-01-20,"Habitual Offender Statute Of Limitations","Habitual Offender Statute Of Limitations",2179,"House Rules & Order of Business",2026-01-22,"Not Printed",https://legiscan.com/NM/bill/HB74/2026,https://www.nmlegis.gov/Legislation/Legislation?chamber=H&legtype=B&legno=74&year=26
2080340,2251,HB75,1,Introduced,2026-01-20,"Alteration Of Sentence Based On Circumstances","Alteration Of Sentence Based On Circumstances",2179,"House Rules & Order of Business",2026-01-22,"Not Printed",https://legiscan.com/NM/bill/HB75/2026,https://www.nmlegis.gov/Legislation/Legislation?chamber=H&legtype=B&legno=75&year=26
2080278,2251,HB76,1,Introduced,2026-01-20,"Alternative Placement Of Youth In Custody","Alternative Placement Of Youth In Custody",3570,"House Health & Human Services",2026-01-22,"Sent to HHHC - Referrals: HHHC/HAFC",https://legiscan.com/NM/bill/HB76/2026,https://www.nmlegis.gov/Legislation/Legislation?chamber=H&legtype=B&legno=76&year=26
2079788,2251,HB77,1,Introduced,2026-01-20,"Affordable Housing Revitalization Tax Credit","Affordable Housing Revitalization Tax Credit",3900,"House Commerce & Economic Development",2026-01-22,"Sent to HCEDC - Referrals: HCEDC/HTRC",https://legiscan.com/NM/bill/HB77/2026,https://www.nmlegis.gov/Legislation/Legislation?chamber=H&legtype=B&legno=77&year=26
2079911,2251,HB78,1,Introduced,2026-01-20,"Sealed Juvenile Record References","Sealed Juvenile Record References",2179,"House Rules & Order of Business",2026-01-22,"Not Printed",https://legiscan.com/NM/bill/HB78/2026,https://www.nmlegis.gov/Legislation/Legislation?chamber=H&legtype=B&legno=78&year=26
2079730,2251,HB79,1,Introduced,2026-01-20,"Evidence In Probation Revocation","Evidence In Probation Revocation",2179,"House Rules & Order of Business",2026-01-22,"Not Printed",https://legiscan.com/NM/bill/HB79/2026,https://www.nmlegis.gov/Legislation/Legislation?chamber=H&legtype=B&legno=79&year=26
2080097,2251,HB80,1,Introduced,2026-01-20,"Oil & Gas Conservation Tax Act Changes","Oil & Gas Conservation Tax Act Changes",2174,"House Energy & Natural Resources",2026-01-22,"Sent to HENRC - Referrals: HENRC/HAFC",https://legiscan.com/NM/bill/HB80/2026,https://www.nmlegis.gov/Legislation/Legislation?chamber=H&legtype=B&legno=80&year=26
2080031,2251,HB81,1,Introduced,2026-01-20,"Permitless Carry Of Firearms","Permitless Carry Of Firearms",2179,"House Rules & Order of Business",2026-01-22,"Not Printed",https://legiscan.com/NM/bill/HB81/2026,https://www.nmlegis.gov/Legislation/Legislation?chamber=H&legtype=B&legno=81&year=26
2079850,2251,HB82,1,Introduced,2026-01-20,"Extend Technology Readiness Grt Credit","Extend Technology Readiness Grt Credit",3900,"House Commerce & Economic Development",2026-01-22,"Sent to HCEDC - Referrals: HCEDC/HTRC",https://legiscan.com/NM/bill/HB82/2026,https://www.nmlegis.gov/Legislation/Legislation?chamber=H&legtype=B&legno=82&year=26
2083139,2251,HB83,1,Introduced,2026-01-20,"Personal Care Services Medicaid Reimbursement","Personal Care Services Medicaid Reimbursement",2179,"House Rules & Order of Business",2026-01-22,"Not Printed",https://legiscan.com/NM/bill/HB83/2026,https://www.nmlegis.gov/Legislation/Legislation?chamber=H&legtype=B&legno=83&year=26
2082916,2251,HB84,1,Introduced,2026-01-20,"Exposure To Certain Drugs As Child Abuse","Exposure To Certain Drugs As Child Abuse",2179,"House Rules & Order of Business",2026-01-22,"Not Printed",https://legiscan.com/NM/bill/HB84/2026,https://www.nmlegis.gov/Legislation/Legislation?chamber=H&legtype=B&legno=84&year=26
2083357,2251,HB85,1,Introduced,2026-01-20,"Medical Provider Loan-for-service Pgms","Medical Provider Loan-for-service Pgms",2179,"House Rules & Order of Business",2026-01-22,"Not Printed",https://legiscan.com/NM/bill/HB85/2026,https://www.nmlegis.gov/Legislation/Legislation?chamber=H&legtype=B&legno=85&year=26
2082695,2251,HB86,1,Introduced,2026-01-20,"Children, Youth And Families Commission","Children, Youth And Families Commission",2179,"House Rules & Order of Business",2026-01-22,"Not Printed",https://legiscan.com/NM/bill/HB86/2026,https://www.nmlegis.gov/Legislation/Legislation?chamber=H&legtype=B&legno=86&year=26
2083029,2251,HB87,1,Introduced,2026-01-20,"Soteria Model Residential Treatment Funding","Soteria Model Residential Treatment Funding",3570,"House Health & Human Services",2026-01-22,"Sent to HHHC - Referrals: HHHC/HAFC",https://legiscan.com/NM/bill/HB87/2026,https://www.nmlegis.gov/Legislation/Legislation?chamber=H&legtype=B&legno=87&year=26
2082805,2251,HB88,1,Introduced,2026-01-20,"Land Grant-merced Assistance Fund Changes","Land Grant-merced Assistance Fund Changes",4581,"House Rural Development, Land Grants And Cultural Affairs",2026-01-22,"Sent to HRDLC - Referrals: HRDLC/HAFC",https://legiscan.com/NM/bill/HB88/2026,https://www.nmlegis.gov/Legislation/Legislation?chamber=H&legtype=B&legno=88&year=26
2085152,2251,HB89,1,Introduced,2026-01-20,"Computer Science Teacher Licensure","Computer Science Teacher Licensure",2179,"House Rules & Order of Business",2026-01-22,"Not Printed",https://legiscan.com/NM/bill/HB89/2026,https://www.nmlegis.gov/Legislation/Legislation?chamber=H&legtype=B&legno=89&year=26
2085115,2251,HB90,1,Introduced,2026-01-20,"Health Care Preceptor Income Tax Credit","Health Care Preceptor Income Tax Credit",3570,"House Health & Human Services",2026-01-22,"Sent to HHHC - Referrals: HHHC/HTRC",https://legiscan.com/NM/bill/HB90/2026,https://www.nmlegis.gov/Legislation/Legislation?chamber=H&legtype=B&legno=90&year=26
2085121,2251,HB91,1,Introduced,2026-01-20,"Change In Cause Of Death Disclosure Exception","Change In Cause Of Death Disclosure Exception",2179,"House Rules & Order of Business",2026-01-22,"Not Printed",https://legiscan.com/NM/bill/HB91/2026,https://www.nmlegis.gov/Legislation/Legislation?chamber=H&legtype=B&legno=91&year=26
2085208,2251,HB92,1,Introduced,2026-01-20,"Senior Income Tax Deduction","Senior Income Tax Deduction",3900,"House Commerce & Economic Development",2026-01-22,"Sent to HCEDC - Referrals: HCEDC/HTRC",https://legiscan.com/NM/bill/HB92/2026,https://www.nmlegis.gov/Legislation/Legislation?chamber=H&legtype=B&legno=92&year=26
2085169,2251,HB93,1,Introduced,2026-01-20,"Standard Income Tax Deduction Increase","Standard Income Tax Deduction Increase",3230,"House Government, Elections & Indian Affairs",2026-01-22,"Sent to HGEIC - Referrals: HGEIC/HTRC",https://legiscan.com/NM/bill/HB93/2026,https://www.nmlegis.gov/Legislation/Legislation?chamber=H&legtype=B&legno=93&year=26
2085133,2251,HB94,1,Introduced,2026-01-20,"Board Of Optometry Powers And Duties","Board Of Optometry Powers And Duties",2179,"House Rules & Order of Business",2026-01-22,"Not Printed",https://legiscan.com/NM/bill/HB94/2026,https://www.nmlegis.gov/Legislation/Legislation?chamber=H&legtype=B&legno=94&year=26
2085183,2251,HB95,1,Introduced,2026-01-20,"Additional Second Judicial District Judgeship","Additional Second Judicial District Judgeship",3230,"House Government, Elections & Indian Affairs",2026-01-22,"Sent to HGEIC - Referrals: HGEIC/HJC",https://legiscan.com/NM/bill/HB95/2026,https://www.nmlegis.gov/Legislation/Legislation?chamber=H&legtype=B&legno=95&year=26
2085110,2251,HB96,1,Introduced,2026-01-20,"Space Commission Working Group","Space Commission Working Group",3900,"House Commerce & Economic Development",2026-01-22,"Sent to HCEDC - Referrals: HCEDC/HAFC",https://legiscan.com/NM/bill/HB96/2026,https://www.nmlegis.gov/Legislation/Legislation?chamber=H&legtype=B&legno=96&year=26
2085092,2251,HB97,1,Introduced,2026-01-20,"Shaken Baby Syndrome Prevention Funding","Shaken Baby Syndrome Prevention Funding",3570,"House Health & Human Services",2026-01-22,"Sent to HHHC - Referrals: HHHC/HAFC",https://legiscan.com/NM/bill/HB97/2026,https://www.nmlegis.gov/Legislation/Legislation?chamber=H&legtype=B&legno=97&year=26
2085098,2251,HB98,1,Introduced,2026-01-20,"State Employee Salary & Retention Changes","State Employee Salary & Retention Changes",2179,"House Rules & Order of Business",2026-01-22,"Not Printed",https://legiscan.com/NM/bill/HB98/2026,https://www.nmlegis.gov/Legislation/Legislation?chamber=H&legtype=B&legno=98&year=26
2085103,2251,HB99,1,Introduced,2026-01-20,"Medical Malpractice Changes","Medical Malpractice Changes",3570,"House Health & Human Services",2026-01-22,"Sent to HHHC - Referrals: HHHC/HJC",https://legiscan.com/NM/bill/HB99/2026,https://www.nmlegis.gov/Legislation/Legislation?chamber=H&legtype=B&legno=99&year=26
2091327,2251,HB100,1,Introduced,2026-01-22,"Stem Innovation Network Funding","Stem Innovation Network Funding",2173,"House Education",2026-01-22,"Sent to HEC - Referrals: HEC/HAFC",https://legiscan.com/NM/bill/HB100/2026,https://www.nmlegis.gov/Legislation/Legislation?chamber=H&legtype=B&legno=100&year=26
2085202,2251,HB101,1,Introduced,2026-01-20,"Regional Farm To Food Bank Funding","Regional Farm To Food Bank Funding",4580,"House Agriculture, Acequias And Water Resources",2026-01-22,"Sent to HAAWC - Referrals: HAAWC/HAFC",https://legiscan.com/NM/bill/HB101/2026,https://www.nmlegis.gov/Legislation/Legislation?chamber=H&legtype=B&legno=101&year=26
2085178,2251,HB102,1,Introduced,2026-01-20,"Legislative Compensation","Legislative Compensation",2179,"House Rules & Order of Business",2026-01-22,"Not Printed",https://legiscan.com/NM/bill/HB102/2026,https://www.nmlegis.gov/Legislation/Legislation?chamber=H&legtype=B&legno=102&year=26
2085082,2251,HB103,1,Introduced,2026-01-20,"Residential Property Valuation Increases","Residential Property Valuation Increases",3900,"House Commerce & Economic Development",2026-01-22,"Sent to HCEDC - Referrals: HCEDC/HTRC",https://legiscan.com/NM/bill/HB103/2026,https://www.nmlegis.gov/Legislation/Legislation?chamber=H&legtype=B&legno=103&year=26
2085158,2251,HB104,1,Introduced,2026-01-20,"County & Tribal Health Councils Act Funding","County & Tribal Health Councils Act Funding",3570,"House Health & Human Services",2026-01-22,"Sent to HHHC - Referrals: HHHC/HAFC",https://legiscan.com/NM/bill/HB104/2026,https://www.nmlegis.gov/Legislation/Legislation?chamber=H&legtype=B&legno=104&year=26
2085126,2251,HB105,1,Introduced,2026-01-20,"Child Offender Commitment Extensions","Child Offender Commitment Extensions",2179,"House Rules & Order of Business",2026-01-22,"Not Printed",https://legiscan.com/NM/bill/HB105/2026,https://www.nmlegis.gov/Legislation/Legislation?chamber=H&legtype=B&legno=105&year=26
2085193,2251,HB106,1,Introduced,2026-01-20,"Home-based Child Care Income Tax Credit","Home-based Child Care Income Tax Credit",3900,"House Commerce & Economic Development",2026-01-22,"Sent to HCEDC - Referrals: HCEDC/HTRC",https://legiscan.com/NM/bill/HB106/2026,https://www.nmlegis.gov/Legislation/Legislation?chamber=H&legtype=B&legno=106&year=26
2085188,2251,HB107,1,Introduced,2026-01-20,"Medical Malpractice Claim Changes","Medical Malpractice Claim Changes",2179,"House Rules & Order of Business",2026-01-22,"Not Printed",https://legiscan.com/NM/bill/HB107/2026,https://www.nmlegis.gov/Legislation/Legislation?chamber=H&legtype=B&legno=107&year=26
2085173,2251,HB108,1,Introduced,2026-01-20,"Watershed District Taxes And Directors","Watershed District Taxes And Directors",2179,"House Rules & Order of Business",2026-01-22,"Not Printed",https://legiscan.com/NM/bill/HB108/2026,https://www.nmlegis.gov/Legislation/Legislation?chamber=H&legtype=B&legno=108&year=26
2085162,2251,HB109,1,Introduced,2026-01-20,"Water Project Fund Changes","Water Project Fund Changes",2179,"House Rules & Order of Business",2026-01-22,"Not Printed",https://legiscan.com/NM/bill/HB109/2026,https://www.nmlegis.gov/Legislation/Legislation?chamber=H&legtype=B&legno=109&year=26
2085146,2251,HB110,1,Introduced,2026-01-20,"Housing Development Data Reporting","Housing Development Data Reporting",3230,"House Government, Elections & Indian Affairs",2026-01-22,"Sent to HGEIC - Referrals: HGEIC/HRDLC",https://legiscan.com/NM/bill/HB110/2026,https://www.nmlegis.gov/Legislation/Legislation?chamber=H&legtype=B&legno=110&year=26
2091248,2251,HB111,1,Introduced,2026-01-22,"Water Law Violation Maximum Penalty","Water Law Violation Maximum Penalty",4580,"House Agriculture, Acequias And Water Resources",2026-01-22,"Sent to HAAWC - Referrals: HAAWC/HJC",https://legiscan.com/NM/bill/HB111/2026,https://www.nmlegis.gov/Legislation/Legislation?chamber=H&legtype=B&legno=111&year=26
2091264,2251,HB112,1,Introduced,2026-01-22,"Daylight Saving Time Year-round","Daylight Saving Time Year-round",2179,"House Rules & Order of Business",2026-01-22,"Not Printed",https://legiscan.com/NM/bill/HB112/2026,https://www.nmlegis.gov/Legislation/Legislation?chamber=H&legtype=B&legno=112&year=26
2091213,2251,HB113,1,Introduced,2026-01-22,"Renewable Energy Production Tax Act","Renewable Energy Production Tax Act",2174,"House Energy & Natural Resources",2026-01-22,"Sent to HENRC - Referrals: HENRC/HTRC",https://legiscan.com/NM/bill/HB113/2026,https://www.nmlegis.gov/Legislation/Legislation?chamber=H&legtype=B&legno=113&year=26
2091370,2251,HB114,1,Introduced,2026-01-22,"Expand Double Up Food Bucks Pgm","Expand Double Up Food Bucks Pgm",3570,"House Health & Human Services",2026-01-22,"Sent to HHHC - Referrals: HHHC/HAFC",https://legiscan.com/NM/bill/HB114/2026,https://www.nmlegis.gov/Legislation/Legislation?chamber=H&legtype=B&legno=114&year=26
2091336,2251,HB115,1,Introduced,2026-01-22,"Protections For Nurses Invoking Safe Harbor","Protections For Nurses Invoking Safe Harbor",2179,"House Rules & Order of Business",2026-01-22,"Not Printed",https://legiscan.com/NM/bill/HB115/2026,https://www.nmlegis.gov/Legislation/Legislation?chamber=H&legtype=B&legno=115&year=26
2091281,2251,HB116,1,Introduced,2026-01-22,"Bilingual Multicultural Education Act Changes","Bilingual Multicultural Education Act Changes",2179,"House Rules & Order of Business",2026-01-22,"Not Printed",https://legiscan.com/NM/bill/HB116/2026,https://www.nmlegis.gov/Legislation/Legislation?chamber=H&legtype=B&legno=116&year=26
2091355,2251,HB117,1,Introduced,2026-01-22,"Higher Ed Demographic Data Reporting","Higher Ed Demographic Data Reporting",2179,"House Rules & Order of Business",2026-01-22,"Not Printed",https://legiscan.com/NM/bill/HB117/2026,https://www.nmlegis.gov/Legislation/Legislation?chamber=H&legtype=B&legno=117&year=26
2091381,2251,HB118,1,Introduced,2026-01-22,"Biliteracy Development And Training Project","Biliteracy Development And Training Project",2179,"House Rules & Order of Business",2026-01-22,"Not Printed",https://legiscan.com/NM/bill/HB118/2026,https://www.nmlegis.gov/Legislation/Legislation?chamber=H&legtype=B&legno=118&year=26
2091235,2251,HB119,1,Introduced,2026-01-22,"Bilingual License Endorsement Pgm Units","Bilingual License Endorsement Pgm Units",2179,"House Rules & Order of Business",2026-01-22,"Not Printed",https://legiscan.com/NM/bill/HB119/2026,https://www.nmlegis.gov/Legislation/Legislation?chamber=H&legtype=B&legno=119&year=26
2091302,2251,HB120,1,Introduced,2026-01-22,"Limiting Student Restraint & Seclusion","Limiting Student Restraint & Seclusion",2179,"House Rules & Order of Business",2026-01-22,"Not Printed",https://legiscan.com/NM/bill/HB120/2026,https://www.nmlegis.gov/Legislation/Legislation?chamber=H&legtype=B&legno=120&year=26
2091239,2251,HB121,1,Introduced,2026-01-22,"State Investment Officer And Fund Changes","State Investment Officer And Fund Changes",2179,"House Rules & Order of Business",2026-01-22,"Not Printed",https://legiscan.com/NM/bill/HB121/2026,https://www.nmlegis.gov/Legislation/Legislation?chamber=H&legtype=B&legno=121&year=26
2091372,2251,HB122,1,Introduced,2026-01-22,"Expand Limitation On Municipal Annexation","Expand Limitation On Municipal Annexation",2179,"House Rules & Order of Business",2026-01-22,"Not Printed",https://legiscan.com/NM/bill/HB122/2026,https://www.nmlegis.gov/Legislation/Legislation?chamber=H&legtype=B&legno=122&year=26
2091224,2251,HB123,1,Introduced,2026-01-22,"State And Fed School Grant Pgms","State And Fed School Grant Pgms",2179,"House Rules & Order of Business",2026-01-22,"Not Printed",https://legiscan.com/NM/bill/HB123/2026,https://www.nmlegis.gov/Legislation/Legislation?chamber=H&legtype=B&legno=123&year=26
2091263,2251,HB124,1,Introduced,2026-01-22,"New Americans Division In Wsd","New Americans Division In Wsd",2179,"House Rules & Order of Business",2026-01-22,"Not Printed",https://legiscan.com/NM/bill/HB124/2026,https://www.nmlegis.gov/Legislation/Legislation?chamber=H&legtype=B&legno=124&year=26
2091338,2251,HB125,1,Introduced,2026-01-22,"Delinquency Act Changes","Delinquency Act Changes",2179,"House Rules & Order of Business",2026-01-22,"Not Printed",https://legiscan.com/NM/bill/HB125/2026,https://www.nmlegis.gov/Legislation/Legislation?chamber=H&legtype=B&legno=125&year=26
2091243,2251,HB126,1,Introduced,2026-01-22,"Prohibit Nondisclosure & Nondisparagement","Prohibit Nondisclosure & Nondisparagement",2179,"House Rules & Order of Business",2026-01-22,"Not Printed",https://legiscan.com/NM/bill/HB126/2026,https://www.nmlegis.gov/Legislation/Legislation?chamber=H&legtype=B&legno=126&year=26
2091241,2251,HB127,1,Introduced,2026-01-22,"Medical Board Expedited Licensure","Medical Board Expedited Licensure",2179,"House Rules & Order of Business",2026-01-22,"Not Printed",https://legiscan.com/NM/bill/HB127/2026,https://www.nmlegis.gov/Legislation/Legislation?chamber=H&legtype=B&legno=127&year=26
2091279,2251,HB128,1,Introduced,2026-01-22,"Firefighter Occupational Disease Disablement","Firefighter Occupational Disease Disablement",2179,"House Rules & Order of Business",2026-01-22,"Not Printed",https://legiscan.com/NM/bill/HB128/2026,https://www.nmlegis.gov/Legislation/Legislation?chamber=H&legtype=B&legno=128&year=26
2091309,2251,HB129,1,Introduced,2026-01-22,"Health Care Provider Coverage","Health Care Provider Coverage",2179,"House Rules & Order of Business",2026-01-22,"Not Printed",https://legiscan.com/NM/bill/HB129/2026,https://www.nmlegis.gov/Legislation/Legislation?chamber=H&legtype=B&legno=129&year=26
2091205,2251,HB130,1,Introduced,2026-01-22,"Cyfd Domestic Violence Pgms Funding","Cyfd Domestic Violence Pgms Funding",3570,"House Health & Human Services",2026-01-22,"Sent to HHHC - Referrals: HHHC/HAFC",https://legiscan.com/NM/bill/HB130/2026,https://www.nmlegis.gov/Legislation/Legislation?chamber=H&legtype=B&legno=130&year=26
2091294,2251,HB131,1,Introduced,2026-01-22,"Planning Bureau In Edd","Planning Bureau In Edd",2179,"House Rules & Order of Business",2026-01-22,"Not Printed",https://legiscan.com/NM/bill/HB131/2026,https://www.nmlegis.gov/Legislation/Legislation?chamber=H&legtype=B&legno=131&year=26
2091377,2251,HB132,1,Introduced,2026-01-22,"Police Officer Workers Comp Conditions","Police Officer Workers Comp Conditions",2179,"House Rules & Order of Business",2026-01-22,"Not Printed",https://legiscan.com/NM/bill/HB132/2026,https://www.nmlegis.gov/Legislation/Legislation?chamber=H&legtype=B&legno=132&year=26
2091246,2251,HB133,1,Introduced,2026-01-22,"General Appropriation Act Of 2026","General Appropriation Act Of 2026",2167,"House Appropriations & Finance",2026-01-22,"Sent to HAFC - Referrals: HAFC",https://legiscan.com/NM/bill/HB133/2026,https://www.nmlegis.gov/Legislation/Legislation?chamber=H&legtype=B&legno=133&year=26
2091283,2251,HB134,1,Introduced,2026-01-22,"Unlawful Install Of Gps System","Unlawful Install Of Gps System",2179,"House Rules & Order of Business",2026-01-22,"Not Printed",https://legiscan.com/NM/bill/HB134/2026,https://www.nmlegis.gov/Legislation/Legislation?chamber=H&legtype=B&legno=134&year=26
2091275,2251,HB135,1,Introduced,2026-01-22,"Election Nominating Petition Changes","Election Nominating Petition Changes",2179,"House Rules & Order of Business",2026-01-22,"Not Printed",https://legiscan.com/NM/bill/HB135/2026,https://www.nmlegis.gov/Legislation/Legislation?chamber=H&legtype=B&legno=135&year=26
2091329,2251,HB136,1,Introduced,2026-01-22,"Health Insurance Credentialing","Health Insurance Credentialing",2179,"House Rules & Order of Business",2026-01-22,"Not Printed",https://legiscan.com/NM/bill/HB136/2026,https://www.nmlegis.gov/Legislation/Legislation?chamber=H&legtype=B&legno=136&year=26
2091296,2251,HB137,1,Introduced,2026-01-22,"Stocking Of Certain Drugs In Pharmacies","Stocking Of Certain Drugs In Pharmacies",2179,"House Rules & Order of Business",2026-01-22,"Not Printed",https://legiscan.com/NM/bill/HB137/2026,https://www.nmlegis.gov/Legislation/Legislation?chamber=H&legtype=B&legno=137&year=26
2091387,2251,HB138,1,Introduced,2026-01-22,"Zoning Lot Size Requirements","Zoning Lot Size Requirements",3900,"House Commerce & Economic Development",2026-01-22,"Sent to HCEDC - Referrals: HCEDC/HGEIC",https://legiscan.com/NM/bill/HB138/2026,https://www.nmlegis.gov/Legislation/Legislation?chamber=H&legtype=B&legno=138&year=26
2091203,2251,HB139,1,Introduced,2026-01-22,"Nm Housing Trust Fund","Nm Housing Trust Fund",3230,"House Government, Elections & Indian Affairs",2026-01-22,"Sent to HGEIC - Referrals: HGEIC/HAFC",https://legiscan.com/NM/bill/HB139/2026,https://www.nmlegis.gov/Legislation/Legislation?chamber=H&legtype=B&legno=139&year=26
2091383,2251,HB140,1,Introduced,2026-01-22,"Affordable Housing Act Oversight Duties","Affordable Housing Act Oversight Duties",3230,"House Government, Elections & Indian Affairs",2026-01-22,"Sent to HGEIC - Referrals: HGEIC/HAFC",https://legiscan.com/NM/bill/HB140/2026,https://www.nmlegis.gov/Legislation/Legislation?chamber=H&legtype=B&legno=140&year=26
2091366,2251,HB141,1,Introduced,2026-01-22,"Artificial Intelligence Accountability Act","Artificial Intelligence Accountability Act",2179,"House Rules & Order of Business",2026-01-22,"Not Printed",https://legiscan.com/NM/bill/HB141/2026,https://www.nmlegis.gov/Legislation/Legislation?chamber=H&legtype=B&legno=141&year=26
2091218,2251,HB142,1,Introduced,2026-01-22,"Rural Health Care Tax Credit Changes","Rural Health Care Tax Credit Changes",3570,"House Health & Human Services",2026-01-22,"Sent to HHHC - Referrals: HHHC/HTRC",https://legiscan.com/NM/bill/HB142/2026,https://www.nmlegis.gov/Legislation/Legislation?chamber=H&legtype=B&legno=142&year=26
2091268,2251,HB143,1,Introduced,2026-01-22,"Health Care Changes","Health Care Changes",2179,"House Rules & Order of Business",2026-01-22,"Not Printed",https://legiscan.com/NM/bill/HB143/2026,https://www.nmlegis.gov/Legislation/Legislation?chamber=H&legtype=B&legno=143&year=26
2091307,2251,HB144,1,Introduced,2026-01-22,"Crime Of Unlawful Squatting","Crime Of Unlawful Squatting",2179,"House Rules & Order of Business",2026-01-22,"Not Printed",https://legiscan.com/NM/bill/HB144/2026,https://www.nmlegis.gov/Legislation/Legislation?chamber=H&legtype=B&legno=144&year=26
2091326,2251,HB145,1,Introduced,2026-01-22,"High-wage Job Tax Credit Dates","High-wage Job Tax Credit Dates",3900,"House Commerce & Economic Development",2026-01-22,"Sent to HCEDC - Referrals: HCEDC/HTRC",https://legiscan.com/NM/bill/HB145/2026,https://www.nmlegis.gov/Legislation/Legislation?chamber=H&legtype=B&legno=145&year=26
2091250,2251,HB146,1,Introduced,2026-01-22,"Felon In Possession Of Firearm Penalty","Felon In Possession Of Firearm Penalty",2179,"House Rules & Order of Business",2026-01-22,"Not Printed",https://legiscan.com/NM/bill/HB146/2026,https://www.nmlegis.gov/Legislation/Legislation?chamber=H&legtype=B&legno=146&year=26
2091318,2251,HB147,1,Introduced,2026-01-22,"Posting Of Notices Of Human Trafficking","Posting Of Notices Of Human Trafficking",2179,"House Rules & Order of Business",2026-01-22,"Not Printed",https://legiscan.com/NM/bill/HB147/2026,https://www.nmlegis.gov/Legislation/Legislation?chamber=H&legtype=B&legno=147&year=26
2091266,2251,HR1,1,Introduced,2026-01-22,"House Investigatory Subcommittee","House Investigatory Subcommittee",3230,"House Government, Elections & Indian Affairs",2026-01-22,"Sent to HGEIC - Referrals: HGEIC/HJC",https://legiscan.com/NM/bill/HR1/2026,https://www.nmlegis.gov/Legislation/Legislation?chamber=H&legtype=R&legno=1&year=26
2065641,2251,HJR1,1,Introduced,2026-01-20,"Boards Of Regents Nominating Committees, Ca","Boards Of Regents Nominating Committees, Ca",2173,"House Education",2026-01-22,"Sent to HEC - Referrals: HEC/HJC",https://legiscan.com/NM/bill/HJR1/2026,https://www.nmlegis.gov/Legislation/Legislation?chamber=H&legtype=JR&legno=1&year=26
2080401,2251,HJR2,1,Introduced,2026-01-20,"Denial Of Bail, Ca","Denial Of Bail, Ca",2170,"House Consumer & Public Affairs",2026-01-22,"Sent to HCPAC - Referrals: HCPAC/HJC",https://legiscan.com/NM/bill/HJR2/2026,https://www.nmlegis.gov/Legislation/Legislation?chamber=H&legtype=JR&legno=2&year=26
2080156,2251,HJR3,1,Introduced,2026-01-20,"Environmental Rights, Ca","Environmental Rights, Ca",2174,"House Energy & Natural Resources",2026-01-22,"Sent to HENRC - Referrals: HENRC/HJC",https://legiscan.com/NM/bill/HJR3/2026,https://www.nmlegis.gov/Legislation/Legislation?chamber=H&legtype=JR&legno=3&year=26
2086234,2251,HJR4,1,Introduced,2026-01-20,"Cyfd Commission, Ca","Cyfd Commission, Ca",2174,"House Energy & Natural Resources",2026-01-22,"Sent to HENRC - Referrals: HENRC/HJC",https://legiscan.com/NM/bill/HJR4/2026,https://www.nmlegis.gov/Legislation/Legislation?chamber=H&legtype=JR&legno=4&year=26
2085198,2251,HJR5,1,Introduced,2026-01-20,"Legislative Compensation, Ca","Legislative Compensation, Ca",3230,"House Government, Elections & Indian Affairs",2026-01-22,"Sent to HGEIC - Referrals: HGEIC/HJC",https://legiscan.com/NM/bill/HJR5/2026,https://www.nmlegis.gov/Legislation/Legislation?chamber=H&legtype=JR&legno=5&year=26
2091228,2251,HJR6,1,Introduced,2026-01-22,"Session Length And Bill Consideration, Ca","Session Length And Bill Consideration, Ca",3230,"House Government, Elections & Indian Affairs",2026-01-22,"Sent to HGEIC - Referrals: HGEIC/HJC",https://legiscan.com/NM/bill/HJR6/2026,https://www.nmlegis.gov/Legislation/Legislation?chamber=H&legtype=JR&legno=6&year=26
2091351,2251,HJR7,1,Introduced,2026-01-22,"Consideration Of Bills In All Sessions, Ca","Consideration Of Bills In All Sessions, Ca",3230,"House Government, Elections & Indian Affairs",2026-01-22,"Sent to HGEIC - Referrals: HGEIC/HJC",https://legiscan.com/NM/bill/HJR7/2026,https://www.nmlegis.gov/Legislation/Legislation?chamber=H&legtype=JR&legno=7&year=26
2064982,2251,HM1,1,Introduced,2026-01-20,"Study Cyfd As Independent Executive Dept","Study Cyfd As Independent Executive Dept",0,,2026-01-20,"Sent to HPREF - Referrals: HPREF",https://legiscan.com/NM/bill/HM1/2026,https://www.nmlegis.gov/Legislation/Legislation?chamber=H&legtype=M&legno=1&year=26
2065567,2251,HM2,1,Introduced,2026-01-20,"Study Screen Use In Elementary Classrooms","Study Screen Use In Elementary Classrooms",0,,2026-01-20,"Sent to HPREF - Referrals: HPREF",https://legiscan.com/NM/bill/HM2/2026,https://www.nmlegis.gov/Legislation/Legislation?chamber=H&legtype=M&legno=2&year=26
2066189,2251,HM3,1,Introduced,2026-01-20,"Honoring Nurses And Health Care Workers","Honoring Nurses And Health Care Workers",0,,2026-01-20,"Sent to HPREF - Referrals: HPREF",https://legiscan.com/NM/bill/HM3/2026,https://www.nmlegis.gov/Legislation/Legislation?chamber=H&legtype=M&legno=3&year=26
2079971,2251,HM4,1,Introduced,2026-01-20,"Study Higher Ed Health Insurance Costs","Study Higher Ed Health Insurance Costs",0,,2026-01-20,"Sent to HPREF - Referrals: HPREF",https://legiscan.com/NM/bill/HM4/2026,https://www.nmlegis.gov/Legislation/Legislation?chamber=H&legtype=M&legno=4&year=26
2085139,2251,HM5,2,Engrossed,2026-01-22,"""new Mexico Mesa Day""","""new Mexico Mesa Day""",0,,2026-01-22,"Passed in the House of Representatives - Y:70 N:0",https://legiscan.com/NM/bill/HM5/2026,https://www.nmlegis.gov/Legislation/Legislation?chamber=H&legtype=M&legno=5&year=26
2085087,2251,HM6,1,Introduced,2026-01-20,"Private Equity Infrastructure Ownership","Private Equity Infrastructure Ownership",0,,2026-01-20,"Sent to HPREF - Referrals: HPREF",https://legiscan.com/NM/bill/HM6/2026,https://www.nmlegis.gov/Legislation/Legislation?chamber=H&legtype=M&legno=6&year=26
2087585,2251,HM9,2,Engrossed,2026-01-21,"Mexico-new Mexico Advocacy Day","Mexico-new Mexico Advocacy Day",0,,2026-01-21,"Passed in the House of Representatives - Y:70 N:0",https://legiscan.com/NM/bill/HM9/2026,https://www.nmlegis.gov/Legislation/Legislation?chamber=H&legtype=M&legno=9&year=26
2064973,2251,HJM1,1,Introduced,2026-01-20,"Strengthening Relations With Taiwan","Strengthening Relations With Taiwan",0,,2026-01-20,"Sent to HPREF - Referrals: HPREF",https://legiscan.com/NM/bill/HJM1/2026,https://www.nmlegis.gov/Legislation/Legislation?chamber=H&legtype=JM&legno=1&year=26
2083249,2251,HJM2,1,Introduced,2026-01-20,"Ipra Implementation Study Task Force","Ipra Implementation Study Task Force",0,,2026-01-20,"Sent to HPREF - Referrals: HPREF",https://legiscan.com/NM/bill/HJM2/2026,https://www.nmlegis.gov/Legislation/Legislation?chamber=H&legtype=JM&legno=2&year=26
2087489,2251,SB1,2,Engrossed,2026-01-23,"Interstate Medical Licensure Compact Act","Interstate Medical Licensure Compact Act",0,,2026-01-23,"Passed in the Senate - Y:40 N:0",https://legiscan.com/NM/bill/SB1/2026,https://www.nmlegis.gov/Legislation/Legislation?chamber=S&legtype=B&legno=1&year=26
2087577,2251,SB2,2,Engrossed,2026-01-23,"State Highway Project Bonds","State Highway Project Bonds",0,,2026-01-23,"Passed in the Senate - Y:31 N:9",https://legiscan.com/NM/bill/SB2/2026,https://www.nmlegis.gov/Legislation/Legislation?chamber=S&legtype=B&legno=2&year=26
2087526,2251,SB3,2,Engrossed,2026-01-23,"Commitment Procedure Changes & Definitions","Commitment Procedure Changes & Definitions",0,,2026-01-23,"Passed in the Senate - Y:37 N:3",https://legiscan.com/NM/bill/SB3/2026,https://www.nmlegis.gov/Legislation/Legislation?chamber=S&legtype=B&legno=3&year=26
2087519,2251,SB4,1,Introduced,2026-01-20,"Medical Resident & Fellow Salaries","Medical Resident & Fellow Salaries",4381,"Senate Health and Public Affairs",2026-01-21,"SCC: Reported by committee to fall within the purview of a 30 day session",https://legiscan.com/NM/bill/SB4/2026,https://www.nmlegis.gov/Legislation/Legislation?chamber=S&legtype=B&legno=4&year=26
2087475,2251,SB5,1,Introduced,2026-01-20,"Expand Certain Physician Residencies","Expand Certain Physician Residencies",4381,"Senate Health and Public Affairs",2026-01-21,"SCC: Reported by committee to fall within the purview of a 30 day session",https://legiscan.com/NM/bill/SB5/2026,https://www.nmlegis.gov/Legislation/Legislation?chamber=S&legtype=B&legno=5&year=26
2087469,2251,SB6,1,Introduced,2026-01-20,"New School Of Medicine Facility","New School Of Medicine Facility",4381,"Senate Health and Public Affairs",2026-01-21,"SCC: Reported by committee to fall within the purview of a 30 day session",https://legiscan.com/NM/bill/SB6/2026,https://www.nmlegis.gov/Legislation/Legislation?chamber=S&legtype=B&legno=6&year=26
2087498,2251,SB7,1,Introduced,2026-01-20,"Increase Clinician Faculty Pay","Increase Clinician Faculty Pay",4381,"Senate Health and Public Affairs",2026-01-21,"SCC: Reported by committee to fall within the purview of a 30 day session",https://legiscan.com/NM/bill/SB7/2026,https://www.nmlegis.gov/Legislation/Legislation?chamber=S&legtype=B&legno=7&year=26
2087504,2251,SB8,1,Introduced,2026-01-20,"Behavioral Health Trust Fund","Behavioral Health Trust Fund",4381,"Senate Health and Public Affairs",2026-01-21,"SCC: Reported by committee to fall within the purview of a 30 day session",https://legiscan.com/NM/bill/SB8/2026,https://www.nmlegis.gov/Legislation/Legislation?chamber=S&legtype=B&legno=8&year=26
2087534,2251,SB9,1,Introduced,2026-01-20,"Medicaid Trust Fund","Medicaid Trust Fund",4381,"Senate Health and Public Affairs",2026-01-21,"SCC: Reported by committee to fall within the purview of a 30 day session",https://legiscan.com/NM/bill/SB9/2026,https://www.nmlegis.gov/Legislation/Legislation?chamber=S&legtype=B&legno=9&year=26
2087461,2251,SB10,1,Introduced,2026-01-20,"Health Training Corps","Health Training Corps",2183,"Senate Committees",2026-01-20,"Sent to SCC - Referrals: SCC/SHPAC/SFC",https://legiscan.com/NM/bill/SB10/2026,https://www.nmlegis.gov/Legislation/Legislation?chamber=S&legtype=B&legno=10&year=26
2087599,2251,SB11,1,Introduced,2026-01-20,"Nurse Loan Repayment Act","Nurse Loan Repayment Act",2183,"Senate Committees",2026-01-20,"Sent to SCC - Referrals: SCC/SHPAC/SFC",https://legiscan.com/NM/bill/SB11/2026,https://www.nmlegis.gov/Legislation/Legislation?chamber=S&legtype=B&legno=11&year=26
2087455,2251,SB12,1,Introduced,2026-01-20,"Physician Tax Credit","Physician Tax Credit",4383,"Senate Taxation, Business and Transportation",2026-01-21,"SCC: Reported by committee to fall within the purview of a 30 day session",https://legiscan.com/NM/bill/SB12/2026,https://www.nmlegis.gov/Legislation/Legislation?chamber=S&legtype=B&legno=12&year=26
2087512,2251,SB13,1,Introduced,2026-01-20,"Health Care Gross Receipts Deduction","Health Care Gross Receipts Deduction",4383,"Senate Taxation, Business and Transportation",2026-01-21,"SCC: Reported by committee to fall within the purview of a 30 day session",https://legiscan.com/NM/bill/SB13/2026,https://www.nmlegis.gov/Legislation/Legislation?chamber=S&legtype=B&legno=13&year=26
2087555,2251,SB14,1,Introduced,2026-01-20,"Health Professional Advisory Committee","Health Professional Advisory Committee",2183,"Senate Committees",2026-01-20,"Sent to SCC - Referrals: SCC/SHPAC/SFC",https://legiscan.com/NM/bill/SB14/2026,https://www.nmlegis.gov/Legislation/Legislation?chamber=S&legtype=B&legno=14&year=26
2087562,2251,SB15,1,Introduced,2026-01-20,"Health Care Provider Coverage","Health Care Provider Coverage",2183,"Senate Committees",2026-01-20,"Sent to SCC - Referrals: SCC/SHPAC/STBTC",https://legiscan.com/NM/bill/SB15/2026,https://www.nmlegis.gov/Legislation/Legislation?chamber=S&legtype=B&legno=15&year=26
2087548,2251,SB16,1,Introduced,2026-01-20,"Health Professional Autonomy Act","Health Professional Autonomy Act",2183,"Senate Committees",2026-01-20,"Sent to SCC - Referrals: SCC/SHPAC/SJC",https://legiscan.com/NM/bill/SB16/2026,https://www.nmlegis.gov/Legislation/Legislation?chamber=S&legtype=B&legno=16&year=26
2091322,2251,SB17,1,Introduced,2026-01-22,"Stop Illegal Gun Trade Act","Stop Illegal Gun Trade Act",4381,"Senate Health and Public Affairs",2026-01-23,"SCC: Reported by committee to fall within the purview of a 30 day session",https://legiscan.com/NM/bill/SB17/2026,https://www.nmlegis.gov/Legislation/Legislation?chamber=S&legtype=B&legno=17&year=26
2091359,2251,SB18,1,Introduced,2026-01-22,"Clear Horizons & Emissions Codification","Clear Horizons & Emissions Codification",2184,"Senate Conservation",2026-01-23,"SCC: Reported by committee to fall within the purview of a 30 day session",https://legiscan.com/NM/bill/SB18/2026,https://www.nmlegis.gov/Legislation/Legislation?chamber=S&legtype=B&legno=18&year=26
2092668,2251,SB19,1,Introduced,2026-01-23,"School Finance Unit Value Reset","School Finance Unit Value Reset",2183,"Senate Committees",2026-01-23,"Sent to SCC - Referrals: SCC/SEC",https://legiscan.com/NM/bill/SB19/2026,https://www.nmlegis.gov/Legislation/Legislation?chamber=S&legtype=B&legno=19&year=26
2089286,2251,SB29,1,Introduced,2026-01-21,"Math Requirements For Teaching License","Math Requirements For Teaching License",2187,"Senate Education",2026-01-22,"SCC: Reported by committee to fall within the purview of a 30 day session",https://legiscan.com/NM/bill/SB29/2026,https://www.nmlegis.gov/Legislation/Legislation?chamber=S&legtype=B&legno=29&year=26
2089103,2251,SB30,1,Introduced,2026-01-21,"Reporting Of Induced Abortions","Reporting Of Induced Abortions",2183,"Senate Committees",2026-01-21,"Sent to SCC - Referrals: SCC/SHPAC/SJC",https://legiscan.com/NM/bill/SB30/2026,https://www.nmlegis.gov/Legislation/Legislation?chamber=S&legtype=B&legno=30&year=26
2089390,2251,SB31,1,Introduced,2026-01-21,"U Visa Certification Act","U Visa Certification Act",2183,"Senate Committees",2026-01-21,"Sent to SCC - Referrals: SCC/SHPAC/SJC",https://legiscan.com/NM/bill/SB31/2026,https://www.nmlegis.gov/Legislation/Legislation?chamber=S&legtype=B&legno=31&year=26
2089143,2251,SB32,1,Introduced,2026-01-21,"Prosecution Of Human Trafficking","Prosecution Of Human Trafficking",4381,"Senate Health and Public Affairs",2026-01-22,"SCC: Reported by committee to fall within the purview of a 30 day session",https://legiscan.com/NM/bill/SB32/2026,https://www.nmlegis.gov/Legislation/Legislation?chamber=S&legtype=B&legno=32&year=26
2089427,2251,SB33,1,Introduced,2026-01-21,"Right To Try Individualized Treatments Act","Right To Try Individualized Treatments Act",2183,"Senate Committees",2026-01-21,"Sent to SCC - Referrals: SCC/SHPAC/SJC",https://legiscan.com/NM/bill/SB33/2026,https://www.nmlegis.gov/Legislation/Legislation?chamber=S&legtype=B&legno=33&year=26
2089015,2251,SB34,1,Introduced,2026-01-21,"Publish Standards-based Assessment Info","Publish Standards-based Assessment Info",2183,"Senate Committees",2026-01-21,"Sent to SCC - Referrals: SCC/SEC/SHPAC",https://legiscan.com/NM/bill/SB34/2026,https://www.nmlegis.gov/Legislation/Legislation?chamber=S&legtype=B&legno=34&year=26
2089213,2251,SB35,1,Introduced,2026-01-21,"Create Addition 1st District Judgeship","Create Addition 1st District Judgeship",2183,"Senate Committees",2026-01-21,"Sent to SCC - Referrals: SCC/SJC/SFC",https://legiscan.com/NM/bill/SB35/2026,https://www.nmlegis.gov/Legislation/Legislation?chamber=S&legtype=B&legno=35&year=26
2089478,2251,SB36,1,Introduced,2026-01-21,"Quantum Facility Infrastructure Tax Credit","Quantum Facility Infrastructure Tax Credit",4383,"Senate Taxation, Business and Transportation",2026-01-22,"SCC: Reported by committee to fall within the purview of a 30 day session",https://legiscan.com/NM/bill/SB36/2026,https://www.nmlegis.gov/Legislation/Legislation?chamber=S&legtype=B&legno=36&year=26
2089000,2251,SB37,1,Introduced,2026-01-21,"High Quality Literacy Instruction Act","High Quality Literacy Instruction Act",2188,"Senate Finance",2026-01-23,"SEC: Reported by committee with Do Pass recommendation",https://legiscan.com/NM/bill/SB37/2026,https://www.nmlegis.gov/Legislation/Legislation?chamber=S&legtype=B&legno=37&year=26
2089248,2251,SB38,1,Introduced,2026-01-21,"Fees On Registered Pet Food","Fees On Registered Pet Food",2184,"Senate Conservation",2026-01-22,"SCC: Reported by committee to fall within the purview of a 30 day session",https://legiscan.com/NM/bill/SB38/2026,https://www.nmlegis.gov/Legislation/Legislation?chamber=S&legtype=B&legno=38&year=26
2088969,2251,SB39,1,Introduced,2026-01-21,"Microgrid Oversight Act","Microgrid Oversight Act",2183,"Senate Committees",2026-01-21,"Sent to SCC - Referrals: SCC/SCONC/STBTC",https://legiscan.com/NM/bill/SB39/2026,https://www.nmlegis.gov/Legislation/Legislation?chamber=S&legtype=B&legno=39&year=26
2089371,2251,SB40,1,Introduced,2026-01-21,"Driver Privacy And Safety Act","Driver Privacy And Safety Act",2183,"Senate Committees",2026-01-21,"Sent to SCC - Referrals: SCC/STBTC/SJC",https://legiscan.com/NM/bill/SB40/2026,https://www.nmlegis.gov/Legislation/Legislation?chamber=S&legtype=B&legno=40&year=26
2089509,2251,SB41,1,Introduced,2026-01-21,"Statute Of Limitations For Certain Sex Crimes","Statute Of Limitations For Certain Sex Crimes",4381,"Senate Health and Public Affairs",2026-01-23,"SCC: Reported by committee to fall within the purview of a 30 day session",https://legiscan.com/NM/bill/SB41/2026,https://www.nmlegis.gov/Legislation/Legislation?chamber=S&legtype=B&legno=41&year=26
2089195,2251,SB42,1,Introduced,2026-01-21,"Taos Primary Health Building","Taos Primary Health Building",4381,"Senate Health and Public Affairs",2026-01-22,"SCC: Reported by committee to fall within the purview of a 30 day session",https://legiscan.com/NM/bill/SB42/2026,https://www.nmlegis.gov/Legislation/Legislation?chamber=S&legtype=B&legno=42&year=26
2089034,2251,SB43,1,Introduced,2026-01-21,"Parole Requirement Changes","Parole Requirement Changes",2183,"Senate Committees",2026-01-21,"Sent to SCC - Referrals: SCC/SHPAC/SJC",https://legiscan.com/NM/bill/SB43/2026,https://www.nmlegis.gov/Legislation/Legislation?chamber=S&legtype=B&legno=43&year=26
2089340,2251,SB44,1,Introduced,2026-01-21,"Nm Tech Board Monitoring Network","Nm Tech Board Monitoring Network",2187,"Senate Education",2026-01-22,"SCC: Reported by committee to fall within the purview of a 30 day session",https://legiscan.com/NM/bill/SB44/2026,https://www.nmlegis.gov/Legislation/Legislation?chamber=S&legtype=B&legno=44&year=26
2089050,2251,SB45,1,Introduced,2026-01-21,"Academic Library Management Policies","Academic Library Management Policies",2183,"Senate Committees",2026-01-21,"Sent to SCC - Referrals: SCC/SEC/SJC",https://legiscan.com/NM/bill/SB45/2026,https://www.nmlegis.gov/Legislation/Legislation?chamber=S&legtype=B&legno=45&year=26
2088983,2251,SB46,1,Introduced,2026-01-21,"Explore Diversion Of Organic Waste","Explore Diversion Of Organic Waste",2184,"Senate Conservation",2026-01-22,"SCC: Reported by committee to fall within the purview of a 30 day session",https://legiscan.com/NM/bill/SB46/2026,https://www.nmlegis.gov/Legislation/Legislation?chamber=S&legtype=B&legno=46&year=26
2089085,2251,SB47,1,Introduced,2026-01-21,"Food Recovery & Composting Act","Food Recovery & Composting Act",2183,"Senate Committees",2026-01-21,"Sent to SCC - Referrals: SCC/SCONC/SFC",https://legiscan.com/NM/bill/SB47/2026,https://www.nmlegis.gov/Legislation/Legislation?chamber=S&legtype=B&legno=47&year=26
2089266,2251,SB48,1,Introduced,2026-01-21,"State Fairgrounds District Bonds","State Fairgrounds District Bonds",4383,"Senate Taxation, Business and Transportation",2026-01-22,"SCC: Reported by committee to fall within the purview of a 30 day session",https://legiscan.com/NM/bill/SB48/2026,https://www.nmlegis.gov/Legislation/Legislation?chamber=S&legtype=B&legno=48&year=26
2089409,2251,SB49,1,Introduced,2026-01-21,"School-age Appropriate Filtering Project","School-age Appropriate Filtering Project",2183,"Senate Committees",2026-01-21,"Sent to SCC - Referrals: SCC/SEC/SFC",https://legiscan.com/NM/bill/SB49/2026,https://www.nmlegis.gov/Legislation/Legislation?chamber=S&legtype=B&legno=49&year=26
2089494,2251,SB50,1,Introduced,2026-01-21,"Law Enforcement Training Requirements","Law Enforcement Training Requirements",2183,"Senate Committees",2026-01-21,"Sent to SCC - Referrals: SCC/SHPAC/SJC",https://legiscan.com/NM/bill/SB50/2026,https://www.nmlegis.gov/Legislation/Legislation?chamber=S&legtype=B&legno=50&year=26
2089125,2251,SB51,1,Introduced,2026-01-21,"Wrongful Conviction Compensation Act","Wrongful Conviction Compensation Act",2183,"Senate Committees",2026-01-21,"Sent to SCC - Referrals: SCC/SJC/SFC",https://legiscan.com/NM/bill/SB51/2026,https://www.nmlegis.gov/Legislation/Legislation?chamber=S&legtype=B&legno=51&year=26
2089461,2251,SB52,1,Introduced,2026-01-21,"Pera Cost-of-living Adjustments","Pera Cost-of-living Adjustments",2183,"Senate Committees",2026-01-21,"Sent to SCC - Referrals: SCC/SHPAC/SFC",https://legiscan.com/NM/bill/SB52/2026,https://www.nmlegis.gov/Legislation/Legislation?chamber=S&legtype=B&legno=52&year=26
2089069,2251,SB53,1,Introduced,2026-01-21,"Community & Health Info Safety & Privacy Act","Community & Health Info Safety & Privacy Act",2183,"Senate Committees",2026-01-21,"Sent to SCC - Referrals: SCC/SHPAC/SJC",https://legiscan.com/NM/bill/SB53/2026,https://www.nmlegis.gov/Legislation/Legislation?chamber=S&legtype=B&legno=53&year=26
2089324,2251,SB54,1,Introduced,2026-01-21,"School Personnel Required Trainings","School Personnel Required Trainings",2183,"Senate Committees",2026-01-21,"Sent to SCC - Referrals: SCC/SEC/SJC",https://legiscan.com/NM/bill/SB54/2026,https://www.nmlegis.gov/Legislation/Legislation?chamber=S&legtype=B&legno=54&year=26
2089302,2251,SB55,1,Introduced,2026-01-21,"Solar Market Income Tax Credit","Solar Market Income Tax Credit",4383,"Senate Taxation, Business and Transportation",2026-01-22,"SCC: Reported by committee to fall within the purview of a 30 day session",https://legiscan.com/NM/bill/SB55/2026,https://www.nmlegis.gov/Legislation/Legislation?chamber=S&legtype=B&legno=55&year=26
2089157,2251,SB56,1,Introduced,2026-01-21,"Create Child Welfare Authority","Create Child Welfare Authority",2183,"Senate Committees",2026-01-21,"Sent to SCC - Referrals: SCC/SRC/SFC",https://legiscan.com/NM/bill/SB56/2026,https://www.nmlegis.gov/Legislation/Legislation?chamber=S&legtype=B&legno=56&year=26
2089441,2251,SB57,1,Introduced,2026-01-21,"Concealing Identity Of A Peace Officer","Concealing Identity Of A Peace Officer",2183,"Senate Committees",2026-01-21,"Sent to SCC - Referrals: SCC/SJC/SFC",https://legiscan.com/NM/bill/SB57/2026,https://www.nmlegis.gov/Legislation/Legislation?chamber=S&legtype=B&legno=57&year=26
2088954,2251,SB58,1,Introduced,2026-01-21,"Extend Property Tax Exemption Period","Extend Property Tax Exemption Period",4383,"Senate Taxation, Business and Transportation",2026-01-22,"SCC: Reported by committee to fall within the purview of a 30 day session",https://legiscan.com/NM/bill/SB58/2026,https://www.nmlegis.gov/Legislation/Legislation?chamber=S&legtype=B&legno=58&year=26
2089230,2251,SB59,1,Introduced,2026-01-21,"Land Grant-merced & Acequia Trust","Land Grant-merced & Acequia Trust",2183,"Senate Committees",2026-01-21,"Sent to SCC - Referrals: SCC/SIRC/SFC",https://legiscan.com/NM/bill/SB59/2026,https://www.nmlegis.gov/Legislation/Legislation?chamber=S&legtype=B&legno=59&year=26
2089176,2251,SB60,1,Introduced,2026-01-21,"Tax Changes","Tax Changes",4383,"Senate Taxation, Business and Transportation",2026-01-22,"SCC: Reported by committee to fall within the purview of a 30 day session",https://legiscan.com/NM/bill/SB60/2026,https://www.nmlegis.gov/Legislation/Legislation?chamber=S&legtype=B&legno=60&year=26
2091320,2251,SB61,1,Introduced,2026-01-22,"Rural Libraries","Rural Libraries",4382,"Senate Indian, Rural and Cultural Affairs",2026-01-23,"SCC: Reported by committee to fall within the purview of a 30 day session",https://legiscan.com/NM/bill/SB61/2026,https://www.nmlegis.gov/Legislation/Legislation?chamber=S&legtype=B&legno=61&year=26
2091256,2251,SB62,1,Introduced,2026-01-22,"Rural Libraries Endowment Fund","Rural Libraries Endowment Fund",4382,"Senate Indian, Rural and Cultural Affairs",2026-01-23,"SCC: Reported by committee to fall within the purview of a 30 day session",https://legiscan.com/NM/bill/SB62/2026,https://www.nmlegis.gov/Legislation/Legislation?chamber=S&legtype=B&legno=62&year=26
2091237,2251,SB63,1,Introduced,2026-01-22,"Animal Welfare Fund Spay & Neuter Subaccount","Animal Welfare Fund Spay & Neuter Subaccount",2183,"Senate Committees",2026-01-22,"Sent to SCC - Referrals: SCC/SCONC/SFC",https://legiscan.com/NM/bill/SB63/2026,https://www.nmlegis.gov/Legislation/Legislation?chamber=S&legtype=B&legno=63&year=26
2091287,2251,SB64,1,Introduced,2026-01-22,"Create Office Of Special Education","Create Office Of Special Education",2187,"Senate Education",2026-01-23,"SCC: Reported by committee to fall within the purview of a 30 day session",https://legiscan.com/NM/bill/SB64/2026,https://www.nmlegis.gov/Legislation/Legislation?chamber=S&legtype=B&legno=64&year=26
2091233,2251,SB65,1,Introduced,2026-01-22,"Management Of Public School Libraries","Management Of Public School Libraries",2183,"Senate Committees",2026-01-22,"Sent to SCC - Referrals: SCC/SEC/SJC",https://legiscan.com/NM/bill/SB65/2026,https://www.nmlegis.gov/Legislation/Legislation?chamber=S&legtype=B&legno=65&year=26
2091285,2251,SB66,1,Introduced,2026-01-22,"Abandoned Uranium Mine Cleanup","Abandoned Uranium Mine Cleanup",2184,"Senate Conservation",2026-01-23,"SCC: Reported by committee to fall within the purview of a 30 day session",https://legiscan.com/NM/bill/SB66/2026,https://www.nmlegis.gov/Legislation/Legislation?chamber=S&legtype=B&legno=66&year=26
2091220,2251,SB67,1,Introduced,2026-01-22,"Best Interests Of The Child Standards","Best Interests Of The Child Standards",2183,"Senate Committees",2026-01-22,"Sent to SCC - Referrals: SCC/SHPAC/SJC",https://legiscan.com/NM/bill/SB67/2026,https://www.nmlegis.gov/Legislation/Legislation?chamber=S&legtype=B&legno=67&year=26
2091342,2251,SB68,1,Introduced,2026-01-22,"Artificial Intelligence Government Use Act","Artificial Intelligence Government Use Act",2183,"Senate Committees",2026-01-22,"Sent to SCC - Referrals: SCC/SHPAC/SJC",https://legiscan.com/NM/bill/SB68/2026,https://www.nmlegis.gov/Legislation/Legislation?chamber=S&legtype=B&legno=68&year=26
2091207,2251,SB69,1,Introduced,2026-01-22,"Front And Back License Plates","Front And Back License Plates",2183,"Senate Committees",2026-01-22,"Sent to SCC - Referrals: SCC/STBTC/SFC",https://legiscan.com/NM/bill/SB69/2026,https://www.nmlegis.gov/Legislation/Legislation?chamber=S&legtype=B&legno=69&year=26
2091353,2251,SB70,1,Introduced,2026-01-22,"Universal Basic Income Pilot Project","Universal Basic Income Pilot Project",2183,"Senate Committees",2026-01-22,"Sent to SCC - Referrals: SCC/SHPAC/SFC",https://legiscan.com/NM/bill/SB70/2026,https://www.nmlegis.gov/Legislation/Legislation?chamber=S&legtype=B&legno=70&year=26
2091300,2251,SB71,1,Introduced,2026-01-22,"Pera Changes","Pera Changes",2183,"Senate Committees",2026-01-22,"Sent to SCC - Referrals: SCC/SHPAC/SFC",https://legiscan.com/NM/bill/SB71/2026,https://www.nmlegis.gov/Legislation/Legislation?chamber=S&legtype=B&legno=71&year=26
2091215,2251,SB72,1,Introduced,2026-01-22,"Former Legislators As Lobbyists","Former Legislators As Lobbyists",2183,"Senate Committees",2026-01-22,"Sent to SCC - Referrals: SCC/SRC/SJC",https://legiscan.com/NM/bill/SB72/2026,https://www.nmlegis.gov/Legislation/Legislation?chamber=S&legtype=B&legno=72&year=26
2091226,2251,SB73,1,Introduced,2026-01-22,"Driver's Ed Requirements","Driver's Ed Requirements",2183,"Senate Committees",2026-01-22,"Sent to SCC - Referrals: SCC/SEC/STBTC",https://legiscan.com/NM/bill/SB73/2026,https://www.nmlegis.gov/Legislation/Legislation?chamber=S&legtype=B&legno=73&year=26
2091313,2251,SB74,1,Introduced,2026-01-22,"Cockfighting Penalties","Cockfighting Penalties",2183,"Senate Committees",2026-01-22,"Sent to SCC - Referrals: SCC/SJC/SFC",https://legiscan.com/NM/bill/SB74/2026,https://www.nmlegis.gov/Legislation/Legislation?chamber=S&legtype=B&legno=74&year=26
2091357,2251,SB75,1,Introduced,2026-01-22,"Fostering Connections Program Eligibility","Fostering Connections Program Eligibility",2183,"Senate Committees",2026-01-22,"Sent to SCC - Referrals: SCC/SHPAC/SFC",https://legiscan.com/NM/bill/SB75/2026,https://www.nmlegis.gov/Legislation/Legislation?chamber=S&legtype=B&legno=75&year=26
2091254,2251,SB76,1,Introduced,2026-01-22,"Expand Gas & Special Fuels Taxes","Expand Gas & Special Fuels Taxes",4383,"Senate Taxation, Business and Transportation",2026-01-23,"SCC: Reported by committee to fall within the purview of a 30 day session",https://legiscan.com/NM/bill/SB76/2026,https://www.nmlegis.gov/Legislation/Legislation?chamber=S&legtype=B&legno=76&year=26
2091298,2251,SB77,1,Introduced,2026-01-22,"Apprentice & Training Program Contributions","Apprentice & Training Program Contributions",2183,"Senate Committees",2026-01-22,"Sent to SCC - Referrals: SCC/STBTC/SFC",https://legiscan.com/NM/bill/SB77/2026,https://www.nmlegis.gov/Legislation/Legislation?chamber=S&legtype=B&legno=77&year=26
2091347,2251,SB78,1,Introduced,2026-01-22,"Nuclear Energy As Renewable Energy","Nuclear Energy As Renewable Energy",2183,"Senate Committees",2026-01-22,"Sent to SCC - Referrals: SCC/SCONC/STBTC",https://legiscan.com/NM/bill/SB78/2026,https://www.nmlegis.gov/Legislation/Legislation?chamber=S&legtype=B&legno=78&year=26
2091270,2251,SB79,1,Introduced,2026-01-22,"Mosquito Surveillance","Mosquito Surveillance",2184,"Senate Conservation",2026-01-23,"SCC: Reported by committee to fall within the purview of a 30 day session",https://legiscan.com/NM/bill/SB79/2026,https://www.nmlegis.gov/Legislation/Legislation?chamber=S&legtype=B&legno=79&year=26
2091374,2251,SB80,1,Introduced,2026-01-22,"Domestic Abuse Definitions","Domestic Abuse Definitions",2183,"Senate Committees",2026-01-22,"Sent to SCC - Referrals: SCC/SHPAC/SJC",https://legiscan.com/NM/bill/SB80/2026,https://www.nmlegis.gov/Legislation/Legislation?chamber=S&legtype=B&legno=80&year=26
2091315,2251,SB81,1,Introduced,2026-01-22,"Primary Care Capital Funding Act","Primary Care Capital Funding Act",4381,"Senate Health and Public Affairs",2026-01-23,"SCC: Reported by committee to fall within the purview of a 30 day session",https://legiscan.com/NM/bill/SB81/2026,https://www.nmlegis.gov/Legislation/Legislation?chamber=S&legtype=B&legno=81&year=26
2091222,2251,SB82,1,Introduced,2026-01-22,"Unleaded Aviation Fuel Grant Program","Unleaded Aviation Fuel Grant Program",2183,"Senate Committees",2026-01-22,"Sent to SCC - Referrals: SCC/STBTC/SFC",https://legiscan.com/NM/bill/SB82/2026,https://www.nmlegis.gov/Legislation/Legislation?chamber=S&legtype=B&legno=82&year=26
2091211,2251,SB83,1,Introduced,2026-01-22,"Accelerating Resilience Innovations Drylands","Accelerating Resilience Innovations Drylands",2187,"Senate Education",2026-01-23,"SCC: Reported by committee to fall within the purview of a 30 day session",https://legiscan.com/NM/bill/SB83/2026,https://www.nmlegis.gov/Legislation/Legislation?chamber=S&legtype=B&legno=83&year=26
2091362,2251,SB84,1,Introduced,2026-01-22,"School Water Management Program","School Water Management Program",2183,"Senate Committees",2026-01-22,"Sent to SCC - Referrals: SCC/SEC/SFC",https://legiscan.com/NM/bill/SB84/2026,https://www.nmlegis.gov/Legislation/Legislation?chamber=S&legtype=B&legno=84&year=26
2091349,2251,SB85,1,Introduced,2026-01-22,"Amend Abuse & Neglect Act","Amend Abuse & Neglect Act",2183,"Senate Committees",2026-01-22,"Sent to SCC - Referrals: SCC/SHPAC/SJC",https://legiscan.com/NM/bill/SB85/2026,https://www.nmlegis.gov/Legislation/Legislation?chamber=S&legtype=B&legno=85&year=26
2091258,2251,SB86,1,Introduced,2026-01-22,"Harassment By Telephone","Harassment By Telephone",2183,"Senate Committees",2026-01-22,"Sent to SCC - Referrals: SCC/SHPAC/SJC",https://legiscan.com/NM/bill/SB86/2026,https://www.nmlegis.gov/Legislation/Legislation?chamber=S&legtype=B&legno=86&year=26
2091364,2251,SB87,1,Introduced,2026-01-22,"Opioid Addiction Prevention","Opioid Addiction Prevention",2183,"Senate Committees",2026-01-22,"Sent to SCC - Referrals: SCC/SHPAC/SFC",https://legiscan.com/NM/bill/SB87/2026,https://www.nmlegis.gov/Legislation/Legislation?chamber=S&legtype=B&legno=87&year=26
2091231,2251,SB88,1,Introduced,2026-01-22,"Foster Parent Tax Credit","Foster Parent Tax Credit",4383,"Senate Taxation, Business and Transportation",2026-01-23,"SCC: Reported by committee to fall within the purview of a 30 day session",https://legiscan.com/NM/bill/SB88/2026,https://www.nmlegis.gov/Legislation/Legislation?chamber=S&legtype=B&legno=88&year=26
2091252,2251,SB89,1,Introduced,2026-01-22,"Tax Holiday For Firearms","Tax Holiday For Firearms",4383,"Senate Taxation, Business and Transportation",2026-01-23,"SCC: Reported by committee to fall within the purview of a 30 day session",https://legiscan.com/NM/bill/SB89/2026,https://www.nmlegis.gov/Legislation/Legislation?chamber=S&legtype=B&legno=89&year=26
2091331,2251,SB90,1,Introduced,2026-01-22,"""credible Threat"" Definition","""credible Threat"" Definition",2183,"Senate Committees",2026-01-22,"Sent to SCC - Referrals: SCC/SHPAC/SJC",https://legiscan.com/NM/bill/SB90/2026,https://www.nmlegis.gov/Legislation/Legislation?chamber=S&legtype=B&legno=90&year=26
2091292,2251,SB91,1,Introduced,2026-01-22,"Traffic Violation Penalties","Traffic Violation Penalties",2183,"Senate Committees",2026-01-22,"Sent to SCC - Referrals: SCC/STBTC/SFC",https://legiscan.com/NM/bill/SB91/2026,https://www.nmlegis.gov/Legislation/Legislation?chamber=S&legtype=B&legno=91&year=26
2091379,2251,SB92,1,Introduced,2026-01-22,"Construction Materials Gross Receipts","Construction Materials Gross Receipts",4383,"Senate Taxation, Business and Transportation",2026-01-23,"SCC: Reported by committee to fall within the purview of a 30 day session",https://legiscan.com/NM/bill/SB92/2026,https://www.nmlegis.gov/Legislation/Legislation?chamber=S&legtype=B&legno=92&year=26
2091209,2251,SB93,1,Introduced,2026-01-22,"Rail Infrastructure Tax Credit","Rail Infrastructure Tax Credit",4383,"Senate Taxation, Business and Transportation",2026-01-23,"SCC: Reported by committee to fall within the purview of a 30 day session",https://legiscan.com/NM/bill/SB93/2026,https://www.nmlegis.gov/Legislation/Legislation?chamber=S&legtype=B&legno=93&year=26
2091272,2251,SB94,1,Introduced,2026-01-22,"Domestic Violence Offender Treatment Pgm.","Domestic Violence Offender Treatment Pgm.",2183,"Senate Committees",2026-01-22,"Sent to SCC - Referrals: SCC/SHPAC/SJC",https://legiscan.com/NM/bill/SB94/2026,https://www.nmlegis.gov/Legislation/Legislation?chamber=S&legtype=B&legno=94&year=26
2091368,2251,SB95,1,Introduced,2026-01-22,"Prohibit Antisemetic Discrimination","Prohibit Antisemetic Discrimination",2183,"Senate Committees",2026-01-22,"Sent to SCC - Referrals: SCC/SHPAC/SJC",https://legiscan.com/NM/bill/SB95/2026,https://www.nmlegis.gov/Legislation/Legislation?chamber=S&legtype=B&legno=95&year=26
2091311,2251,SB96,1,Introduced,2026-01-22,"Registered Child Care Homes Provisions","Registered Child Care Homes Provisions",2183,"Senate Committees",2026-01-22,"Sent to SCC - Referrals: SCC/SHPAC/STBTC",https://legiscan.com/NM/bill/SB96/2026,https://www.nmlegis.gov/Legislation/Legislation?chamber=S&legtype=B&legno=96&year=26
2091261,2251,SB97,1,Introduced,2026-01-22,"Tech ""qualified Expenditure""","Tech ""qualified Expenditure""",4383,"Senate Taxation, Business and Transportation",2026-01-23,"SCC: Reported by committee to fall within the purview of a 30 day session",https://legiscan.com/NM/bill/SB97/2026,https://www.nmlegis.gov/Legislation/Legislation?chamber=S&legtype=B&legno=97&year=26
2091290,2251,SB98,1,Introduced,2026-01-22,"Exempt Jetty Jack From Cultural Property Act","Exempt Jetty Jack From Cultural Property Act",2183,"Senate Committees",2026-01-22,"Sent to SCC - Referrals: SCC/SIRC/SCONC",https://legiscan.com/NM/bill/SB98/2026,https://www.nmlegis.gov/Legislation/Legislation?chamber=S&legtype=B&legno=98&year=26
2091334,2251,SB99,1,Introduced,2026-01-22,"Rural Libraries Endowment Fund","Rural Libraries Endowment Fund",4382,"Senate Indian, Rural and Cultural Affairs",2026-01-23,"SCC: Reported by committee to fall within the purview of a 30 day session",https://legiscan.com/NM/bill/SB99/2026,https://www.nmlegis.gov/Legislation/Legislation?chamber=S&legtype=B&legno=99&year=26
2091277,2251,SB100,1,Introduced,2026-01-22,"Burglary Definition Of Dwelling","Burglary Definition Of Dwelling",2190,"Senate Judiciary",2026-01-23,"SCC: Reported by committee to fall within the purview of a 30 day session",https://legiscan.com/NM/bill/SB100/2026,https://www.nmlegis.gov/Legislation/Legislation?chamber=S&legtype=B&legno=100&year=26
2092555,2251,SB101,1,Introduced,2026-01-23,"Health Care Delivery & Access Act Repeal","Health Care Delivery & Access Act Repeal",2183,"Senate Committees",2026-01-23,"Sent to SCC - Referrals: SCC/SHPAC/SFC",https://legiscan.com/NM/bill/SB101/2026,https://www.nmlegis.gov/Legislation/Legislation?chamber=S&legtype=B&legno=101&year=26
2092588,2251,SB102,1,Introduced,2026-01-23,"""search & Rescue Dog"" Definition","""search & Rescue Dog"" Definition",2183,"Senate Committees",2026-01-23,"Sent to SCC - Referrals: SCC/SJC/SFC",https://legiscan.com/NM/bill/SB102/2026,https://www.nmlegis.gov/Legislation/Legislation?chamber=S&legtype=B&legno=102&year=26
2092441,2251,SB103,1,Introduced,2026-01-23,"Unlawful Interference With Aircraft","Unlawful Interference With Aircraft",2183,"Senate Committees",2026-01-23,"Sent to SCC - Referrals: SCC/SJC/SFC",https://legiscan.com/NM/bill/SB103/2026,https://www.nmlegis.gov/Legislation/Legislation?chamber=S&legtype=B&legno=103&year=26
2092562,2251,SB104,1,Introduced,2026-01-23,"Removal Of Wildlife Commission Members","Removal Of Wildlife Commission Members",2183,"Senate Committees",2026-01-23,"Sent to SCC - Referrals: SCC/SRC/SJC",https://legiscan.com/NM/bill/SB104/2026,https://www.nmlegis.gov/Legislation/Legislation?chamber=S&legtype=B&legno=104&year=26
2092536,2251,SB105,1,Introduced,2026-01-23,"Attendance For Success & Excused Absences","Attendance For Success & Excused Absences",2183,"Senate Committees",2026-01-23,"Sent to SCC - Referrals: SCC/SEC/SHPAC",https://legiscan.com/NM/bill/SB105/2026,https://www.nmlegis.gov/Legislation/Legislation?chamber=S&legtype=B&legno=105&year=26
2092482,2251,SB106,1,Introduced,2026-01-23,"Graduate Scholarship Act Funding","Graduate Scholarship Act Funding",2183,"Senate Committees",2026-01-23,"Sent to SCC - Referrals: SCC/SEC/SFC",https://legiscan.com/NM/bill/SB106/2026,https://www.nmlegis.gov/Legislation/Legislation?chamber=S&legtype=B&legno=106&year=26
2092469,2251,SB107,1,Introduced,2026-01-23,"Statewide Out-of-school Time Programming","Statewide Out-of-school Time Programming",2183,"Senate Committees",2026-01-23,"Sent to SCC - Referrals: SCC/SEC/SFC",https://legiscan.com/NM/bill/SB107/2026,https://www.nmlegis.gov/Legislation/Legislation?chamber=S&legtype=B&legno=107&year=26
2092673,2251,SB108,1,Introduced,2026-01-23,"Regional Farm To Food Bank Program","Regional Farm To Food Bank Program",2183,"Senate Committees",2026-01-23,"Sent to SCC - Referrals: SCC/SCONC/SFC",https://legiscan.com/NM/bill/SB108/2026,https://www.nmlegis.gov/Legislation/Legislation?chamber=S&legtype=B&legno=108&year=26
2092622,2251,SB109,1,Introduced,2026-01-23,"Abandoned Utility Transition Cost Recovery","Abandoned Utility Transition Cost Recovery",2183,"Senate Committees",2026-01-23,"Sent to SCC - Referrals: SCC/SCONC/STBTC",https://legiscan.com/NM/bill/SB109/2026,https://www.nmlegis.gov/Legislation/Legislation?chamber=S&legtype=B&legno=109&year=26
2092509,2251,SB110,1,Introduced,2026-01-23,"Bosque Management Projects","Bosque Management Projects",2183,"Senate Committees",2026-01-23,"Sent to SCC - Referrals: SCC/SCONC/SFC",https://legiscan.com/NM/bill/SB110/2026,https://www.nmlegis.gov/Legislation/Legislation?chamber=S&legtype=B&legno=110&year=26
2092542,2251,SB111,1,Introduced,2026-01-23,"Motor Vehicle Code ""personal Info""","Motor Vehicle Code ""personal Info""",2183,"Senate Committees",2026-01-23,"Sent to SCC - Referrals: SCC/SHPAC/STBTC",https://legiscan.com/NM/bill/SB111/2026,https://www.nmlegis.gov/Legislation/Legislation?chamber=S&legtype=B&legno=111&year=26
2092595,2251,SB112,1,Introduced,2026-01-23,"Severance Tax Fund Investment Classes","Severance Tax Fund Investment Classes",2183,"Senate Committees",2026-01-23,"Sent to SCC - Referrals: SCC/STBTC/SFC",https://legiscan.com/NM/bill/SB112/2026,https://www.nmlegis.gov/Legislation/Legislation?chamber=S&legtype=B&legno=112&year=26
2092489,2251,SB113,1,Introduced,2026-01-23,"Agricultural Biomass Tax Credit Amounts","Agricultural Biomass Tax Credit Amounts",2183,"Senate Committees",2026-01-23,"Sent to SCC - Referrals: SCC/STBTC/SFC",https://legiscan.com/NM/bill/SB113/2026,https://www.nmlegis.gov/Legislation/Legislation?chamber=S&legtype=B&legno=113&year=26
2092628,2251,SB114,1,Introduced,2026-01-23,"Investment Ownership Of Residential Property","Investment Ownership Of Residential Property",2183,"Senate Committees",2026-01-23,"Sent to SCC - Referrals: SCC/STBTC/SJC",https://legiscan.com/NM/bill/SB114/2026,https://www.nmlegis.gov/Legislation/Legislation?chamber=S&legtype=B&legno=114&year=26
2092637,2251,SB115,1,Introduced,2026-01-23,"Franchise Termination Changes","Franchise Termination Changes",2183,"Senate Committees",2026-01-23,"Sent to SCC - Referrals: SCC/STBTC/SJC",https://legiscan.com/NM/bill/SB115/2026,https://www.nmlegis.gov/Legislation/Legislation?chamber=S&legtype=B&legno=115&year=26
2092459,2251,SB116,1,Introduced,2026-01-23,"Uniformed Svc. Retirement Pay Tax Exemption","Uniformed Svc. Retirement Pay Tax Exemption",2183,"Senate Committees",2026-01-23,"Sent to SCC - Referrals: SCC/STBTC/SFC",https://legiscan.com/NM/bill/SB116/2026,https://www.nmlegis.gov/Legislation/Legislation?chamber=S&legtype=B&legno=116&year=26
2092433,2251,SB117,1,Introduced,2026-01-23,"Uniformed Svc. Salary Tax Exemption","Uniformed Svc. Salary Tax Exemption",2183,"Senate Committees",2026-01-23,"Sent to SCC - Referrals: SCC/STBTC/SFC",https://legiscan.com/NM/bill/SB117/2026,https://www.nmlegis.gov/Legislation/Legislation?chamber=S&legtype=B&legno=117&year=26
2092529,2251,SB118,1,Introduced,2026-01-23,"Back-to-school Tax Holiday Price Limits","Back-to-school Tax Holiday Price Limits",2183,"Senate Committees",2026-01-23,"Sent to SCC - Referrals: SCC/STBTC/SFC",https://legiscan.com/NM/bill/SB118/2026,https://www.nmlegis.gov/Legislation/Legislation?chamber=S&legtype=B&legno=118&year=26
2092523,2251,SB119,1,Introduced,2026-01-23,"Create Demolition Fund","Create Demolition Fund",2183,"Senate Committees",2026-01-23,"Sent to SCC - Referrals: SCC/SJC/SFC",https://legiscan.com/NM/bill/SB119/2026,https://www.nmlegis.gov/Legislation/Legislation?chamber=S&legtype=B&legno=119&year=26
2092447,2251,SB120,1,Introduced,2026-01-23,"Local Journalist Employment Tax Credit","Local Journalist Employment Tax Credit",2183,"Senate Committees",2026-01-23,"Sent to SCC - Referrals: SCC/STBTC/SFC",https://legiscan.com/NM/bill/SB120/2026,https://www.nmlegis.gov/Legislation/Legislation?chamber=S&legtype=B&legno=120&year=26
2092428,2251,SB121,1,Introduced,2026-01-23,"Increase Tobacco Products Tax","Increase Tobacco Products Tax",2183,"Senate Committees",2026-01-23,"Sent to SCC - Referrals: SCC/STBTC/SFC",https://legiscan.com/NM/bill/SB121/2026,https://www.nmlegis.gov/Legislation/Legislation?chamber=S&legtype=B&legno=121&year=26
2092650,2251,SB122,1,Introduced,2026-01-23,"Private Drinking Water Well Owner Support","Private Drinking Water Well Owner Support",2183,"Senate Committees",2026-01-23,"Sent to SCC - Referrals: SCC/SCONC/SFC",https://legiscan.com/NM/bill/SB122/2026,https://www.nmlegis.gov/Legislation/Legislation?chamber=S&legtype=B&legno=122&year=26
2092568,2251,SB123,1,Introduced,2026-01-23,"Defibrillators In Schools","Defibrillators In Schools",2183,"Senate Committees",2026-01-23,"Sent to SCC - Referrals: SCC/SEC/SFC",https://legiscan.com/NM/bill/SB123/2026,https://www.nmlegis.gov/Legislation/Legislation?chamber=S&legtype=B&legno=123&year=26
2092642,2251,SB124,1,Introduced,2026-01-23,"Higher Ed. Major Projects Fund","Higher Ed. Major Projects Fund",2183,"Senate Committees",2026-01-23,"Sent to SCC - Referrals: SCC/SEC/SFC",https://legiscan.com/NM/bill/SB124/2026,https://www.nmlegis.gov/Legislation/Legislation?chamber=S&legtype=B&legno=124&year=26
2092497,2251,SB125,1,Introduced,2026-01-23,"School Employee Insurance Contributions","School Employee Insurance Contributions",2183,"Senate Committees",2026-01-23,"Sent to SCC - Referrals: SCC/SEC/SFC",https://legiscan.com/NM/bill/SB125/2026,https://www.nmlegis.gov/Legislation/Legislation?chamber=S&legtype=B&legno=125&year=26
2092663,2251,SB126,1,Introduced,2026-01-23,"Guardian Ad Litem Capacity","Guardian Ad Litem Capacity",2183,"Senate Committees",2026-01-23,"Sent to SCC - Referrals: SCC/SHPAC/SJC",https://legiscan.com/NM/bill/SB126/2026,https://www.nmlegis.gov/Legislation/Legislation?chamber=S&legtype=B&legno=126&year=26
2092600,2251,SB127,1,Introduced,2026-01-23,"Homelessness Reduction Division","Homelessness Reduction Division",2183,"Senate Committees",2026-01-23,"Sent to SCC - Referrals: SCC/SRC/SFC",https://legiscan.com/NM/bill/SB127/2026,https://www.nmlegis.gov/Legislation/Legislation?chamber=S&legtype=B&legno=127&year=26
2092609,2251,SB128,1,Introduced,2026-01-23,"Public Land Disclosure & Accountability Act","Public Land Disclosure & Accountability Act",2183,"Senate Committees",2026-01-23,"Sent to SCC - Referrals: SCC/SJC/SFC",https://legiscan.com/NM/bill/SB128/2026,https://www.nmlegis.gov/Legislation/Legislation?chamber=S&legtype=B&legno=128&year=26
2092656,2251,SB129,1,Introduced,2026-01-23,"Adverse Employment Action & Cannabis","Adverse Employment Action & Cannabis",2183,"Senate Committees",2026-01-23,"Sent to SCC - Referrals: SCC/SHPAC/SJC",https://legiscan.com/NM/bill/SB129/2026,https://www.nmlegis.gov/Legislation/Legislation?chamber=S&legtype=B&legno=129&year=26
2092502,2251,SB130,1,Introduced,2026-01-23,"No Cost-sharing Of Certain Drugs","No Cost-sharing Of Certain Drugs",2183,"Senate Committees",2026-01-23,"Sent to SCC - Referrals: SCC/SHPAC/STBTC",https://legiscan.com/NM/bill/SB130/2026,https://www.nmlegis.gov/Legislation/Legislation?chamber=S&legtype=B&legno=130&year=26
2092474,2251,SB131,1,Introduced,2026-01-23,"Residential Apartments In Commercial Zones","Residential Apartments In Commercial Zones",2183,"Senate Committees",2026-01-23,"Sent to SCC - Referrals: SCC/SHPAC/SJC",https://legiscan.com/NM/bill/SB131/2026,https://www.nmlegis.gov/Legislation/Legislation?chamber=S&legtype=B&legno=131&year=26
2092615,2251,SR1,1,Introduced,2026-01-23,"Consumption Of Alcohol","Consumption Of Alcohol",2192,"Senate Rules",2026-01-23,"Sent to SRC - Referrals: SRC/SJC",https://legiscan.com/NM/bill/SR1/2026,https://www.nmlegis.gov/Legislation/Legislation?chamber=S&legtype=R&legno=1&year=26
2091340,2251,SJR1,1,Introduced,2026-01-22,"School Election Timing, Ca","School Election Timing, Ca",2192,"Senate Rules",2026-01-22,"Sent to SRC - Referrals: SRC/SEC",https://legiscan.com/NM/bill/SJR1/2026,https://www.nmlegis.gov/Legislation/Legislation?chamber=S&legtype=JR&legno=1&year=26
2091385,2251,SJR2,1,Introduced,2026-01-22,"Legislative Term Limits & Salaries, Ca","Legislative Term Limits & Salaries, Ca",2192,"Senate Rules",2026-01-22,"Sent to SRC - Referrals: SRC/SFC",https://legiscan.com/NM/bill/SJR2/2026,https://www.nmlegis.gov/Legislation/Legislation?chamber=S&legtype=JR&legno=2&year=26
2091305,2251,SM1,1,Introduced,2026-01-22,"Uniform Redistricting Criteria","Uniform Redistricting Criteria",2192,"Senate Rules",2026-01-22,"Sent to SRC - Referrals: SRC/SJC",https://legiscan.com/NM/bill/SM1/2026,https://www.nmlegis.gov/Legislation/Legislation?chamber=S&legtype=M&legno=1&year=26
2091388,2251,SM2,1,Introduced,2026-01-22,"Pediatric Palliative Care Medicaid Benefit","Pediatric Palliative Care Medicaid Benefit",2192,"Senate Rules",2026-01-22,"Sent to SRC - Referrals: SRC/SHPAC",https://legiscan.com/NM/bill/SM2/2026,https://www.nmlegis.gov/Legislation/Legislation?chamber=S&legtype=M&legno=2&year=26
2092454,2251,SM3,1,Introduced,2026-01-23,"State Agency Insect Workshop","State Agency Insect Workshop",2192,"Senate Rules",2026-01-23,"Sent to SRC - Referrals: SRC/SCONC",https://legiscan.com/NM/bill/SM3/2026,https://www.nmlegis.gov/Legislation/Legislation?chamber=S&legtype=M&legno=3&year=26
2092581,2251,SM4,1,Introduced,2026-01-23,"Promote Nuclear Disarmament","Promote Nuclear Disarmament",2192,"Senate Rules",2026-01-23,"Sent to SRC - Referrals: SRC/SJC",https://legiscan.com/NM/bill/SM4/2026,https://www.nmlegis.gov/Legislation/Legislation?chamber=S&legtype=M&legno=4&year=26
2092516,2251,SM5,1,Introduced,2026-01-23,"""better Hearing & Speech Month""","""better Hearing & Speech Month""",0,,2026-01-23,"Not Printed, Not referred to committee, tabled",https://legiscan.com/NM/bill/SM5/2026,https://www.nmlegis.gov/Legislation/Legislation?chamber=S&legtype=M&legno=5&year=26
2092574,2251,SM6,1,Introduced,2026-01-23,"Name Roswell Bypass For Nancy Lopez","Name Roswell Bypass For Nancy Lopez",2192,"Senate Rules",2026-01-23,"Sent to SRC - Referrals: SRC/STBTC",https://legiscan.com/NM/bill/SM6/2026,https://www.nmlegis.gov/Legislation/Legislation?chamber=S&legtype=M&legno=6&year=26
2091324,2251,SJM1,1,Introduced,2026-01-22,"Uniform Redistricting Criteria","Uniform Redistricting Criteria",2192,"Senate Rules",2026-01-22,"Sent to SRC - Referrals: SRC/SJC",https://legiscan.com/NM/bill/SJM1/2026,https://www.nmlegis.gov/Legislation/Legislation?chamber=S&legtype=JM&legno=1&year=26
