bill_id,date,chamber,sequence,action
2064887,2026-01-20,House,1,"Sent to HPREF - Referrals: HPREF"
2064887,2026-01-20,House,2,"Sent to HRDLC - Referrals: HRDLC/HTRC"
2064966,2026-01-20,House,1,"Sent to HPREF - Referrals: HPREF"
2064966,2026-01-21,House,2,"Sent to HCEDC - Referrals: HCEDC/HTRC"
2064970,2026-01-20,House,1,"Sent to HPREF - Referrals: HPREF"
2064970,2026-01-21,House,2,"Not Printed"
2064970,2026-01-22,House,3,"Withdrawn from committee or daily calendar, ordered printed and referred to"
2064970,2026-01-22,House,4,"Sent to HCPAC - Referrals: HCPAC/HJC"
2064973,2026-01-20,House,1,"Sent to HPREF - Referrals: HPREF"
2064977,2026-01-20,House,1,"Sent to HPREF - Referrals: HPREF"
2064977,2026-01-21,House,2,"Not Printed"
2064982,2026-01-20,House,1,"Sent to HPREF - Referrals: HPREF"
2064986,2026-01-20,House,1,"Sent to HPREF - Referrals: HPREF"
2064986,2026-01-21,House,2,"Sent to HGEIC - Referrals: HGEIC/HAFC"
2064990,2026-01-20,House,1,"Sent to HPREF - Referrals: HPREF"
2064990,2026-01-21,House,2,"Not Printed"
2064994,2026-01-20,House,1,"Sent to HPREF - Referrals: HPREF"
2064994,2026-01-21,House,2,"Not Printed"
2065007,2026-01-20,House,1,"Sent to HPREF - Referrals: HPREF"
2065007,2026-01-21,House,2,"Not Printed"
2065273,2026-01-20,House,1,"Sent to HPREF - Referrals: HPREF"
2065273,2026-01-21,House,2,"Sent to HLVMC - Referrals: HLVMC/HAFC"
2065332,2026-01-20,House,1,"Sent to HPREF - Referrals: HPREF"
2065332,2026-01-21,House,2,"Not Printed"
2065567,2026-01-20,House,1,"Sent to HPREF - Referrals: HPREF"
2065583,2026-01-20,House,1,"Sent to HPREF - Referrals: HPREF"
2065583,2026-01-20,House,2,"Sent to HHHC - Referrals: HHHC/HJC"
2065583,2026-01-21,House,3,"HHHC: Reported by committee with Do Pass recommendation"
2065603,2026-01-20,House,1,"Sent to HPREF - Referrals: HPREF"
2065603,2026-01-20,House,2,"Sent to HHHC - Referrals: HHHC/HJC"
2065603,2026-01-21,House,3,"HHHC: Reported by committee with Do Pass recommendation"
2065622,2026-01-20,House,1,"Sent to HPREF - Referrals: HPREF"
2065622,2026-01-20,House,2,"Sent to HHHC - Referrals: HHHC/HJC"
2065622,2026-01-21,House,3,"HHHC: Reported by committee with Do Pass recommendation"
2065641,2026-01-20,House,1,"Sent to HPREF - Referrals: HPREF"
2065641,2026-01-22,House,2,"Sent to HEC - Referrals: HEC/HJC"
2065659,2026-01-20,House,1,"Sent to HPREF - Referrals: HPREF"
2065659,2026-01-21,House,2,"Not Printed"
2065659,2026-01-22,House,3,"Withdrawn from committee or daily calendar, ordered printed and referred to"
2065659,2026-01-22,House,4,"Sent to HHHC - Referrals: HHHC/HEC"
2066134,2026-01-20,House,1,"Sent to HPREF - Referrals: HPREF"
2066134,2026-01-21,House,2,"Not Printed"
2066134,2026-01-22,House,3,"Withdrawn from committee or daily calendar, ordered printed and referred to"
2066134,2026-01-22,House,4,"Sent to HLVMC - Referrals: HLVMC/HGEIC"
2066164,2026-01-20,House,1,"Sent to HPREF - Referrals: HPREF"
2066164,2026-01-21,House,2,"Sent to HGEIC - Referrals: HGEIC/HAFC"
2066189,2026-01-20,House,1,"Sent to HPREF - Referrals: HPREF"
2066221,2026-01-20,House,1,"Sent to HPREF - Referrals: HPREF"
2066221,2026-01-21,House,2,"Not Printed"
2066248,2026-01-20,House,1,"Sent to HPREF - Referrals: HPREF"
2066248,2026-01-21,House,2,"Sent to HEC - Referrals: HEC/HAFC"
2066280,2026-01-20,House,1,"Sent to HPREF - Referrals: HPREF"
2066280,2026-01-21,House,2,"Not Printed"
2066308,2026-01-20,House,1,"Sent to HPREF - Referrals: HPREF"
2066308,2026-01-21,House,2,"Not Printed"
2066336,2026-01-20,House,1,"Sent to HPREF - Referrals: HPREF"
2066336,2026-01-21,House,2,"Sent to HAAWC - Referrals: HAAWC/HTRC"
2066365,2026-01-20,House,1,"Sent to HPREF - Referrals: HPREF"
2066365,2026-01-21,House,2,"Not Printed"
2068017,2026-01-20,House,1,"Sent to HPREF - Referrals: HPREF"
2068017,2026-01-21,House,2,"Not Printed"
2068018,2026-01-20,House,1,"Sent to HPREF - Referrals: HPREF"
2068018,2026-01-21,House,2,"Sent to HEC - Referrals: HEC/HAFC"
2068019,2026-01-20,House,1,"Sent to HPREF - Referrals: HPREF"
2068019,2026-01-22,House,2,"Sent to HCPAC - Referrals: HCPAC/HJC"
2068020,2026-01-20,House,1,"Sent to HPREF - Referrals: HPREF"
2068020,2026-01-21,House,2,"Sent to HEC - Referrals: HEC/HAFC"
2068022,2026-01-20,House,1,"Sent to HPREF - Referrals: HPREF"
2068022,2026-01-20,House,2,"Sent to HHHC - Referrals: HHHC/HJC"
2068023,2026-01-20,House,1,"Sent to HPREF - Referrals: HPREF"
2068023,2026-01-20,House,2,"Sent to HHHC - Referrals: HHHC/HJC"
2068883,2026-01-20,House,1,"Sent to HPREF - Referrals: HPREF"
2068883,2026-01-20,House,2,"Sent to HHHC - Referrals: HHHC/HJC"
2068883,2026-01-21,House,3,"HHHC: Reported by committee with Do Pass recommendation"
2069937,2026-01-20,House,1,"Sent to HPREF - Referrals: HPREF"
2069937,2026-01-22,House,2,"Not Printed"
2069949,2026-01-20,House,1,"Sent to HPREF - Referrals: HPREF"
2069964,2026-01-20,House,1,"Sent to HPREF - Referrals: HPREF"
2069964,2026-01-22,House,2,"Sent to HCPAC - Referrals: HCPAC/HJC"
2069980,2026-01-20,House,1,"Sent to HPREF - Referrals: HPREF"
2069980,2026-01-22,House,2,"Not Printed"
2069992,2026-01-20,House,1,"Sent to HPREF - Referrals: HPREF"
2069992,2026-01-22,House,2,"Not Printed"
2070006,2026-01-20,House,1,"Sent to HPREF - Referrals: HPREF"
2070006,2026-01-22,House,2,"Sent to HRDLC - Referrals: HRDLC/HAFC"
2070020,2026-01-20,House,1,"Sent to HPREF - Referrals: HPREF"
2070020,2026-01-22,House,2,"Sent to HAAWC - Referrals: HAAWC/HAFC"
2070035,2026-01-20,House,1,"Sent to HPREF - Referrals: HPREF"
2070035,2026-01-22,House,2,"Sent to HENRC - Referrals: HENRC/HTRC"
2070047,2026-01-20,House,1,"Sent to HPREF - Referrals: HPREF"
2070047,2026-01-22,House,2,"Not Printed"
2070061,2026-01-20,House,1,"Sent to HPREF - Referrals: HPREF"
2070061,2026-01-22,House,2,"Sent to HLVMC - Referrals: HLVMC/HAFC"
2070075,2026-01-20,House,1,"Sent to HPREF - Referrals: HPREF"
2070075,2026-01-22,House,2,"Not Printed"
2070088,2026-01-20,House,1,"Sent to HPREF - Referrals: HPREF"
2070088,2026-01-22,House,2,"Sent to HLVMC - Referrals: HLVMC/HTRC"
2070102,2026-01-20,House,1,"Sent to HPREF - Referrals: HPREF"
2070102,2026-01-22,House,2,"Not Printed"
2070118,2026-01-20,House,1,"Sent to HPREF - Referrals: HPREF"
2070118,2026-01-22,House,2,"Not Printed"
2070130,2026-01-20,House,1,"Sent to HPREF - Referrals: HPREF"
2070130,2026-01-22,House,2,"Not Printed"
2070141,2026-01-20,House,1,"Sent to HPREF - Referrals: HPREF"
2070141,2026-01-22,House,2,"Not Printed"
2072569,2026-01-20,House,1,"Sent to HPREF - Referrals: HPREF"
2072569,2026-01-22,House,2,"Not Printed"
2073494,2026-01-20,House,1,"Sent to HPREF - Referrals: HPREF"
2073494,2026-01-22,House,2,"Sent to HGEIC - Referrals: HGEIC/HJC"
2073639,2026-01-20,House,1,"Sent to HPREF - Referrals: HPREF"
2073783,2026-01-20,House,1,"Sent to HPREF - Referrals: HPREF"
2073783,2026-01-22,House,2,"Sent to HHHC - Referrals: HHHC/HAFC"
2073926,2026-01-20,House,1,"Sent to HPREF - Referrals: HPREF"
2073926,2026-01-20,House,2,"Sent to HLVMC - Referrals: HLVMC/HAFC"
2078248,2026-01-20,House,1,"Sent to HPREF - Referrals: HPREF"
2078248,2026-01-22,House,2,"Not Printed"
2078719,2026-01-20,House,1,"Sent to HPREF - Referrals: HPREF"
2078719,2026-01-22,House,2,"Not Printed"
2079196,2026-01-20,House,1,"Sent to HPREF - Referrals: HPREF"
2079196,2026-01-22,House,2,"Not Printed"
2079730,2026-01-20,House,1,"Sent to HPREF - Referrals: HPREF"
2079730,2026-01-22,House,2,"Not Printed"
2079788,2026-01-20,House,1,"Sent to HPREF - Referrals: HPREF"
2079788,2026-01-22,House,2,"Sent to HCEDC - Referrals: HCEDC/HTRC"
2079850,2026-01-20,House,1,"Sent to HPREF - Referrals: HPREF"
2079850,2026-01-22,House,2,"Sent to HCEDC - Referrals: HCEDC/HTRC"
2079911,2026-01-20,House,1,"Sent to HPREF - Referrals: HPREF"
2079911,2026-01-22,House,2,"Not Printed"
2079971,2026-01-20,House,1,"Sent to HPREF - Referrals: HPREF"
2080031,2026-01-20,House,1,"Sent to HPREF - Referrals: HPREF"
2080031,2026-01-22,House,2,"Not Printed"
2080097,2026-01-20,House,1,"Sent to HPREF - Referrals: HPREF"
2080097,2026-01-22,House,2,"Sent to HENRC - Referrals: HENRC/HAFC"
2080156,2026-01-20,House,1,"Sent to HPREF - Referrals: HPREF"
2080156,2026-01-22,House,2,"Sent to HENRC - Referrals: HENRC/HJC"
2080215,2026-01-20,House,1,"Sent to HPREF - Referrals: HPREF"
2080215,2026-01-22,House,2,"Not Printed"
2080278,2026-01-20,House,1,"Sent to HPREF - Referrals: HPREF"
2080278,2026-01-22,House,2,"Sent to HHHC - Referrals: HHHC/HAFC"
2080340,2026-01-20,House,1,"Sent to HPREF - Referrals: HPREF"
2080340,2026-01-22,House,2,"Not Printed"
2080401,2026-01-20,House,1,"Sent to HPREF - Referrals: HPREF"
2080401,2026-01-22,House,2,"Sent to HCPAC - Referrals: HCPAC/HJC"
2082695,2026-01-20,House,1,"Sent to HPREF - Referrals: HPREF"
2082695,2026-01-22,House,2,"Not Printed"
2082805,2026-01-20,House,1,"Sent to HPREF - Referrals: HPREF"
2082805,2026-01-22,House,2,"Sent to HRDLC - Referrals: HRDLC/HAFC"
2082916,2026-01-20,House,1,"Sent to HPREF - Referrals: HPREF"
2082916,2026-01-22,House,2,"Not Printed"
2083029,2026-01-20,House,1,"Sent to HPREF - Referrals: HPREF"
2083029,2026-01-22,House,2,"Sent to HHHC - Referrals: HHHC/HAFC"
2083139,2026-01-20,House,1,"Sent to HPREF - Referrals: HPREF"
2083139,2026-01-22,House,2,"Not Printed"
2083249,2026-01-20,House,1,"Sent to HPREF - Referrals: HPREF"
2083357,2026-01-20,House,1,"Sent to HPREF - Referrals: HPREF"
2083357,2026-01-22,House,2,"Not Printed"
2085082,2026-01-20,House,1,"Sent to HPREF - Referrals: HPREF"
2085082,2026-01-22,House,2,"Sent to HCEDC - Referrals: HCEDC/HTRC"
2085087,2026-01-20,House,1,"Sent to HPREF - Referrals: HPREF"
2085092,2026-01-20,House,1,"Sent to HPREF - Referrals: HPREF"
2085092,2026-01-22,House,2,"Sent to HHHC - Referrals: HHHC/HAFC"
2085098,2026-01-20,House,1,"Sent to HPREF - Referrals: HPREF"
2085098,2026-01-22,House,2,"Not Printed"
2085103,2026-01-20,House,1,"Sent to HPREF - Referrals: HPREF"
2085103,2026-01-22,House,2,"Sent to HHHC - Referrals: HHHC/HJC"
2085110,2026-01-20,House,1,"Sent to HPREF - Referrals: HPREF"
2085110,2026-01-22,House,2,"Sent to HCEDC - Referrals: HCEDC/HAFC"
2085115,2026-01-20,House,1,"Sent to HPREF - Referrals: HPREF"
2085115,2026-01-22,House,2,"Sent to HHHC - Referrals: HHHC/HTRC"
2085121,2026-01-20,House,1,"Sent to HPREF - Referrals: HPREF"
2085121,2026-01-22,House,2,"Not Printed"
2085126,2026-01-20,House,1,"Sent to HPREF - Referrals: HPREF"
2085126,2026-01-22,House,2,"Not Printed"
2085133,2026-01-20,House,1,"Sent to HPREF - Referrals: HPREF"
2085133,2026-01-22,House,2,"Not Printed"
2085139,2026-01-20,House,1,"Sent to HPREF - Referrals: HPREF"
2085139,2026-01-22,House,2,"Not Printed, Not referred to committee, tabled"
2085139,2026-01-22,House,3,"Withdrawn from committee or daily calendar for subsequent action"
2085139,2026-01-22,House,4,"Passed in the House of Representatives - Y:70 N:0"
2085146,2026-01-20,House,1,"Sent to HPREF - Referrals: HPREF"
2085146,2026-01-22,House,2,"Sent to HGEIC - Referrals: HGEIC/HRDLC"
2085152,2026-01-20,House,1,"Sent to HPREF - Referrals: HPREF"
2085152,2026-01-22,House,2,"Not Printed"
2085158,2026-01-20,House,1,"Sent to HPREF - Referrals: HPREF"
2085158,2026-01-22,House,2,"Sent to HHHC - Referrals: HHHC/HAFC"
2085162,2026-01-20,House,1,"Sent to HPREF - Referrals: HPREF"
2085162,2026-01-22,House,2,"Not Printed"
2085169,2026-01-20,House,1,"Sent to HPREF - Referrals: HPREF"
2085169,2026-01-22,House,2,"Sent to HGEIC - Referrals: HGEIC/HTRC"
2085173,2026-01-20,House,1,"Sent to HPREF - Referrals: HPREF"
2085173,2026-01-22,House,2,"Not Printed"
2085178,2026-01-20,House,1,"Sent to HPREF - Referrals: HPREF"
2085178,2026-01-22,House,2,"Not Printed"
2085183,2026-01-20,House,1,"Sent to HPREF - Referrals: HPREF"
2085183,2026-01-22,House,2,"Sent to HGEIC - Referrals: HGEIC/HJC"
2085188,2026-01-20,House,1,"Sent to HPREF - Referrals: HPREF"
2085188,2026-01-22,House,2,"Not Printed"
2085193,2026-01-20,House,1,"Sent to HPREF - Referrals: HPREF"
2085193,2026-01-22,House,2,"Sent to HCEDC - Referrals: HCEDC/HTRC"
2085198,2026-01-20,House,1,"Sent to HPREF - Referrals: HPREF"
2085198,2026-01-22,House,2,"Sent to HGEIC - Referrals: HGEIC/HJC"
2085202,2026-01-20,House,1,"Sent to HPREF - Referrals: HPREF"
2085202,2026-01-22,House,2,"Sent to HAAWC - Referrals: HAAWC/HAFC"
2085208,2026-01-20,House,1,"Sent to HPREF - Referrals: HPREF"
2085208,2026-01-22,House,2,"Sent to HCEDC - Referrals: HCEDC/HTRC"
2085310,2026-01-20,House,1,"Sent to HPREF - Referrals: HPREF"
2085310,2026-01-20,House,2,"Sent to HHHC - Referrals: HHHC/HJC"
2085310,2026-01-21,House,3,"HHHC: Reported by committee with Do Pass recommendation"
2085311,2026-01-20,House,1,"Sent to HPREF - Referrals: HPREF"
2085311,2026-01-20,House,2,"Sent to HHHC - Referrals: HHHC/HJC"
2085311,2026-01-21,House,3,"HHHC: Reported by committee with Do Pass recommendation"
2085312,2026-01-20,House,1,"Sent to HPREF - Referrals: HPREF"
2085312,2026-01-20,House,2,"Sent to HHHC - Referrals: HHHC/HJC"
2085312,2026-01-21,House,3,"HHHC: Reported by committee with Do Pass recommendation"
2085313,2026-01-20,House,1,"Sent to HPREF - Referrals: HPREF"
2085313,2026-01-20,House,2,"Sent to HHHC - Referrals: HHHC/HJC"
2085313,2026-01-21,House,3,"HHHC: Reported by committee with Do Pass recommendation"
2085314,2026-01-20,House,1,"Sent to HPREF - Referrals: HPREF"
2085314,2026-01-20,House,2,"Sent to HHHC - Referrals: HHHC/HJC"
2085314,2026-01-21,House,3,"HHHC: Reported by committee with Do Pass recommendation"
2086178,2026-01-20,House,1,"Sent to HPREF - Referrals: HPREF"
2086178,2026-01-21,House,2,"Sent to HHHC - Referrals: HHHC/HAFC"
2086234,2026-01-20,House,1,"Sent to HPREF - Referrals: HPREF"
2086234,2026-01-22,House,2,"Sent to HGEIC - Referrals: HGEIC/HJC"
2086234,2026-01-22,House,3,"Sent to HENRC - Referrals: HENRC/HJC"
2087455,2026-01-20,Senate,1,"Sent to SCC - Referrals: SCC/STBTC/SFC"
2087455,2026-01-21,Senate,2,"SCC: Reported by committee to fall within the purview of a 30 day session"
2087461,2026-01-20,Senate,1,"Sent to SCC - Referrals: SCC/SHPAC/SFC"
2087469,2026-01-20,Senate,1,"Sent to SCC - Referrals: SCC/SHPAC/SFC"
2087469,2026-01-21,Senate,2,"SCC: Reported by committee to fall within the purview of a 30 day session"
2087475,2026-01-20,Senate,1,"Sent to SCC - Referrals: SCC/SHPAC/SFC"
2087475,2026-01-21,Senate,2,"SCC: Reported by committee to fall within the purview of a 30 day session"
2087483,2026-01-20,House,1,"Sent to HAFC - Referrals: HAFC"
2087483,2026-01-21,House,2,"HAFC: Reported by committee with Do Pass recommendation"
2087483,2026-01-22,House,3,"Passed in the House of Representatives - Y:54 N:2"
2087483,2026-01-22,Senate,4,"Sent to SFC - Referrals: SFC"
2087483,2026-01-23,Senate,5,"SFC: Reported by committee with Do Pass recommendation"
2087483,2026-01-23,Senate,6,"Passed in the Senate - Y:39 N:0"
2087489,2026-01-20,Senate,1,"Sent to SCC - Referrals: SCC/SJC"
2087489,2026-01-20,Senate,2,"SCC: Reported by committee to fall within the purview of a 30 day session"
2087489,2026-01-22,Senate,3,"SJC: Reported by committee with Do Pass recommendation"
2087489,2026-01-23,Senate,4,"Passed in the Senate - Y:40 N:0"
2087498,2026-01-20,Senate,1,"Sent to SCC - Referrals: SCC/SHPAC/SFC"
2087498,2026-01-21,Senate,2,"SCC: Reported by committee to fall within the purview of a 30 day session"
2087504,2026-01-20,Senate,1,"Sent to SCC - Referrals: SCC/SHPAC/SFC"
2087504,2026-01-21,Senate,2,"SCC: Reported by committee to fall within the purview of a 30 day session"
2087512,2026-01-20,Senate,1,"Sent to SCC - Referrals: SCC/STBTC/SFC"
2087512,2026-01-21,Senate,2,"SCC: Reported by committee to fall within the purview of a 30 day session"
2087519,2026-01-20,Senate,1,"Sent to SCC - Referrals: SCC/SHPAC/SFC"
2087519,2026-01-21,Senate,2,"SCC: Reported by committee to fall within the purview of a 30 day session"
2087526,2026-01-20,Senate,1,"Sent to SCC - Referrals: SCC/SJC"
2087526,2026-01-20,Senate,2,"SCC: Reported by committee to fall within the purview of a 30 day session"
2087526,2026-01-22,Senate,3,"SJC: Reported by committee with Do Pass recommendation with amendment(s)"
2087526,2026-01-23,Senate,4,"Passed in the Senate - Y:37 N:3"
2087534,2026-01-20,Senate,1,"Sent to SCC - Referrals: SCC/SHPAC/SFC"
2087534,2026-01-21,Senate,2,"SCC: Reported by committee to fall within the purview of a 30 day session"
2087541,2026-01-20,House,1,"Sent to HAFC - Referrals: HAFC"
2087548,2026-01-20,Senate,1,"Sent to SCC - Referrals: SCC/SHPAC/SJC"
2087555,2026-01-20,Senate,1,"Sent to SCC - Referrals: SCC/SHPAC/SFC"
2087562,2026-01-20,Senate,1,"Sent to SCC - Referrals: SCC/SHPAC/STBTC"
2087571,2026-01-20,House,1,"Sent to HCPAC - Referrals: HCPAC/HJC"
2087577,2026-01-20,Senate,1,"Sent to SCC - Referrals: SCC/SFC"
2087577,2026-01-20,Senate,2,"SCC: Reported by committee to fall within the purview of a 30 day session"
2087577,2026-01-22,Senate,3,"SFC: Reported by committee with Do Pass recommendation with amendment(s)"
2087577,2026-01-23,Senate,4,"Passed in the Senate - Y:31 N:9"
2087585,2026-01-20,House,1,"Sent to HTBL - Referrals: HTBL"
2087585,2026-01-21,House,2,"Withdrawn from committee or daily calendar for subsequent action"
2087585,2026-01-21,House,3,"Passed in the House of Representatives - Y:70 N:0"
2087591,2026-01-20,House,1,"Sent to HTPWC - Referrals: HTPWC/HAFC"
2087599,2026-01-20,Senate,1,"Sent to SCC - Referrals: SCC/SHPAC/SFC"
2088954,2026-01-21,Senate,1,"Sent to SCC - Referrals: SCC/STBTC/SFC"
2088954,2026-01-22,Senate,2,"SCC: Reported by committee to fall within the purview of a 30 day session"
2088969,2026-01-21,Senate,1,"Sent to SCC - Referrals: SCC/SCONC/STBTC"
2088983,2026-01-21,Senate,1,"Sent to SCC - Referrals: SCC/SCONC/SFC"
2088983,2026-01-22,Senate,2,"SCC: Reported by committee to fall within the purview of a 30 day session"
2089000,2026-01-21,Senate,1,"Sent to SCC - Referrals: SCC/SEC/SFC"
2089000,2026-01-22,Senate,2,"SCC: Reported by committee to fall within the purview of a 30 day session"
2089000,2026-01-23,Senate,3,"SEC: Reported by committee with Do Pass recommendation"
2089015,2026-01-21,Senate,1,"Sent to SCC - Referrals: SCC/SEC/SHPAC"
2089034,2026-01-21,Senate,1,"Sent to SCC - Referrals: SCC/SHPAC/SJC"
2089050,2026-01-21,Senate,1,"Sent to SCC - Referrals: SCC/SEC/SJC"
2089069,2026-01-21,Senate,1,"Sent to SCC - Referrals: SCC/SHPAC/SJC"
2089085,2026-01-21,Senate,1,"Sent to SCC - Referrals: SCC/SCONC/SFC"
2089103,2026-01-21,Senate,1,"Sent to SCC - Referrals: SCC/SHPAC/SJC"
2089125,2026-01-21,Senate,1,"Sent to SCC - Referrals: SCC/SJC/SFC"
2089143,2026-01-21,Senate,1,"Sent to SCC - Referrals: SCC/SHPAC/SJC"
2089143,2026-01-22,Senate,2,"SCC: Reported by committee to fall within the purview of a 30 day session"
2089157,2026-01-21,Senate,1,"Sent to SCC - Referrals: SCC/SRC/SFC"
2089176,2026-01-21,Senate,1,"Sent to SCC - Referrals: SCC/STBTC/SFC"
2089176,2026-01-22,Senate,2,"SCC: Reported by committee to fall within the purview of a 30 day session"
2089195,2026-01-21,Senate,1,"Sent to SCC - Referrals: SCC/SHPAC/SEC"
2089195,2026-01-22,Senate,2,"SCC: Reported by committee to fall within the purview of a 30 day session"
2089213,2026-01-21,Senate,1,"Sent to SCC - Referrals: SCC/SJC/SFC"
2089230,2026-01-21,Senate,1,"Sent to SCC - Referrals: SCC/SIRC/SFC"
2089248,2026-01-21,Senate,1,"Sent to SCC - Referrals: SCC/SCONC/STBTC"
2089248,2026-01-22,Senate,2,"SCC: Reported by committee to fall within the purview of a 30 day session"
2089266,2026-01-21,Senate,1,"Sent to SCC - Referrals: SCC/STBTC/SFC"
2089266,2026-01-22,Senate,2,"SCC: Reported by committee to fall within the purview of a 30 day session"
2089286,2026-01-21,Senate,1,"Sent to SCC - Referrals: SCC/SEC/SFC"
2089286,2026-01-22,Senate,2,"SCC: Reported by committee to fall within the purview of a 30 day session"
2089302,2026-01-21,Senate,1,"Sent to SCC - Referrals: SCC/STBTC/SFC"
2089302,2026-01-22,Senate,2,"SCC: Reported by committee to fall within the purview of a 30 day session"
2089324,2026-01-21,Senate,1,"Sent to SCC - Referrals: SCC/SEC/SJC"
2089340,2026-01-21,Senate,1,"Sent to SCC - Referrals: SCC/SEC/SFC"
2089340,2026-01-22,Senate,2,"SCC: Reported by committee to fall within the purview of a 30 day session"
2089356,2026-01-21,House,1,"Not Printed"
2089371,2026-01-21,Senate,1,"Sent to SCC - Referrals: SCC/STBTC/SJC"
2089390,2026-01-21,Senate,1,"Sent to SCC - Referrals: SCC/SHPAC/SJC"
2089409,2026-01-21,Senate,1,"Sent to SCC - Referrals: SCC/SEC/SFC"
2089427,2026-01-21,Senate,1,"Sent to SCC - Referrals: SCC/SHPAC/SJC"
2089441,2026-01-21,Senate,1,"Sent to SCC - Referrals: SCC/SJC/SFC"
2089461,2026-01-21,Senate,1,"Sent to SCC - Referrals: SCC/SHPAC/SFC"
2089478,2026-01-21,Senate,1,"Sent to SCC - Referrals: SCC/STBTC/SFC"
2089478,2026-01-22,Senate,2,"SCC: Reported by committee to fall within the purview of a 30 day session"
2089494,2026-01-21,Senate,1,"Sent to SCC - Referrals: SCC/SHPAC/SJC"
2089509,2026-01-21,Senate,1,"Sent to SCC - Referrals: SCC/SHPAC/SJC"
2089509,2026-01-23,Senate,2,"SCC: Reported by committee to fall within the purview of a 30 day session"
2091203,2026-01-22,House,1,"Sent to HGEIC - Referrals: HGEIC/HAFC"
2091205,2026-01-22,House,1,"Sent to HHHC - Referrals: HHHC/HAFC"
2091207,2026-01-22,Senate,1,"Sent to SCC - Referrals: SCC/STBTC/SFC"
2091209,2026-01-22,Senate,1,"Sent to SCC - Referrals: SCC/STBTC/SFC"
2091209,2026-01-23,Senate,2,"SCC: Reported by committee to fall within the purview of a 30 day session"
2091211,2026-01-22,Senate,1,"Sent to SCC - Referrals: SCC/SEC/SFC"
2091211,2026-01-23,Senate,2,"SCC: Reported by committee to fall within the purview of a 30 day session"
2091213,2026-01-22,House,1,"Sent to HENRC - Referrals: HENRC/HTRC"
2091215,2026-01-22,Senate,1,"Sent to SCC - Referrals: SCC/SRC/SJC"
2091218,2026-01-22,House,1,"Sent to HHHC - Referrals: HHHC/HTRC"
2091220,2026-01-22,Senate,1,"Sent to SCC - Referrals: SCC/SHPAC/SJC"
2091222,2026-01-22,Senate,1,"Sent to SCC - Referrals: SCC/STBTC/SFC"
2091224,2026-01-22,House,1,"Not Printed"
2091226,2026-01-22,Senate,1,"Sent to SCC - Referrals: SCC/SEC/STBTC"
2091228,2026-01-22,House,1,"Sent to HGEIC - Referrals: HGEIC/HJC"
2091231,2026-01-22,Senate,1,"Sent to SCC - Referrals: SCC/STBTC/SFC"
2091231,2026-01-23,Senate,2,"SCC: Reported by committee to fall within the purview of a 30 day session"
2091233,2026-01-22,Senate,1,"Sent to SCC - Referrals: SCC/SEC/SJC"
2091235,2026-01-22,House,1,"Not Printed"
2091237,2026-01-22,Senate,1,"Sent to SCC - Referrals: SCC/SCONC/SFC"
2091239,2026-01-22,House,1,"Not Printed"
2091241,2026-01-22,House,1,"Not Printed"
2091243,2026-01-22,House,1,"Not Printed"
2091246,2026-01-22,House,1,"Sent to HAFC - Referrals: HAFC"
2091248,2026-01-22,House,1,"Sent to HAAWC - Referrals: HAAWC/HJC"
2091250,2026-01-22,House,1,"Not Printed"
2091252,2026-01-22,Senate,1,"Sent to SCC - Referrals: SCC/STBTC/SFC"
2091252,2026-01-23,Senate,2,"SCC: Reported by committee to fall within the purview of a 30 day session"
2091254,2026-01-22,Senate,1,"Sent to SCC - Referrals: SCC/STBTC/SFC"
2091254,2026-01-23,Senate,2,"SCC: Reported by committee to fall within the purview of a 30 day session"
2091256,2026-01-22,Senate,1,"Sent to SCC - Referrals: SCC/SIRC/SFC"
2091256,2026-01-23,Senate,2,"SCC: Reported by committee to fall within the purview of a 30 day session"
2091258,2026-01-22,Senate,1,"Sent to SCC - Referrals: SCC/SHPAC/SJC"
2091261,2026-01-22,Senate,1,"Sent to SCC - Referrals: SCC/STBTC/SFC"
2091261,2026-01-23,Senate,2,"SCC: Reported by committee to fall within the purview of a 30 day session"
2091263,2026-01-22,House,1,"Not Printed"
2091264,2026-01-22,House,1,"Not Printed"
2091266,2026-01-22,House,1,"Sent to HGEIC - Referrals: HGEIC/HJC"
2091268,2026-01-22,House,1,"Not Printed"
2091270,2026-01-22,Senate,1,"Sent to SCC - Referrals: SCC/SCONC/SFC"
2091270,2026-01-23,Senate,2,"SCC: Reported by committee to fall within the purview of a 30 day session"
2091272,2026-01-22,Senate,1,"Sent to SCC - Referrals: SCC/SHPAC/SJC"
2091275,2026-01-22,House,1,"Not Printed"
2091277,2026-01-22,Senate,1,"Sent to SCC - Referrals: SCC/SJC/SFC"
2091277,2026-01-23,Senate,2,"SCC: Reported by committee to fall within the purview of a 30 day session"
2091279,2026-01-22,House,1,"Not Printed"
2091281,2026-01-22,House,1,"Not Printed"
2091283,2026-01-22,House,1,"Not Printed"
2091285,2026-01-22,Senate,1,"Sent to SCC - Referrals: SCC/SCONC/SFC"
2091285,2026-01-23,Senate,2,"SCC: Reported by committee to fall within the purview of a 30 day session"
2091287,2026-01-22,Senate,1,"Sent to SCC - Referrals: SCC/SEC/SFC"
2091287,2026-01-23,Senate,2,"SCC: Reported by committee to fall within the purview of a 30 day session"
2091290,2026-01-22,Senate,1,"Sent to SCC - Referrals: SCC/SIRC/SCONC"
2091292,2026-01-22,Senate,1,"Sent to SCC - Referrals: SCC/STBTC/SFC"
2091294,2026-01-22,House,1,"Not Printed"
2091296,2026-01-22,House,1,"Not Printed"
2091298,2026-01-22,Senate,1,"Sent to SCC - Referrals: SCC/STBTC/SFC"
2091300,2026-01-22,Senate,1,"Sent to SCC - Referrals: SCC/SHPAC/SFC"
2091302,2026-01-22,House,1,"Not Printed"
2091305,2026-01-22,Senate,1,"Sent to SRC - Referrals: SRC/SJC"
2091307,2026-01-22,House,1,"Not Printed"
2091309,2026-01-22,House,1,"Not Printed"
2091311,2026-01-22,Senate,1,"Sent to SCC - Referrals: SCC/SHPAC/STBTC"
2091313,2026-01-22,Senate,1,"Sent to SCC - Referrals: SCC/SJC/SFC"
2091315,2026-01-22,Senate,1,"Sent to SCC - Referrals: SCC/SHPAC/SFC"
2091315,2026-01-23,Senate,2,"SCC: Reported by committee to fall within the purview of a 30 day session"
2091318,2026-01-22,House,1,"Not Printed"
2091320,2026-01-22,Senate,1,"Sent to SCC - Referrals: SCC/SIRC/SFC"
2091320,2026-01-23,Senate,2,"SCC: Reported by committee to fall within the purview of a 30 day session"
2091322,2026-01-22,Senate,1,"Sent to SCC - Referrals: SCC/SHPAC/SJC"
2091322,2026-01-23,Senate,2,"SCC: Reported by committee to fall within the purview of a 30 day session"
2091324,2026-01-22,Senate,1,"Sent to SRC - Referrals: SRC/SJC"
2091326,2026-01-22,House,1,"Sent to HCEDC - Referrals: HCEDC/HTRC"
2091327,2026-01-22,House,1,"Sent to HEC - Referrals: HEC/HAFC"
2091329,2026-01-22,House,1,"Not Printed"
2091331,2026-01-22,Senate,1,"Sent to SCC - Referrals: SCC/SHPAC/SJC"
2091334,2026-01-22,Senate,1,"Sent to SCC - Referrals: SCC/SIRC/SFC"
2091334,2026-01-23,Senate,2,"SCC: Reported by committee to fall within the purview of a 30 day session"
2091336,2026-01-22,House,1,"Not Printed"
2091338,2026-01-22,House,1,"Not Printed"
2091340,2026-01-22,Senate,1,"Sent to SRC - Referrals: SRC/SEC"
2091342,2026-01-22,Senate,1,"Sent to SCC - Referrals: SCC/SHPAC/SJC"
2091344,2026-01-22,House,1,"Sent to HHHC - Referrals: HHHC/HAFC"
2091347,2026-01-22,Senate,1,"Sent to SCC - Referrals: SCC/SCONC/STBTC"
2091349,2026-01-22,Senate,1,"Sent to SCC - Referrals: SCC/SHPAC/SJC"
2091351,2026-01-22,House,1,"Sent to HGEIC - Referrals: HGEIC/HJC"
2091353,2026-01-22,Senate,1,"Sent to SCC - Referrals: SCC/SHPAC/SFC"
2091355,2026-01-22,House,1,"Not Printed"
2091357,2026-01-22,Senate,1,"Sent to SCC - Referrals: SCC/SHPAC/SFC"
2091359,2026-01-22,Senate,1,"Sent to SCC - Referrals: SCC/SCONC/STBTC"
2091359,2026-01-23,Senate,2,"SCC: Reported by committee to fall within the purview of a 30 day session"
2091362,2026-01-22,Senate,1,"Sent to SCC - Referrals: SCC/SEC/SFC"
2091364,2026-01-22,Senate,1,"Sent to SCC - Referrals: SCC/SHPAC/SFC"
2091366,2026-01-22,House,1,"Not Printed"
2091368,2026-01-22,Senate,1,"Sent to SCC - Referrals: SCC/SHPAC/SJC"
2091370,2026-01-22,House,1,"Sent to HHHC - Referrals: HHHC/HAFC"
2091372,2026-01-22,House,1,"Not Printed"
2091374,2026-01-22,Senate,1,"Sent to SCC - Referrals: SCC/SHPAC/SJC"
2091377,2026-01-22,House,1,"Not Printed"
2091379,2026-01-22,Senate,1,"Sent to SCC - Referrals: SCC/STBTC/SFC"
2091379,2026-01-23,Senate,2,"SCC: Reported by committee to fall within the purview of a 30 day session"
2091381,2026-01-22,House,1,"Not Printed"
2091383,2026-01-22,House,1,"Sent to HGEIC - Referrals: HGEIC/HAFC"
2091385,2026-01-22,Senate,1,"Sent to SRC - Referrals: SRC/SFC"
2091387,2026-01-22,House,1,"Sent to HCEDC - Referrals: HCEDC/HGEIC"
2091388,2026-01-22,Senate,1,"Sent to SRC - Referrals: SRC/SHPAC"
2092428,2026-01-23,Senate,1,"Sent to SCC - Referrals: SCC/STBTC/SFC"
2092433,2026-01-23,Senate,1,"Sent to SCC - Referrals: SCC/STBTC/SFC"
2092441,2026-01-23,Senate,1,"Sent to SCC - Referrals: SCC/SJC/SFC"
2092447,2026-01-23,Senate,1,"Sent to SCC - Referrals: SCC/STBTC/SFC"
2092454,2026-01-23,Senate,1,"Sent to SRC - Referrals: SRC/SCONC"
2092459,2026-01-23,Senate,1,"Sent to SCC - Referrals: SCC/STBTC/SFC"
2092469,2026-01-23,Senate,1,"Sent to SCC - Referrals: SCC/SEC/SFC"
2092474,2026-01-23,Senate,1,"Sent to SCC - Referrals: SCC/SHPAC/SJC"
2092482,2026-01-23,Senate,1,"Sent to SCC - Referrals: SCC/SEC/SFC"
2092489,2026-01-23,Senate,1,"Sent to SCC - Referrals: SCC/STBTC/SFC"
2092497,2026-01-23,Senate,1,"Sent to SCC - Referrals: SCC/SEC/SFC"
2092502,2026-01-23,Senate,1,"Sent to SCC - Referrals: SCC/SHPAC/STBTC"
2092509,2026-01-23,Senate,1,"Sent to SCC - Referrals: SCC/SCONC/SFC"
2092516,2026-01-23,Senate,1,"Not Printed, Not referred to committee, tabled"
2092523,2026-01-23,Senate,1,"Sent to SCC - Referrals: SCC/SJC/SFC"
2092529,2026-01-23,Senate,1,"Sent to SCC - Referrals: SCC/STBTC/SFC"
2092536,2026-01-23,Senate,1,"Sent to SCC - Referrals: SCC/SEC/SHPAC"
2092542,2026-01-23,Senate,1,"Sent to SCC - Referrals: SCC/SHPAC/STBTC"
2092555,2026-01-23,Senate,1,"Sent to SCC - Referrals: SCC/SHPAC/SFC"
2092562,2026-01-23,Senate,1,"Sent to SCC - Referrals: SCC/SRC/SJC"
2092568,2026-01-23,Senate,1,"Sent to SCC - Referrals: SCC/SEC/SFC"
2092574,2026-01-23,Senate,1,"Sent to SRC - Referrals: SRC/STBTC"
2092581,2026-01-23,Senate,1,"Sent to SRC - Referrals: SRC/SJC"
2092588,2026-01-23,Senate,1,"Sent to SCC - Referrals: SCC/SJC/SFC"
2092595,2026-01-23,Senate,1,"Sent to SCC - Referrals: SCC/STBTC/SFC"
2092600,2026-01-23,Senate,1,"Sent to SCC - Referrals: SCC/SRC/SFC"
2092609,2026-01-23,Senate,1,"Sent to SCC - Referrals: SCC/SJC/SFC"
2092615,2026-01-23,Senate,1,"Sent to SRC - Referrals: SRC/SJC"
2092622,2026-01-23,Senate,1,"Sent to SCC - Referrals: SCC/SCONC/STBTC"
2092628,2026-01-23,Senate,1,"Sent to SCC - Referrals: SCC/STBTC/SJC"
2092637,2026-01-23,Senate,1,"Sent to SCC - Referrals: SCC/STBTC/SJC"
2092642,2026-01-23,Senate,1,"Sent to SCC - Referrals: SCC/SEC/SFC"
2092650,2026-01-23,Senate,1,"Sent to SCC - Referrals: SCC/SCONC/SFC"
2092656,2026-01-23,Senate,1,"Sent to SCC - Referrals: SCC/SHPAC/SJC"
2092663,2026-01-23,Senate,1,"Sent to SCC - Referrals: SCC/SHPAC/SJC"
2092668,2026-01-23,Senate,1,"Sent to SCC - Referrals: SCC/SEC"
2092673,2026-01-23,Senate,1,"Sent to SCC - Referrals: SCC/SCONC/SFC"
