bill_id,roll_call_id,date,chamber,description,yea,nay,nv,absent,total
2085139,1616531,2026-01-22,House,"House Final Passage",70,0,0,0,70
2087483,1616618,2026-01-22,House,"House Final Passage",53,1,0,16,70
2087483,1616787,2026-01-23,Senate,"Senate Final Passage",39,0,0,3,42
2087489,1616774,2026-01-23,Senate,"Senate Final Passage",40,0,0,2,42
2087526,1616768,2026-01-23,Senate,"Senate Final Passage",37,3,0,2,42
2087577,1616794,2026-01-23,Senate,"Senate Final Passage",31,9,0,2,42
2087585,1616619,2026-01-21,House,"House Final Passage",70,0,0,0,70
