bill_id,date,chamber,sequence,action
2044894,2025-09-23,Senate,1,"First read in Senate and referred to Joint Select Committee on Prison Legislation S.J. 12"
2044894,2025-09-23,Joint,2,"Select Committee on Prison Legislation Do Pass, Passed, YEAS 13, NAYS 2. J.J. 2"
2044894,2025-09-23,Senate,3,"Senate Do Pass, Passed, YEAS 24, NAYS 11. S.J. 13"
2044894,2025-09-23,House,4,"First Reading House H.J. 11"
2044894,2025-09-23,House,5,"House of Representatives Do Pass, Passed, YEAS 51, NAYS 18. H.J. 11"
2044894,2025-09-23,Senate,6,"Signed by the President S.J. 14"
2044894,2025-09-23,House,7,"Signed by the Speaker H.J. 12"
2044894,2025-09-23,Senate,8,"Delivered to the Governor on September 23, 2025 S.J. 14"
2044894,2025-09-23,Senate,9,"Signed by the Governor on September 23, 2025"
2044895,2025-09-23,Senate,1,"First read in Senate and referred to Joint Select Committee on Prison Legislation S.J. 12"
2044895,2025-09-23,Joint,2,"Select Committee on Prison Legislation Deferred Indefinitely, Passed, YEAS 11, NAYS 4. J.J. 2"
