bill_id,session_id,bill_number,status,status_desc,status_date,title,description,committee_id,committee,last_action_date,last_action,url,state_link
2036234,2216,HB1,1,Introduced,2025-06-09,"Establishes building permit issuance deadlines","Establishes building permit issuance deadlines",3196,"House Emerging Issues",2025-06-11,"Referred: Emerging Issues(H)",https://legiscan.com/MO/bill/HB1/2025/X1,https://house.mo.gov/Bill.aspx?bill=HB1&year=2025&code=S1
2036253,2216,HB2,1,Introduced,2025-06-09,"Establishes an income tax credit based on the number and ages of a taxpayer's dependent children","Establishes an income tax credit based on the number and ages of a taxpayer's dependent children",3196,"House Emerging Issues",2025-06-11,"Referred: Emerging Issues(H)",https://legiscan.com/MO/bill/HB2/2025/X1,https://house.mo.gov/Bill.aspx?bill=HB2&year=2025&code=S1
2036287,2216,HB3,1,Introduced,2025-06-09,"Delays utility rate increases authorized by the general assembly for certain areas","Delays utility rate increases authorized by the general assembly for certain areas",3196,"House Emerging Issues",2025-06-11,"Referred: Emerging Issues(H)",https://legiscan.com/MO/bill/HB3/2025/X1,https://house.mo.gov/Bill.aspx?bill=HB3&year=2025&code=S1
2036501,2216,HB4,1,Introduced,2025-06-10,"Modifies provisions relating to the assessed valuation of residential real property","Modifies provisions relating to the assessed valuation of residential real property",3196,"House Emerging Issues",2025-06-11,"Referred: Emerging Issues(H)",https://legiscan.com/MO/bill/HB4/2025/X1,https://house.mo.gov/Bill.aspx?bill=HB4&year=2025&code=S1
2036544,2216,HB5,1,Introduced,2025-06-10,"Establishes the ""Fair Tax Act of 2025"" which replaces the state individual and corporate income tax and the estate tax with a fair tax based on all new retail sales and services","Establishes the ""Fair Tax Act of 2025"" which replaces the state individual and corporate income tax and the estate tax with a fair tax based on all new retail sales and services",3196,"House Emerging Issues",2025-06-11,"Referred: Emerging Issues(H)",https://legiscan.com/MO/bill/HB5/2025/X1,https://house.mo.gov/Bill.aspx?bill=HB5&year=2025&code=S1
2036593,2216,HB6,1,Introduced,2025-06-10,"Designates the Kansas City Royals as the official professional baseball team of the state of Missouri","Designates the Kansas City Royals as the official professional baseball team of the state of Missouri",3196,"House Emerging Issues",2025-06-11,"Referred: Emerging Issues(H)",https://legiscan.com/MO/bill/HB6/2025/X1,https://house.mo.gov/Bill.aspx?bill=HB6&year=2025&code=S1
2036812,2216,HB7,1,Introduced,2025-06-11,"Requires any state economic incentive received by the Kansas City Royals Major League Baseball Franchise for the construction of a new stadium or athletic complex to be used solely for such construction in either downtown Kansas City or Barry County","Requires any state economic incentive received by the Kansas City Royals Major League Baseball Franchise for the construction of a new stadium or athletic complex to be used solely for such construction in either downtown Kansas City or Barry County",0,,2025-06-11,"Introduced and Read First Time (H)",https://legiscan.com/MO/bill/HB7/2025/X1,https://house.mo.gov/Bill.aspx?bill=HB7&year=2025&code=S1
2036790,2216,HB8,1,Introduced,2025-06-11,"Designates football and baseball as the official professional sports of the state of Missouri and soccer as the official sport for children two to six years old","Designates football and baseball as the official professional sports of the state of Missouri and soccer as the official sport for children two to six years old",0,,2025-06-11,"Introduced and Read First Time (H)",https://legiscan.com/MO/bill/HB8/2025/X1,https://house.mo.gov/Bill.aspx?bill=HB8&year=2025&code=S1
2036771,2216,HR1,4,Passed,2025-06-11,"Informs the Governor and the Senate that the House is convened for the 2025 First Extraordinary Session","Informs the Governor and the Senate that the House is convened for the 2025 First Extraordinary Session",0,,2025-06-11,"House Message (H)",https://legiscan.com/MO/bill/HR1/2025/X1,https://house.mo.gov/Bill.aspx?bill=HR1&year=2025&code=S1
2036834,2216,HCR1,1,Introduced,2025-06-11,"Designates the last week in April each year as ""Infertility Awareness Week""","Designates the last week in April each year as ""Infertility Awareness Week""",0,,2025-06-11,"Introduced and Read First Time (H)",https://legiscan.com/MO/bill/HCR1/2025/X1,https://house.mo.gov/Bill.aspx?bill=HCR1&year=2025&code=S1
2036271,2216,HJR1,1,Introduced,2025-06-09,"Modifies provisions relating to constitutional amendments","Modifies provisions relating to constitutional amendments",3196,"House Emerging Issues",2025-06-11,"Referred: Emerging Issues(H)",https://legiscan.com/MO/bill/HJR1/2025/X1,https://house.mo.gov/Bill.aspx?bill=HJR1&year=2025&code=S1
2035181,2216,SB1,4,Passed,2025-06-14,"To appropriate money to the Department of Economic Development for the Missouri Housing Development Commission","To appropriate money to the Department of Economic Development for the Missouri Housing Development Commission",0,,2025-06-14,"Signed by Governor",https://legiscan.com/MO/bill/SB1/2025/X1,https://www.senate.mo.gov/25info/BTS_Web/Bill.aspx?SessionType=E1&BillID=18267452
2035109,2216,SB2,1,Introduced,2025-06-02,"To appropriate money for the several departments and offices of state government, and the several divisons and programs thereof, for planning and capital improvements","To appropriate money for the several departments and offices of state government, and the several divisons and programs thereof, for planning and capital improvements",0,,2025-06-03,"Voted Do Pass S Appropriations Committee",https://legiscan.com/MO/bill/SB2/2025/X1,https://www.senate.mo.gov/25info/BTS_Web/Bill.aspx?SessionType=E1&BillID=18267446
2035087,2216,SB3,3,Enrolled,2025-06-11,"Modifies provisions relating to taxation","Modifies provisions relating to taxation",0,,2025-06-11,"Delivered to Governor",https://legiscan.com/MO/bill/SB3/2025/X1,https://www.senate.mo.gov/25info/BTS_Web/Bill.aspx?SessionType=E1&BillID=18267440
2035160,2216,SB4,4,Passed,2025-06-14,"Authorizes the expedited disbursement of funds from the Missouri Housing Trust Fund for emergency aid","Authorizes the expedited disbursement of funds from the Missouri Housing Trust Fund for emergency aid",0,,2025-06-14,"Signed by Governor",https://legiscan.com/MO/bill/SB4/2025/X1,https://www.senate.mo.gov/25info/BTS_Web/Bill.aspx?SessionType=E1&BillID=18267450
2035164,2216,SB5,1,Introduced,2025-06-02,"Modifies provisions regarding income taxes, including the imposition of a 4% flat income tax","Modifies provisions regarding income taxes, including the imposition of a 4% flat income tax",0,,2025-06-02,"S First Read",https://legiscan.com/MO/bill/SB5/2025/X1,https://www.senate.mo.gov/25info/BTS_Web/Bill.aspx?SessionType=E1&BillID=18267453
2035123,2216,SB6,1,Introduced,2025-06-02,"Reduces the personal property assessment percentage","Reduces the personal property assessment percentage",0,,2025-06-02,"S First Read",https://legiscan.com/MO/bill/SB6/2025/X1,https://www.senate.mo.gov/25info/BTS_Web/Bill.aspx?SessionType=E1&BillID=18267454
2035119,2216,SB7,1,Introduced,2025-06-02,"Repeals provisions specifying local ordinances may require certain insurance proceeds be held or used as security for the vacation, demolition, or repair of nuisance properties","Repeals provisions specifying local ordinances may require certain insurance proceeds be held or used as security for the vacation, demolition, or repair of nuisance properties",0,,2025-06-02,"S First Read",https://legiscan.com/MO/bill/SB7/2025/X1,https://www.senate.mo.gov/25info/BTS_Web/Bill.aspx?SessionType=E1&BillID=18267441
2035095,2216,SB8,1,Introduced,2025-06-02,"Authorizes a state sales tax exemption for food","Authorizes a state sales tax exemption for food",0,,2025-06-02,"S First Read",https://legiscan.com/MO/bill/SB8/2025/X1,https://www.senate.mo.gov/25info/BTS_Web/Bill.aspx?SessionType=E1&BillID=18267443
2035057,2216,SB9,1,Introduced,2025-06-02,"Modifies provisions relating to property taxes","Modifies provisions relating to property taxes",0,,2025-06-02,"S First Read",https://legiscan.com/MO/bill/SB9/2025/X1,https://www.senate.mo.gov/25info/BTS_Web/Bill.aspx?SessionType=E1&BillID=18267444
2035079,2216,SB10,1,Introduced,2025-06-02,"Establishes provisions relating to stadium financing, including the No Taxation, All Donation Act and the No Dog in the Fight Act","Establishes provisions relating to stadium financing, including the No Taxation, All Donation Act and the No Dog in the Fight Act",0,,2025-06-02,"S First Read",https://legiscan.com/MO/bill/SB10/2025/X1,https://www.senate.mo.gov/25info/BTS_Web/Bill.aspx?SessionType=E1&BillID=18267445
2035072,2216,SB11,1,Introduced,2025-06-02,"Authorizes an income tax deduction for certain survivor benefits","Authorizes an income tax deduction for certain survivor benefits",0,,2025-06-02,"S First Read",https://legiscan.com/MO/bill/SB11/2025/X1,https://www.senate.mo.gov/25info/BTS_Web/Bill.aspx?SessionType=E1&BillID=18267449
2035152,2216,SB12,1,Introduced,2025-06-02,"To appropriate money for the several departments and offices of state government, and the several divisions and programs thereof, for planning and capital improvements","To appropriate money for the several departments and offices of state government, and the several divisions and programs thereof, for planning and capital improvements",0,,2025-06-02,"S First Read",https://legiscan.com/MO/bill/SB12/2025/X1,https://www.senate.mo.gov/25info/BTS_Web/Bill.aspx?SessionType=E1&BillID=18267467
2035128,2216,SB13,1,Introduced,2025-06-02,"Modifies the Missouri Working Family Tax Credit","Modifies the Missouri Working Family Tax Credit",0,,2025-06-02,"S First Read",https://legiscan.com/MO/bill/SB13/2025/X1,https://www.senate.mo.gov/25info/BTS_Web/Bill.aspx?SessionType=E1&BillID=18267457
2035138,2216,SB14,1,Introduced,2025-06-02,"Imposes a tax on certain income to provide disaster relief","Imposes a tax on certain income to provide disaster relief",0,,2025-06-02,"S First Read",https://legiscan.com/MO/bill/SB14/2025/X1,https://www.senate.mo.gov/25info/BTS_Web/Bill.aspx?SessionType=E1&BillID=18267458
2035172,2216,SB15,1,Introduced,2025-06-02,"Prohibits any form of environmental manipulation","Prohibits any form of environmental manipulation",0,,2025-06-02,"S First Read",https://legiscan.com/MO/bill/SB15/2025/X1,https://www.senate.mo.gov/25info/BTS_Web/Bill.aspx?SessionType=E1&BillID=18267459
2035174,2216,SB16,1,Introduced,2025-06-02,"Phases out the corporate income tax","Phases out the corporate income tax",0,,2025-06-02,"S First Read",https://legiscan.com/MO/bill/SB16/2025/X1,https://www.senate.mo.gov/25info/BTS_Web/Bill.aspx?SessionType=E1&BillID=18267460
2035156,2216,SB17,1,Introduced,2025-06-02,"Prohibits the seizure of certain property for delinquent taxes","Prohibits the seizure of certain property for delinquent taxes",0,,2025-06-02,"S First Read",https://legiscan.com/MO/bill/SB17/2025/X1,https://www.senate.mo.gov/25info/BTS_Web/Bill.aspx?SessionType=E1&BillID=18267461
2035531,2216,SB18,1,Introduced,2025-06-04,"Designates the St. Louis Cardinals as the official professional baseball team of the state of Missouri","Designates the St. Louis Cardinals as the official professional baseball team of the state of Missouri",0,,2025-06-04,"S First Read",https://legiscan.com/MO/bill/SB18/2025/X1,https://www.senate.mo.gov/25info/BTS_Web/Bill.aspx?SessionType=E1&BillID=18267469
2035510,2216,SB19,1,Introduced,2025-06-04,"Modifies provisions relating to the State Tax Commission","Modifies provisions relating to the State Tax Commission",0,,2025-06-04,"S First Read",https://legiscan.com/MO/bill/SB19/2025/X1,https://www.senate.mo.gov/25info/BTS_Web/Bill.aspx?SessionType=E1&BillID=18267470
2035102,2216,SR3,1,Introduced,2025-06-02,"Modifies Senate Rule 84 to require at least two-thirds of the members of the Senate to vote in favor of a motion for the previous question","Modifies Senate Rule 84 to require at least two-thirds of the members of the Senate to vote in favor of a motion for the previous question",0,,2025-06-16,"Resolutions Calendar",https://legiscan.com/MO/bill/SR3/2025/X1,https://www.senate.mo.gov/25info/BTS_Web/Bill.aspx?SessionType=E1&BillID=18267438
2035177,2216,SR4,1,Introduced,2025-06-02,"Modifies Senate Rule 96 to provide that, no later than January 1, 2026, the Senate shall provide an audio and video feed of its proceedings on the website of the Senate","Modifies Senate Rule 96 to provide that, no later than January 1, 2026, the Senate shall provide an audio and video feed of its proceedings on the website of the Senate",0,,2025-06-16,"Resolutions Calendar",https://legiscan.com/MO/bill/SR4/2025/X1,https://www.senate.mo.gov/25info/BTS_Web/Bill.aspx?SessionType=E1&BillID=18267468
2035553,2216,SCR1,1,Introduced,2025-06-05,"Authorizes the Senate, with the consent of the House of Representatives, to adjourn for more than ten days until June 16, 2025","Authorizes the Senate, with the consent of the House of Representatives, to adjourn for more than ten days until June 16, 2025",0,,2025-06-11,"H Calendar Senate Concurrent Resolutions for Third Reading",https://legiscan.com/MO/bill/SCR1/2025/X1,https://www.senate.mo.gov/25info/BTS_Web/Bill.aspx?SessionType=E1&BillID=18267471
2035045,2216,SJR1,1,Introduced,2025-06-02,"Modifies provisions relating to constitutional amendments","Modifies provisions relating to constitutional amendments",0,,2025-06-02,"S First Read",https://legiscan.com/MO/bill/SJR1/2025/X1,https://www.senate.mo.gov/25info/BTS_Web/Bill.aspx?SessionType=E1&BillID=18267442
2035067,2216,SJR2,1,Introduced,2025-06-02,"Modifies provisions relating to taxation","Modifies provisions relating to taxation",0,,2025-06-02,"S First Read",https://legiscan.com/MO/bill/SJR2/2025/X1,https://www.senate.mo.gov/25info/BTS_Web/Bill.aspx?SessionType=E1&BillID=18267447
2035052,2216,SJR3,1,Introduced,2025-06-02,"Prohibits the taxation of unrealized gains","Prohibits the taxation of unrealized gains",0,,2025-06-02,"S First Read",https://legiscan.com/MO/bill/SJR3/2025/X1,https://www.senate.mo.gov/25info/BTS_Web/Bill.aspx?SessionType=E1&BillID=18267448
2035114,2216,SJR4,1,Introduced,2025-06-02,"Modifies provisions relating to taxation","Modifies provisions relating to taxation",0,,2025-06-02,"S First Read",https://legiscan.com/MO/bill/SJR4/2025/X1,https://www.senate.mo.gov/25info/BTS_Web/Bill.aspx?SessionType=E1&BillID=18267451
2035141,2216,SJR5,1,Introduced,2025-06-02,"Defines a person in relation to the equal protection of laws","Defines a person in relation to the equal protection of laws",0,,2025-06-02,"S First Read",https://legiscan.com/MO/bill/SJR5/2025/X1,https://www.senate.mo.gov/25info/BTS_Web/Bill.aspx?SessionType=E1&BillID=18267462
2035133,2216,SJR6,1,Introduced,2025-06-02,"Modifies provisions relating to constitutional amendments","Modifies provisions relating to constitutional amendments",0,,2025-06-02,"S First Read",https://legiscan.com/MO/bill/SJR6/2025/X1,https://www.senate.mo.gov/25info/BTS_Web/Bill.aspx?SessionType=E1&BillID=18267463
2035148,2216,SJR7,1,Introduced,2025-06-02,"Modifies provisions relating to taxation","Modifies provisions relating to taxation",0,,2025-06-02,"S First Read",https://legiscan.com/MO/bill/SJR7/2025/X1,https://www.senate.mo.gov/25info/BTS_Web/Bill.aspx?SessionType=E1&BillID=18267464
