bill_id,document_id,document_type,document_size,document_mime,document_desc,url,state_link
2036234,3253903,text,176368,application/pdf,Introduced,https://legiscan.com/MO/text/HB1/id/3253903,https://documents.house.mo.gov/billtracking/bills253/hlrbillspdf/3318H.02I.pdf
2036253,3253349,text,189276,application/pdf,Introduced,https://legiscan.com/MO/text/HB2/id/3253349,https://documents.house.mo.gov/billtracking/bills253/hlrbillspdf/3319H.01I.pdf
2036287,3253680,text,169792,application/pdf,Introduced,https://legiscan.com/MO/text/HB3/id/3253680,https://documents.house.mo.gov/billtracking/bills253/hlrbillspdf/3324H.02I.pdf
2036501,3253965,text,190571,application/pdf,Introduced,https://legiscan.com/MO/text/HB4/id/3253965,https://documents.house.mo.gov/billtracking/bills253/hlrbillspdf/3332H.01I.pdf
2036544,3254007,text,174906,application/pdf,Introduced,https://legiscan.com/MO/text/HB5/id/3254007,https://documents.house.mo.gov/billtracking/bills253/hlrbillspdf/3331H.01I.pdf
2036593,3254058,text,160638,application/pdf,Introduced,https://legiscan.com/MO/text/HB6/id/3254058,https://documents.house.mo.gov/billtracking/bills253/hlrbillspdf/3329H.01I.pdf
2036812,3254543,text,161471,application/pdf,Introduced,https://legiscan.com/MO/text/HB7/id/3254543,https://documents.house.mo.gov/billtracking/bills253/hlrbillspdf/3335H.01I.pdf
2036790,3254529,text,160350,application/pdf,Introduced,https://legiscan.com/MO/text/HB8/id/3254529,https://documents.house.mo.gov/billtracking/bills253/hlrbillspdf/3336H.01I.pdf
2036771,3254516,text,133831,application/pdf,Introduced,https://legiscan.com/MO/text/HR1/id/3254516,https://documents.house.mo.gov/billtracking/bills253/hlrbillspdf/3269H.02I.pdf
2036834,3254559,text,158982,application/pdf,Introduced,https://legiscan.com/MO/text/HCR1/id/3254559,https://documents.house.mo.gov/billtracking/bills253/hlrbillspdf/3333H.01I.pdf
2036271,3253360,text,178738,application/pdf,Introduced,https://legiscan.com/MO/text/HJR1/id/3253360,https://documents.house.mo.gov/billtracking/bills253/hlrbillspdf/3330H.01I.pdf
2035181,3250139,text,34777,application/pdf,Introduced,https://legiscan.com/MO/text/SB1/id/3250139,https://www.senate.mo.gov/25info/pdf-bill/E1/intro/SB1.pdf
2035181,3252000,text,35921,application/pdf,Engrossed,https://legiscan.com/MO/text/SB1/id/3252000,https://www.senate.mo.gov/25info/pdf-bill/E1/perf/SB1.pdf
2035181,3254849,text,152202,application/pdf,Enrolled,https://legiscan.com/MO/text/SB1/id/3254849,https://www.senate.mo.gov/25info/pdf-bill/E1/tat/SB1.pdf
2035109,3250003,text,203618,application/pdf,Introduced,https://legiscan.com/MO/text/SB2/id/3250003,https://www.senate.mo.gov/25info/pdf-bill/E1/intro/SB2.pdf
2035087,3250401,text,406373,application/pdf,Introduced,https://legiscan.com/MO/text/SB3/id/3250401,https://www.senate.mo.gov/25info/pdf-bill/E1/intro/SB3.pdf
2035087,3250934,text,405006,application/pdf,"Comm Sub",https://legiscan.com/MO/text/SB3/id/3250934,https://www.senate.mo.gov/25info/pdf-bill/E1/comm/SB3.pdf
2035087,3252009,text,449866,application/pdf,Engrossed,https://legiscan.com/MO/text/SB3/id/3252009,https://www.senate.mo.gov/25info/pdf-bill/E1/perf/SB3.pdf
2035087,3254977,text,449638,application/pdf,Enrolled,https://legiscan.com/MO/text/SB3/id/3254977,https://www.senate.mo.gov/25info/pdf-bill/E1/tat/SB3.pdf
2035160,3250120,text,365776,application/pdf,Introduced,https://legiscan.com/MO/text/SB4/id/3250120,https://www.senate.mo.gov/25info/pdf-bill/E1/intro/SB4.pdf
2035160,3252011,text,365934,application/pdf,Engrossed,https://legiscan.com/MO/text/SB4/id/3252011,https://www.senate.mo.gov/25info/pdf-bill/E1/perf/SB4.pdf
2035160,3254948,text,365769,application/pdf,Enrolled,https://legiscan.com/MO/text/SB4/id/3254948,https://www.senate.mo.gov/25info/pdf-bill/E1/tat/SB4.pdf
2035164,3250124,text,237891,application/pdf,Introduced,https://legiscan.com/MO/text/SB5/id/3250124,https://www.senate.mo.gov/25info/pdf-bill/E1/intro/SB5.pdf
2035123,3250083,text,439274,application/pdf,Introduced,https://legiscan.com/MO/text/SB6/id/3250083,https://www.senate.mo.gov/25info/pdf-bill/E1/intro/SB6.pdf
2035119,3250496,text,344546,application/pdf,Introduced,https://legiscan.com/MO/text/SB7/id/3250496,https://www.senate.mo.gov/25info/pdf-bill/E1/intro/SB7.pdf
2035095,3250461,text,329212,application/pdf,Introduced,https://legiscan.com/MO/text/SB8/id/3250461,https://www.senate.mo.gov/25info/pdf-bill/E1/intro/SB8.pdf
2035057,3250479,text,353481,application/pdf,Introduced,https://legiscan.com/MO/text/SB9/id/3250479,https://www.senate.mo.gov/25info/pdf-bill/E1/intro/SB9.pdf
2035079,3250423,text,342624,application/pdf,Introduced,https://legiscan.com/MO/text/SB10/id/3250423,https://www.senate.mo.gov/25info/pdf-bill/E1/intro/SB10.pdf
2035072,3250710,text,219661,application/pdf,Introduced,https://legiscan.com/MO/text/SB11/id/3250710,https://www.senate.mo.gov/25info/pdf-bill/E1/intro/SB11.pdf
2035152,3250112,text,238336,application/pdf,Introduced,https://legiscan.com/MO/text/SB12/id/3250112,https://www.senate.mo.gov/25info/pdf-bill/E1/intro/SB12.pdf
2035128,3250088,text,336201,application/pdf,Introduced,https://legiscan.com/MO/text/SB13/id/3250088,https://www.senate.mo.gov/25info/pdf-bill/E1/intro/SB13.pdf
2035138,3250098,text,225409,application/pdf,Introduced,https://legiscan.com/MO/text/SB14/id/3250098,https://www.senate.mo.gov/25info/pdf-bill/E1/intro/SB14.pdf
2035172,3250131,text,327429,application/pdf,Introduced,https://legiscan.com/MO/text/SB15/id/3250131,https://www.senate.mo.gov/25info/pdf-bill/E1/intro/SB15.pdf
2035174,3250133,text,334390,application/pdf,Introduced,https://legiscan.com/MO/text/SB16/id/3250133,https://www.senate.mo.gov/25info/pdf-bill/E1/intro/SB16.pdf
2035156,3250116,text,338627,application/pdf,Introduced,https://legiscan.com/MO/text/SB17/id/3250116,https://www.senate.mo.gov/25info/pdf-bill/E1/intro/SB17.pdf
2035531,3251805,text,320316,application/pdf,Introduced,https://legiscan.com/MO/text/SB18/id/3251805,https://www.senate.mo.gov/25info/pdf-bill/E1/intro/SB18.pdf
2035510,3251782,text,337839,application/pdf,Introduced,https://legiscan.com/MO/text/SB19/id/3251782,https://www.senate.mo.gov/25info/pdf-bill/E1/intro/SB19.pdf
2035102,3249999,text,291349,application/pdf,Introduced,https://legiscan.com/MO/text/SR3/id/3249999,https://www.senate.mo.gov/25info/pdf-bill/E1/intro/SR3.pdf
2035177,3250136,text,303827,application/pdf,Introduced,https://legiscan.com/MO/text/SR4/id/3250136,https://www.senate.mo.gov/25info/pdf-bill/E1/intro/SR4.pdf
2035553,3251999,text,288987,application/pdf,Introduced,https://legiscan.com/MO/text/SCR1/id/3251999,https://www.senate.mo.gov/25info/pdf-bill/E1/intro/SCR1.pdf
2035045,3250480,text,346853,application/pdf,Introduced,https://legiscan.com/MO/text/SJR1/id/3250480,https://www.senate.mo.gov/25info/pdf-bill/E1/intro/SJR1.pdf
2035067,3250469,text,344108,application/pdf,Introduced,https://legiscan.com/MO/text/SJR2/id/3250469,https://www.senate.mo.gov/25info/pdf-bill/E1/intro/SJR2.pdf
2035052,3250493,text,323529,application/pdf,Introduced,https://legiscan.com/MO/text/SJR3/id/3250493,https://www.senate.mo.gov/25info/pdf-bill/E1/intro/SJR3.pdf
2035114,3250444,text,332406,application/pdf,Introduced,https://legiscan.com/MO/text/SJR4/id/3250444,https://www.senate.mo.gov/25info/pdf-bill/E1/intro/SJR4.pdf
2035141,3250102,text,332357,application/pdf,Introduced,https://legiscan.com/MO/text/SJR5/id/3250102,https://www.senate.mo.gov/25info/pdf-bill/E1/intro/SJR5.pdf
2035133,3250093,text,343517,application/pdf,Introduced,https://legiscan.com/MO/text/SJR6/id/3250093,https://www.senate.mo.gov/25info/pdf-bill/E1/intro/SJR6.pdf
2035148,3250108,text,369954,application/pdf,Introduced,https://legiscan.com/MO/text/SJR7/id/3250108,https://www.senate.mo.gov/25info/pdf-bill/E1/intro/SJR7.pdf
2035181,261891,amendment,20517,application/pdf,"Senate 3298S.03F - SS Adopted",https://legiscan.com/MO/amendment/SB1/id/261891,https://www.senate.mo.gov/25info/BTS_Web/ShowAmendment.aspx?Id=765
2035087,261845,amendment,417958,application/pdf,"Senate 3295S.06F - SS SCS Offered",https://legiscan.com/MO/amendment/SB3/id/261845,https://www.senate.mo.gov/25info/BTS_Web/ShowAmendment.aspx?Id=766
2035087,261846,amendment,523485,application/pdf,"Senate 3295S06.05S - SA 1 SS SCS Offered",https://legiscan.com/MO/amendment/SB3/id/261846,https://www.senate.mo.gov/25info/BTS_Web/ShowAmendment.aspx?Id=769
2035087,261894,amendment,459771,application/pdf,"Senate 3295S.08F - SS 2 SCS Adopted, as amended",https://legiscan.com/MO/amendment/SB3/id/261894,https://www.senate.mo.gov/25info/BTS_Web/ShowAmendment.aspx?Id=771
2035087,261895,amendment,489998,application/pdf,"Senate 3295S08.03S - SA 1 SS 2 SCS Defeated",https://legiscan.com/MO/amendment/SB3/id/261895,https://www.senate.mo.gov/25info/BTS_Web/ShowAmendment.aspx?Id=774
2035087,261896,amendment,478735,application/pdf,"Senate 3295S08.02S - SA 2 SS 2 SCS Defeated",https://legiscan.com/MO/amendment/SB3/id/261896,https://www.senate.mo.gov/25info/BTS_Web/ShowAmendment.aspx?Id=775
2035087,261897,amendment,483611,application/pdf,"Senate 3295S08.04S - SA 3 SS 2 SCS Adopted",https://legiscan.com/MO/amendment/SB3/id/261897,https://www.senate.mo.gov/25info/BTS_Web/ShowAmendment.aspx?Id=776
2035160,261898,amendment,379907,application/pdf,"Senate 3303S.02F - SS Adopted",https://legiscan.com/MO/amendment/SB4/id/261898,https://www.senate.mo.gov/25info/BTS_Web/ShowAmendment.aspx?Id=772
2036234,608269,supplement,35120,application/pdf,Analysis,https://legiscan.com/MO/supplement/HB1/id/608269,https://documents.house.mo.gov/billtracking/bills253/sumpdf/HB0001I.pdf
2036253,608796,supplement,41932,application/pdf,Analysis,https://legiscan.com/MO/supplement/HB2/id/608796,https://documents.house.mo.gov/billtracking/bills253/sumpdf/HB0002I.pdf
2036287,609549,supplement,31481,application/pdf,Analysis,https://legiscan.com/MO/supplement/HB3/id/609549,https://documents.house.mo.gov/billtracking/bills253/sumpdf/HB0003I.pdf
2036501,608821,supplement,37178,application/pdf,Analysis,https://legiscan.com/MO/supplement/HB4/id/608821,https://documents.house.mo.gov/billtracking/bills253/sumpdf/HB0004I.pdf
2036544,609025,supplement,35389,application/pdf,Analysis,https://legiscan.com/MO/supplement/HB5/id/609025,https://documents.house.mo.gov/billtracking/bills253/sumpdf/HB0005I.pdf
2036593,608666,supplement,30953,application/pdf,Analysis,https://legiscan.com/MO/supplement/HB6/id/608666,https://documents.house.mo.gov/billtracking/bills253/sumpdf/HB0006I.pdf
2036812,609424,supplement,29434,application/pdf,Analysis,https://legiscan.com/MO/supplement/HB7/id/609424,https://documents.house.mo.gov/billtracking/bills253/sumpdf/HB0007I.pdf
2036790,610245,supplement,27714,application/pdf,Analysis,https://legiscan.com/MO/supplement/HB8/id/610245,https://documents.house.mo.gov/billtracking/bills253/sumpdf/HB0008I.pdf
2036271,608185,supplement,32085,application/pdf,Analysis,https://legiscan.com/MO/supplement/HJR1/id/608185,https://documents.house.mo.gov/billtracking/bills253/sumpdf/HJR0001I.pdf
2035181,606894,supplement,84,text/html,Analysis,https://legiscan.com/MO/supplement/SB1/id/606894,https://www.senate.mo.gov/25info/BTS_Web/Summary.aspx?SessionType=E1&SummaryID=12468839&BillID=18267452
2035181,606895,supplement,87,text/html,Analysis,https://legiscan.com/MO/supplement/SB1/id/606895,https://www.senate.mo.gov/25info/BTS_Web/Summary.aspx?SessionType=E1&SummaryID=12468840&BillID=18267452
2035181,606896,supplement,87,text/html,Analysis,https://legiscan.com/MO/supplement/SB1/id/606896,https://www.senate.mo.gov/25info/BTS_Web/Summary.aspx?SessionType=E1&SummaryID=12468841&BillID=18267452
2035181,609089,supplement,87,text/html,Analysis,https://legiscan.com/MO/supplement/SB1/id/609089,https://www.senate.mo.gov/25info/BTS_Web/Summary.aspx?SessionType=E1&SummaryID=12469261&BillID=18267452
2035181,615357,supplement,87,text/html,Analysis,https://legiscan.com/MO/supplement/SB1/id/615357,https://www.senate.mo.gov/25info/BTS_Web/Summary.aspx?SessionType=E1&SummaryID=12475166&BillID=18267452
2035109,606766,supplement,33,text/html,Analysis,https://legiscan.com/MO/supplement/SB2/id/606766,https://www.senate.mo.gov/25info/BTS_Web/Summary.aspx?SessionType=E1&SummaryID=12468842&BillID=18267446
2035087,605783,supplement,5647,text/html,Analysis,https://legiscan.com/MO/supplement/SB3/id/605783,https://www.senate.mo.gov/25info/BTS_Web/Summary.aspx?SessionType=E1&SummaryID=12468804&BillID=18267440
2035087,606238,supplement,5646,text/html,Analysis,https://legiscan.com/MO/supplement/SB3/id/606238,https://www.senate.mo.gov/25info/BTS_Web/Summary.aspx?SessionType=E1&SummaryID=12468827&BillID=18267440
2035087,606898,supplement,8026,text/html,Analysis,https://legiscan.com/MO/supplement/SB3/id/606898,https://www.senate.mo.gov/25info/BTS_Web/Summary.aspx?SessionType=E1&SummaryID=12468844&BillID=18267440
2035087,606899,supplement,8026,text/html,Analysis,https://legiscan.com/MO/supplement/SB3/id/606899,https://www.senate.mo.gov/25info/BTS_Web/Summary.aspx?SessionType=E1&SummaryID=12468847&BillID=18267440
2035087,609168,supplement,8026,text/html,Analysis,https://legiscan.com/MO/supplement/SB3/id/609168,https://www.senate.mo.gov/25info/BTS_Web/Summary.aspx?SessionType=E1&SummaryID=12469262&BillID=18267440
2035087,606380,supplement,150487,application/pdf,"Fiscal Note",https://legiscan.com/MO/supplement/SB3/id/606380,https://senate.mo.gov/FiscalNotes/2025-3/3295S.01I.ORG.pdf
2035087,606768,supplement,156625,application/pdf,"Fiscal Note",https://legiscan.com/MO/supplement/SB3/id/606768,https://senate.mo.gov/FiscalNotes/2025-3/3295S.02C.ORG.pdf
2035087,606977,supplement,170886,application/pdf,"Fiscal Note",https://legiscan.com/MO/supplement/SB3/id/606977,https://senate.mo.gov/FiscalNotes/2025-3/3295S.08P.ORG.pdf
2035087,613873,supplement,184068,application/pdf,"Fiscal Note",https://legiscan.com/MO/supplement/SB3/id/613873,https://senate.mo.gov/FiscalNotes/2025-3/3295S.08T.ORG.pdf
2035160,605571,supplement,865,text/html,Analysis,https://legiscan.com/MO/supplement/SB4/id/605571,https://www.senate.mo.gov/25info/BTS_Web/Summary.aspx?SessionType=E1&SummaryID=12468812&BillID=18267450
2035160,606901,supplement,867,text/html,Analysis,https://legiscan.com/MO/supplement/SB4/id/606901,https://www.senate.mo.gov/25info/BTS_Web/Summary.aspx?SessionType=E1&SummaryID=12468845&BillID=18267450
2035160,606902,supplement,867,text/html,Analysis,https://legiscan.com/MO/supplement/SB4/id/606902,https://www.senate.mo.gov/25info/BTS_Web/Summary.aspx?SessionType=E1&SummaryID=12468846&BillID=18267450
2035160,609160,supplement,867,text/html,Analysis,https://legiscan.com/MO/supplement/SB4/id/609160,https://www.senate.mo.gov/25info/BTS_Web/Summary.aspx?SessionType=E1&SummaryID=12469263&BillID=18267450
2035160,606012,supplement,117301,application/pdf,"Fiscal Note",https://legiscan.com/MO/supplement/SB4/id/606012,https://senate.mo.gov/FiscalNotes/2025-3/3303S.01I.ORG.pdf
2035160,606903,supplement,121677,application/pdf,"Fiscal Note",https://legiscan.com/MO/supplement/SB4/id/606903,https://senate.mo.gov/FiscalNotes/2025-3/3303S.02P.ORG.pdf
2035160,613267,supplement,122348,application/pdf,"Fiscal Note",https://legiscan.com/MO/supplement/SB4/id/613267,https://senate.mo.gov/FiscalNotes/2025-3/3303S.02T.ORG.pdf
2035164,605573,supplement,994,text/html,Analysis,https://legiscan.com/MO/supplement/SB5/id/605573,https://www.senate.mo.gov/25info/BTS_Web/Summary.aspx?SessionType=E1&SummaryID=12468805&BillID=18267453
2035123,605561,supplement,1318,text/html,Analysis,https://legiscan.com/MO/supplement/SB6/id/605561,https://www.senate.mo.gov/25info/BTS_Web/Summary.aspx?SessionType=E1&SummaryID=12468806&BillID=18267454
2035123,606812,supplement,1318,text/html,Analysis,https://legiscan.com/MO/supplement/SB6/id/606812,https://www.senate.mo.gov/25info/BTS_Web/Summary.aspx?SessionType=E1&SummaryID=12468831&BillID=18267454
2035119,605856,supplement,484,text/html,Analysis,https://legiscan.com/MO/supplement/SB7/id/605856,https://www.senate.mo.gov/25info/BTS_Web/Summary.aspx?SessionType=E1&SummaryID=12468807&BillID=18267441
2035095,605818,supplement,679,text/html,Analysis,https://legiscan.com/MO/supplement/SB8/id/605818,https://www.senate.mo.gov/25info/BTS_Web/Summary.aspx?SessionType=E1&SummaryID=12468808&BillID=18267443
2035057,605838,supplement,2105,text/html,Analysis,https://legiscan.com/MO/supplement/SB9/id/605838,https://www.senate.mo.gov/25info/BTS_Web/Summary.aspx?SessionType=E1&SummaryID=12468809&BillID=18267444
2035079,605796,supplement,1141,text/html,Analysis,https://legiscan.com/MO/supplement/SB10/id/605796,https://www.senate.mo.gov/25info/BTS_Web/Summary.aspx?SessionType=E1&SummaryID=12468810&BillID=18267445
2035072,606039,supplement,319,text/html,Analysis,https://legiscan.com/MO/supplement/SB11/id/606039,https://www.senate.mo.gov/25info/BTS_Web/Summary.aspx?SessionType=E1&SummaryID=12468811&BillID=18267449
2035152,607137,supplement,34,text/html,Analysis,https://legiscan.com/MO/supplement/SB12/id/607137,https://www.senate.mo.gov/25info/BTS_Web/Summary.aspx?SessionType=E1&SummaryID=12468843&BillID=18267467
2035128,605562,supplement,196,text/html,Analysis,https://legiscan.com/MO/supplement/SB13/id/605562,https://www.senate.mo.gov/25info/BTS_Web/Summary.aspx?SessionType=E1&SummaryID=12468813&BillID=18267457
2035138,605566,supplement,656,text/html,Analysis,https://legiscan.com/MO/supplement/SB14/id/605566,https://www.senate.mo.gov/25info/BTS_Web/Summary.aspx?SessionType=E1&SummaryID=12468814&BillID=18267458
2035172,605574,supplement,458,text/html,Analysis,https://legiscan.com/MO/supplement/SB15/id/605574,https://www.senate.mo.gov/25info/BTS_Web/Summary.aspx?SessionType=E1&SummaryID=12468815&BillID=18267459
2035174,605575,supplement,689,text/html,Analysis,https://legiscan.com/MO/supplement/SB16/id/605575,https://www.senate.mo.gov/25info/BTS_Web/Summary.aspx?SessionType=E1&SummaryID=12468816&BillID=18267460
2035156,605570,supplement,265,text/html,Analysis,https://legiscan.com/MO/supplement/SB17/id/605570,https://www.senate.mo.gov/25info/BTS_Web/Summary.aspx?SessionType=E1&SummaryID=12468817&BillID=18267461
2035531,606720,supplement,271,text/html,Analysis,https://legiscan.com/MO/supplement/SB18/id/606720,https://www.senate.mo.gov/25info/BTS_Web/Summary.aspx?SessionType=E1&SummaryID=12468836&BillID=18267469
2035510,606713,supplement,675,text/html,Analysis,https://legiscan.com/MO/supplement/SB19/id/606713,https://www.senate.mo.gov/25info/BTS_Web/Summary.aspx?SessionType=E1&SummaryID=12468837&BillID=18267470
2035102,605837,supplement,174,text/html,Analysis,https://legiscan.com/MO/supplement/SR3/id/605837,https://www.senate.mo.gov/25info/BTS_Web/Summary.aspx?SessionType=E1&SummaryID=12468825&BillID=18267438
2035177,605577,supplement,204,text/html,Analysis,https://legiscan.com/MO/supplement/SR4/id/605577,https://www.senate.mo.gov/25info/BTS_Web/Summary.aspx?SessionType=E1&SummaryID=12468826&BillID=18267468
2035553,606891,supplement,174,text/html,Analysis,https://legiscan.com/MO/supplement/SCR1/id/606891,https://www.senate.mo.gov/25info/BTS_Web/Summary.aspx?SessionType=E1&SummaryID=12468848&BillID=18267471
2035553,606892,supplement,174,text/html,Analysis,https://legiscan.com/MO/supplement/SCR1/id/606892,https://www.senate.mo.gov/25info/BTS_Web/Summary.aspx?SessionType=E1&SummaryID=12468849&BillID=18267471
2035045,605839,supplement,2555,text/html,Analysis,https://legiscan.com/MO/supplement/SJR1/id/605839,https://www.senate.mo.gov/25info/BTS_Web/Summary.aspx?SessionType=E1&SummaryID=12468818&BillID=18267442
2035067,605832,supplement,1342,text/html,Analysis,https://legiscan.com/MO/supplement/SJR2/id/605832,https://www.senate.mo.gov/25info/BTS_Web/Summary.aspx?SessionType=E1&SummaryID=12468819&BillID=18267447
2035052,605851,supplement,249,text/html,Analysis,https://legiscan.com/MO/supplement/SJR3/id/605851,https://www.senate.mo.gov/25info/BTS_Web/Summary.aspx?SessionType=E1&SummaryID=12468820&BillID=18267448
2035114,605811,supplement,405,text/html,Analysis,https://legiscan.com/MO/supplement/SJR4/id/605811,https://www.senate.mo.gov/25info/BTS_Web/Summary.aspx?SessionType=E1&SummaryID=12468821&BillID=18267451
2035141,605567,supplement,462,text/html,Analysis,https://legiscan.com/MO/supplement/SJR5/id/605567,https://www.senate.mo.gov/25info/BTS_Web/Summary.aspx?SessionType=E1&SummaryID=12468822&BillID=18267462
2035133,605563,supplement,2950,text/html,Analysis,https://legiscan.com/MO/supplement/SJR6/id/605563,https://www.senate.mo.gov/25info/BTS_Web/Summary.aspx?SessionType=E1&SummaryID=12468823&BillID=18267463
2035148,605568,supplement,3072,text/html,Analysis,https://legiscan.com/MO/supplement/SJR7/id/605568,https://www.senate.mo.gov/25info/BTS_Web/Summary.aspx?SessionType=E1&SummaryID=12468824&BillID=18267464
