bill_id,roll_call_id,date,chamber,description,yea,nay,nv,absent,total
2078402,1618021,2026-01-28,Senate,"Passed Senate (Roll No. 10)",32,1,0,0,33
2078467,1618186,2026-01-28,House,"Passed House (Roll No. 23)",95,0,0,4,99
2078561,1616514,2026-01-23,House,"Passed House (Roll No. 12)",71,22,0,6,99
2078615,1618044,2026-01-28,House,"Passed House (Roll No. 21)",95,0,0,4,99
2078615,1618045,2026-01-28,House,"Effective July 1, 2026 (Roll No. 22)",95,0,0,4,99
2078884,1619994,2026-01-30,Senate,"Passed Senate (Roll No. 26)",34,0,0,0,34
2078886,1616538,2026-01-23,Senate,"Passed Senate (Roll No. 5)",32,0,0,1,33
2079108,1617456,2026-01-27,House,"Passed House (Roll No. 15)",76,12,0,11,99
2079109,1618208,2026-01-28,House,"Passed House (Roll No. 24)",88,7,0,4,99
2079109,1618209,2026-01-28,House,"Effective from passage (Roll No. 25)",91,4,0,4,99
2079141,1614234,2026-01-15,Senate,"Adopted by Senate (Roll No. 1)",33,0,0,0,33
2079214,1619019,2026-01-29,Senate,"Passed Senate (Roll No. 18)",34,0,0,0,34
2079227,1616633,2026-01-23,House,"Passed House (Roll No. 10)",90,4,0,5,99
2079310,1616527,2026-01-23,Senate,"Passed Senate (Roll No. 6)",32,0,0,1,33
2079468,1616515,2026-01-23,House,"Passed House (Roll No. 13)",93,0,0,6,99
2079493,1617510,2026-01-27,House,"Passed House (Roll No. 18)",83,5,0,11,99
2079523,1619092,2026-01-29,Senate,"Passed Senate (Roll No. 17)",32,2,0,0,34
2079560,1616530,2026-01-23,Senate,"Passed Senate (Roll No. 7)",30,2,0,1,33
2079563,1616518,2026-01-23,Senate,"Passed Senate (Roll No. 8)",32,0,0,1,33
2079591,1613991,2026-01-14,House,"Amendment rejected (Roll No. 2)",27,68,0,4,99
2079591,1613992,2026-01-14,House,"Amendment rejected (Roll No. 3)",20,75,0,4,99
2079614,1616532,2026-01-23,House,"Passed House (Roll No. 11)",84,9,0,6,99
2079624,1617499,2026-01-27,House,"Passed House (Roll No. 16)",83,5,0,11,99
2080590,1618226,2026-01-28,Senate,"Passed Senate (Roll No. 11)",33,0,0,0,33
2080590,1618227,2026-01-28,Senate,"Effective from passage (Roll No. 12)",33,0,0,0,33
2080606,1617471,2026-01-27,House,"Passed House (Roll No. 19)",88,0,0,11,99
2080617,1617480,2026-01-27,House,"Passed House (Roll No. 17)",88,0,0,11,99
2080713,1619118,2026-01-29,Senate,"Passed Senate (Roll No. 20)",34,0,0,0,34
2081030,1618223,2026-01-28,Senate,"Passed Senate (Roll No. 13)",33,0,0,0,33
2081030,1618224,2026-01-28,Senate,"Effective from passage (Roll No. 14)",33,0,0,0,33
2081102,1619482,2026-01-29,Senate,"Passed Senate (Roll No. 21)",33,1,0,0,34
2081102,1619483,2026-01-29,Senate,"Effective from passage (Roll No. 22)",34,0,0,0,34
2081287,1619044,2026-01-29,House,"Passed House (Roll No. 28)",96,0,0,3,99
2081349,1618078,2026-01-28,Senate,"Floor amendments rejected (Roll No. 15)",8,25,0,0,33
2081349,1619249,2026-01-29,Senate,"Passed Senate (Roll No. 19)",30,4,0,0,34
2081353,1616570,2026-01-23,House,"Passed House (Roll No. 14)",93,0,0,6,99
2081394,1618202,2026-01-28,House,"Passed House (Roll No. 26)",95,0,0,4,99
2083732,1617994,2026-01-28,House,"Passed House (Roll No. 27)",95,0,0,4,99
2083789,1617575,2026-01-27,House,"Passed House (Roll No. 20 )",81,9,0,9,99
2083793,1620138,2026-01-30,House,"Passed House (Roll No. 33)",91,0,0,8,99
2083891,1619014,2026-01-29,House,"Passed House (Roll No. 29)",96,0,0,3,99
2083958,1619020,2026-01-29,House,"Passed House (Roll No. 30)",96,0,0,3,99
2084638,1619017,2026-01-29,Senate,"Passed Senate (Roll No. 23)",34,0,0,0,34
2084647,1619015,2026-01-29,Senate,"Passed Senate (Roll No. 24)",34,0,0,0,34
2084647,1619016,2026-01-29,Senate,"Effective July 1, 2026 (Roll No. 25)",34,0,0,0,34
2085596,1614338,2026-01-19,House,"Dispensed with Constitutional Rule (Roll No. 4)",90,4,0,5,99
2085596,1614339,2026-01-19,House,"Passed House (Roll No. 5)",91,2,0,6,99
2085596,1614340,2026-01-19,House,"Effective from passage (Roll No. 6)",94,0,0,5,99
2085623,1614341,2026-01-19,House,"Dispensed with Constitutional Rule (Roll No. 7)",90,4,0,5,99
2085623,1614342,2026-01-19,House,"Passed House (Roll No. 8)",92,2,0,5,99
2085623,1614343,2026-01-19,House,"Effective from passage (Roll No. 9)",94,0,0,5,99
2086510,1619090,2026-01-29,House,"Passed House (Roll No. 31)",96,0,0,3,99
2087753,1616065,2026-01-22,Senate,"Adopted by Senate (Roll No. 3)",31,0,0,2,33
2087791,1616109,2026-01-22,Senate,"Adopted by Senate (Roll No. 2)",31,0,0,2,33
2088072,1619031,2026-01-29,House,"Passed House (Roll No. 32)",96,0,0,3,99
2089709,1616702,2026-01-23,Senate,"Adopted by Senate (Roll No. 4)",32,0,0,1,33
2094347,1617390,2026-01-27,Senate,"Adopted by Senate (Roll No. 9)",32,0,0,1,33
2095672,1619148,2026-01-29,Senate,"Adopted (Roll No. 16)",33,0,0,1,34
