bill_id,document_id,document_type,document_size,document_mime,document_desc,url,state_link
2079678,3316652,text,171823,application/pdf,Introduced,https://legiscan.com/CO/text/HB1001/id/3316652,https://leg.colorado.gov/bill_files/110668/download
2079710,3316693,text,177336,application/pdf,Introduced,https://legiscan.com/CO/text/HB1002/id/3316693,https://leg.colorado.gov/bill_files/110657/download
2079718,3316701,text,146812,application/pdf,Introduced,https://legiscan.com/CO/text/HB1003/id/3316701,https://leg.colorado.gov/bill_files/110670/download
2079711,3316694,text,141934,application/pdf,Introduced,https://legiscan.com/CO/text/HB1004/id/3316694,https://leg.colorado.gov/bill_files/110672/download
2079691,3316669,text,161003,application/pdf,Introduced,https://legiscan.com/CO/text/HB1005/id/3316669,https://leg.colorado.gov/bill_files/110674/download
2079707,3316689,text,161085,application/pdf,Introduced,https://legiscan.com/CO/text/HB1006/id/3316689,https://leg.colorado.gov/bill_files/110676/download
2079697,3316679,text,163293,application/pdf,Introduced,https://legiscan.com/CO/text/HB1007/id/3316679,https://leg.colorado.gov/bill_files/110678/download
2079721,3316704,text,174460,application/pdf,Introduced,https://legiscan.com/CO/text/HB1008/id/3316704,https://leg.colorado.gov/bill_files/110680/download
2079700,3316682,text,145620,application/pdf,Introduced,https://legiscan.com/CO/text/HB1009/id/3316682,https://leg.colorado.gov/bill_files/110682/download
2079686,3316663,text,160832,application/pdf,Introduced,https://legiscan.com/CO/text/HB1010/id/3316663,https://leg.colorado.gov/bill_files/110684/download
2079694,3316673,text,150113,application/pdf,Introduced,https://legiscan.com/CO/text/HB1011/id/3316673,https://leg.colorado.gov/bill_files/110686/download
2079706,3316688,text,152274,application/pdf,Introduced,https://legiscan.com/CO/text/HB1012/id/3316688,https://leg.colorado.gov/bill_files/110661/download
2079674,3316648,text,142426,application/pdf,Introduced,https://legiscan.com/CO/text/HB1013/id/3316648,https://leg.colorado.gov/bill_files/110688/download
2079701,3316683,text,143368,application/pdf,Introduced,https://legiscan.com/CO/text/HB1014/id/3316683,https://leg.colorado.gov/bill_files/110655/download
2079714,3316697,text,142376,application/pdf,Introduced,https://legiscan.com/CO/text/HB1015/id/3316697,https://leg.colorado.gov/bill_files/110690/download
2079684,3316661,text,138936,application/pdf,Introduced,https://legiscan.com/CO/text/HB1016/id/3316661,https://leg.colorado.gov/bill_files/110659/download
2079719,3316702,text,138941,application/pdf,Introduced,https://legiscan.com/CO/text/HB1017/id/3316702,https://leg.colorado.gov/bill_files/110692/download
2079696,3316677,text,160951,application/pdf,Introduced,https://legiscan.com/CO/text/HB1018/id/3316677,https://leg.colorado.gov/bill_files/110658/download
2079708,3316690,text,151513,application/pdf,Introduced,https://legiscan.com/CO/text/HB1019/id/3316690,https://leg.colorado.gov/bill_files/110654/download
2079689,3316667,text,146966,application/pdf,Introduced,https://legiscan.com/CO/text/HB1020/id/3316667,https://leg.colorado.gov/bill_files/110694/download
2080042,3317080,text,232744,application/pdf,Introduced,https://legiscan.com/CO/text/HB1021/id/3317080,https://leg.colorado.gov/bill_files/110746/download
2080071,3317110,text,143203,application/pdf,Introduced,https://legiscan.com/CO/text/HB1022/id/3317110,https://leg.colorado.gov/bill_files/110750/download
2080359,3317401,text,142892,application/pdf,Introduced,https://legiscan.com/CO/text/HB1023/id/3317401,https://leg.colorado.gov/bill_files/110748/download
2080253,3317295,text,142169,application/pdf,Introduced,https://legiscan.com/CO/text/HB1024/id/3317295,https://leg.colorado.gov/bill_files/110751/download
2080420,3317462,text,145609,application/pdf,Introduced,https://legiscan.com/CO/text/HB1025/id/3317462,https://leg.colorado.gov/bill_files/110794/download
2080238,3317280,text,169781,application/pdf,Introduced,https://legiscan.com/CO/text/HB1026/id/3317280,https://leg.colorado.gov/bill_files/110749/download
2080013,3317050,text,143364,application/pdf,Introduced,https://legiscan.com/CO/text/HB1027/id/3317050,https://leg.colorado.gov/bill_files/110752/download
2079832,3316869,text,152407,application/pdf,Introduced,https://legiscan.com/CO/text/HB1028/id/3316869,https://leg.colorado.gov/bill_files/110761/download
2080117,3317158,text,152749,application/pdf,Introduced,https://legiscan.com/CO/text/HB1029/id/3317158,https://leg.colorado.gov/bill_files/110758/download
2079907,3316944,text,267786,application/pdf,Introduced,https://legiscan.com/CO/text/HB1030/id/3316944,https://leg.colorado.gov/bill_files/110760/download
2080192,3317234,text,147353,application/pdf,Introduced,https://legiscan.com/CO/text/HB1031/id/3317234,https://leg.colorado.gov/bill_files/110766/download
2080163,3317205,text,146212,application/pdf,Introduced,https://legiscan.com/CO/text/HB1032/id/3317205,https://leg.colorado.gov/bill_files/110759/download
2079817,3316854,text,153420,application/pdf,Introduced,https://legiscan.com/CO/text/HB1033/id/3316854,https://leg.colorado.gov/bill_files/110768/download
2080329,3317371,text,142244,application/pdf,Introduced,https://legiscan.com/CO/text/HB1034/id/3317371,https://leg.colorado.gov/bill_files/110767/download
2079969,3317006,text,139291,application/pdf,Introduced,https://legiscan.com/CO/text/HB1035/id/3317006,https://leg.colorado.gov/bill_files/110770/download
2080025,3317062,text,192152,application/pdf,Introduced,https://legiscan.com/CO/text/HB1036/id/3317062,https://leg.colorado.gov/bill_files/110771/download
2079923,3316960,text,160066,application/pdf,Introduced,https://legiscan.com/CO/text/HB1037/id/3316960,https://leg.colorado.gov/bill_files/110769/download
2079849,3316886,text,173828,application/pdf,Introduced,https://legiscan.com/CO/text/HB1038/id/3316886,https://leg.colorado.gov/bill_files/110772/download
2079981,3317018,text,158117,application/pdf,Introduced,https://legiscan.com/CO/text/HB1039/id/3317018,https://leg.colorado.gov/bill_files/110781/download
2080135,3317176,text,142218,application/pdf,Introduced,https://legiscan.com/CO/text/HB1040/id/3317176,https://leg.colorado.gov/bill_files/110780/download
2079996,3317033,text,138971,application/pdf,Introduced,https://legiscan.com/CO/text/HB1041/id/3317033,https://leg.colorado.gov/bill_files/110787/download
2079936,3316973,text,142196,application/pdf,Introduced,https://legiscan.com/CO/text/HB1042/id/3316973,https://leg.colorado.gov/bill_files/110786/download
2080219,3317261,text,146301,application/pdf,Introduced,https://legiscan.com/CO/text/HB1043/id/3317261,https://leg.colorado.gov/bill_files/110784/download
2079787,3316823,text,184748,application/pdf,Introduced,https://legiscan.com/CO/text/HB1044/id/3316823,https://leg.colorado.gov/bill_files/110785/download
2080386,3317428,text,144903,application/pdf,Introduced,https://legiscan.com/CO/text/HB1045/id/3317428,https://leg.colorado.gov/bill_files/110795/download
2080432,3317474,text,230132,application/pdf,Introduced,https://legiscan.com/CO/text/HB1046/id/3317474,https://leg.colorado.gov/bill_files/110788/download
2080103,3317143,text,160000,application/pdf,Introduced,https://legiscan.com/CO/text/HB1047/id/3317143,https://leg.colorado.gov/bill_files/110796/download
2080207,3317249,text,157298,application/pdf,Introduced,https://legiscan.com/CO/text/HB1048/id/3317249,https://leg.colorado.gov/bill_files/110797/download
2079805,3316841,text,146666,application/pdf,Introduced,https://legiscan.com/CO/text/HB1049/id/3316841,https://leg.colorado.gov/bill_files/110798/download
2080313,3317355,text,141255,application/pdf,Introduced,https://legiscan.com/CO/text/HB1050/id/3317355,https://leg.colorado.gov/bill_files/110804/download
2080447,3317489,text,133154,application/pdf,Introduced,https://legiscan.com/CO/text/HB1051/id/3317489,https://leg.colorado.gov/bill_files/110822/download
2080267,3317309,text,152206,application/pdf,Introduced,https://legiscan.com/CO/text/HB1052/id/3317309,https://leg.colorado.gov/bill_files/110824/download
2079952,3316989,text,160955,application/pdf,Introduced,https://legiscan.com/CO/text/HB1053/id/3316989,https://leg.colorado.gov/bill_files/110826/download
2080284,3317326,text,174436,application/pdf,Introduced,https://legiscan.com/CO/text/HB1054/id/3317326,https://leg.colorado.gov/bill_files/110828/download
2079892,3316929,text,165778,application/pdf,Introduced,https://legiscan.com/CO/text/HB1055/id/3316929,https://leg.colorado.gov/bill_files/110830/download
2080179,3317221,text,155077,application/pdf,Introduced,https://legiscan.com/CO/text/HB1056/id/3317221,https://leg.colorado.gov/bill_files/110816/download
2080085,3317125,text,148564,application/pdf,Introduced,https://legiscan.com/CO/text/HB1057/id/3317125,https://leg.colorado.gov/bill_files/110832/download
2079757,3316792,text,179455,application/pdf,Introduced,https://legiscan.com/CO/text/HB1058/id/3316792,https://leg.colorado.gov/bill_files/110834/download
2079862,3316899,text,156879,application/pdf,Introduced,https://legiscan.com/CO/text/HB1059/id/3316899,https://leg.colorado.gov/bill_files/110820/download
2080342,3317384,text,141280,application/pdf,Introduced,https://legiscan.com/CO/text/HB1060/id/3317384,https://leg.colorado.gov/bill_files/110836/download
2080404,3317446,text,158959,application/pdf,Introduced,https://legiscan.com/CO/text/HB1061/id/3317446,https://leg.colorado.gov/bill_files/110818/download
2079742,3316777,text,150023,application/pdf,Introduced,https://legiscan.com/CO/text/HB1062/id/3316777,https://leg.colorado.gov/bill_files/110838/download
2079769,3316805,text,175783,application/pdf,Introduced,https://legiscan.com/CO/text/HB1063/id/3316805,https://leg.colorado.gov/bill_files/110810/download
2080146,3317188,text,231641,application/pdf,Introduced,https://legiscan.com/CO/text/HB1064/id/3317188,https://leg.colorado.gov/bill_files/110808/download
2089045,3326894,text,342918,application/pdf,Introduced,https://legiscan.com/CO/text/HB1065/id/3326894,https://leg.colorado.gov/bill_files/110901/download
2089162,3327014,text,152822,application/pdf,Introduced,https://legiscan.com/CO/text/HB1066/id/3327014,https://leg.colorado.gov/bill_files/110898/download
2089282,3327135,text,143604,application/pdf,Introduced,https://legiscan.com/CO/text/HB1067/id/3327135,https://leg.colorado.gov/bill_files/110902/download
2089397,3327252,text,138087,application/pdf,Introduced,https://legiscan.com/CO/text/HB1068/id/3327252,https://leg.colorado.gov/bill_files/110900/download
2080053,3317092,text,134801,application/pdf,Introduced,https://legiscan.com/CO/text/HR1001/id/3317092,https://leg.colorado.gov/bill_files/110812/download
2080053,3324989,text,137670,application/pdf,Engrossed,https://legiscan.com/CO/text/HR1001/id/3324989,https://leg.colorado.gov/bill_files/110879/download
2079878,3316915,text,139744,application/pdf,Introduced,https://legiscan.com/CO/text/HJR1001/id/3316915,https://leg.colorado.gov/bill_files/110811/download
2079878,3326657,text,141716,application/pdf,Amended,https://legiscan.com/CO/text/HJR1001/id/3326657,https://leg.colorado.gov/bill_files/110889/download
2079878,3324941,text,141649,application/pdf,Engrossed,https://legiscan.com/CO/text/HJR1001/id/3324941,https://leg.colorado.gov/bill_files/110874/download
2081572,3318756,text,145920,application/pdf,Introduced,https://legiscan.com/CO/text/HJR1002/id/3318756,https://leg.colorado.gov/bill_files/110853/download
2081572,3321222,text,147641,application/pdf,Engrossed,https://legiscan.com/CO/text/HJR1002/id/3321222,https://leg.colorado.gov/bill_files/110860/download
2081572,3322679,text,147645,application/pdf,Engrossed,https://legiscan.com/CO/text/HJR1002/id/3322679,https://leg.colorado.gov/bill_files/110876/download
2082584,3319838,text,133608,application/pdf,Introduced,https://legiscan.com/CO/text/HJR1003/id/3319838,https://leg.colorado.gov/bill_files/110856/download
2082584,3325197,text,135673,application/pdf,Engrossed,https://legiscan.com/CO/text/HJR1003/id/3325197,https://leg.colorado.gov/bill_files/110872/download
2079682,3316658,text,146383,application/pdf,Introduced,https://legiscan.com/CO/text/SB001/id/3316658,https://leg.colorado.gov/bill_files/110635/download
2079693,3316671,text,159295,application/pdf,Introduced,https://legiscan.com/CO/text/SB002/id/3316671,https://leg.colorado.gov/bill_files/110650/download
2079717,3316700,text,234128,application/pdf,Introduced,https://legiscan.com/CO/text/SB003/id/3316700,https://leg.colorado.gov/bill_files/110648/download
2079717,3318742,text,234512,application/pdf,Introduced,https://legiscan.com/CO/text/SB003/id/3318742,https://leg.colorado.gov/bill_files/110648/download
2079717,3321185,text,234159,application/pdf,Introduced,https://legiscan.com/CO/text/SB003/id/3321185,https://leg.colorado.gov/bill_files/110648/download
2079717,3322654,text,234160,application/pdf,Introduced,https://legiscan.com/CO/text/SB003/id/3322654,https://leg.colorado.gov/bill_files/110648/download
2079712,3316695,text,156228,application/pdf,Introduced,https://legiscan.com/CO/text/SB004/id/3316695,https://leg.colorado.gov/bill_files/110642/download
2079685,3316662,text,154095,application/pdf,Introduced,https://legiscan.com/CO/text/SB005/id/3316662,https://leg.colorado.gov/bill_files/110644/download
2079715,3316698,text,147020,application/pdf,Introduced,https://legiscan.com/CO/text/SB006/id/3316698,https://leg.colorado.gov/bill_files/110698/download
2079676,3316650,text,148270,application/pdf,Introduced,https://legiscan.com/CO/text/SB007/id/3316650,https://leg.colorado.gov/bill_files/110701/download
2079673,3316647,text,203716,application/pdf,Introduced,https://legiscan.com/CO/text/SB008/id/3316647,https://leg.colorado.gov/bill_files/110704/download
2079720,3316703,text,139083,application/pdf,Introduced,https://legiscan.com/CO/text/SB009/id/3316703,https://leg.colorado.gov/bill_files/110705/download
2079720,3318745,text,139090,application/pdf,Introduced,https://legiscan.com/CO/text/SB009/id/3318745,https://leg.colorado.gov/bill_files/110705/download
2079677,3316651,text,143072,application/pdf,Introduced,https://legiscan.com/CO/text/SB010/id/3316651,https://leg.colorado.gov/bill_files/110700/download
2079680,3316656,text,152111,application/pdf,Introduced,https://legiscan.com/CO/text/SB011/id/3316656,https://leg.colorado.gov/bill_files/110703/download
2079709,3316691,text,139104,application/pdf,Introduced,https://legiscan.com/CO/text/SB012/id/3316691,https://leg.colorado.gov/bill_files/110702/download
2079692,3316670,text,133651,application/pdf,Introduced,https://legiscan.com/CO/text/SB013/id/3316670,https://leg.colorado.gov/bill_files/110714/download
2079705,3316687,text,154146,application/pdf,Introduced,https://legiscan.com/CO/text/SB014/id/3316687,https://leg.colorado.gov/bill_files/110713/download
2079671,3316645,text,197419,application/pdf,Introduced,https://legiscan.com/CO/text/SB015/id/3316645,https://leg.colorado.gov/bill_files/110712/download
2080302,3317344,text,146093,application/pdf,Introduced,https://legiscan.com/CO/text/SB016/id/3317344,https://leg.colorado.gov/bill_files/110840/download
2080374,3317416,text,156644,application/pdf,Introduced,https://legiscan.com/CO/text/SB017/id/3317416,https://leg.colorado.gov/bill_files/110806/download
2079703,3316685,text,148348,application/pdf,Introduced,https://legiscan.com/CO/text/SB018/id/3316685,https://leg.colorado.gov/bill_files/110723/download
2079672,3316646,text,220859,application/pdf,Introduced,https://legiscan.com/CO/text/SB019/id/3316646,https://leg.colorado.gov/bill_files/110721/download
2079713,3316696,text,182923,application/pdf,Introduced,https://legiscan.com/CO/text/SB020/id/3316696,https://leg.colorado.gov/bill_files/110719/download
2079688,3316666,text,165345,application/pdf,Introduced,https://legiscan.com/CO/text/SB021/id/3316666,https://leg.colorado.gov/bill_files/110718/download
2079690,3316668,text,155124,application/pdf,Introduced,https://legiscan.com/CO/text/SB022/id/3316668,https://leg.colorado.gov/bill_files/110720/download
2079699,3316681,text,140983,application/pdf,Introduced,https://legiscan.com/CO/text/SB023/id/3316681,https://leg.colorado.gov/bill_files/110728/download
2079702,3316684,text,160437,application/pdf,Introduced,https://legiscan.com/CO/text/SB024/id/3316684,https://leg.colorado.gov/bill_files/110729/download
2079722,3316705,text,141868,application/pdf,Introduced,https://legiscan.com/CO/text/SB025/id/3316705,https://leg.colorado.gov/bill_files/110734/download
2079716,3316699,text,136104,application/pdf,Introduced,https://legiscan.com/CO/text/SB026/id/3316699,https://leg.colorado.gov/bill_files/110730/download
2079704,3316686,text,149606,application/pdf,Introduced,https://legiscan.com/CO/text/SB027/id/3316686,https://leg.colorado.gov/bill_files/110736/download
2079698,3316680,text,142384,application/pdf,Introduced,https://legiscan.com/CO/text/SB028/id/3316680,https://leg.colorado.gov/bill_files/110737/download
2079683,3316660,text,147819,application/pdf,Introduced,https://legiscan.com/CO/text/SB029/id/3316660,https://leg.colorado.gov/bill_files/110738/download
2079681,3316657,text,173116,application/pdf,Introduced,https://legiscan.com/CO/text/SB030/id/3316657,https://leg.colorado.gov/bill_files/110742/download
2091200,3329371,text,142347,application/pdf,Introduced,https://legiscan.com/CO/text/SB031/id/3329371,https://leg.colorado.gov/bill_files/110914/download
2080457,3317499,text,130139,application/pdf,Introduced,https://legiscan.com/CO/text/SR001/id/3317499,https://leg.colorado.gov/bill_files/110842/download
2079687,3316664,text,132716,application/pdf,Introduced,https://legiscan.com/CO/text/SR002/id/3316664,https://leg.colorado.gov/bill_files/110639/download
2079687,3316665,text,133496,application/pdf,Engrossed,https://legiscan.com/CO/text/SR002/id/3316665,https://leg.colorado.gov/bill_files/110638/download
2079687,3319836,text,42708,application/pdf,Chaptered,https://legiscan.com/CO/text/SR002/id/3319836,https://leg.colorado.gov/bill_files/110858/download
2079675,3316649,text,149214,application/pdf,Introduced,https://legiscan.com/CO/text/SJR001/id/3316649,https://leg.colorado.gov/bill_files/110696/download
2079679,3316653,text,128347,application/pdf,Introduced,https://legiscan.com/CO/text/SJR002/id/3316653,https://leg.colorado.gov/bill_files/110633/download
2079679,3316655,text,129807,application/pdf,Amended,https://legiscan.com/CO/text/SJR002/id/3316655,https://leg.colorado.gov/bill_files/110656/download
2079679,3316654,text,129840,application/pdf,Engrossed,https://legiscan.com/CO/text/SJR002/id/3316654,https://leg.colorado.gov/bill_files/110632/download
2079679,3320919,text,65295,application/pdf,Chaptered,https://legiscan.com/CO/text/SJR002/id/3320919,https://leg.colorado.gov/bill_files/110859/download
2079695,3316674,text,134440,application/pdf,Introduced,https://legiscan.com/CO/text/SJR003/id/3316674,https://leg.colorado.gov/bill_files/110630/download
2079695,3316676,text,139122,application/pdf,Amended,https://legiscan.com/CO/text/SJR003/id/3316676,https://leg.colorado.gov/bill_files/110652/download
2079695,3316675,text,136176,application/pdf,Engrossed,https://legiscan.com/CO/text/SJR003/id/3316675,https://leg.colorado.gov/bill_files/110646/download
2079695,3321878,text,53485,application/pdf,Chaptered,https://legiscan.com/CO/text/SJR003/id/3321878,https://leg.colorado.gov/bill_files/110862/download
2085079,3322371,text,139641,application/pdf,Introduced,https://legiscan.com/CO/text/SJR004/id/3322371,https://leg.colorado.gov/bill_files/110867/download
2085079,3322646,text,139643,application/pdf,Introduced,https://legiscan.com/CO/text/SJR004/id/3322646,https://leg.colorado.gov/bill_files/110867/download
2089513,3327370,text,131726,application/pdf,Introduced,https://legiscan.com/CO/text/SJR005/id/3327370,https://leg.colorado.gov/bill_files/110896/download
2079679,266971,amendment,31853,application/pdf,"Third Reading Amendment L.001",https://legiscan.com/CO/amendment/SJR002/id/266971,https://leg.colorado.gov/bill_amendments/17685/download
2079678,641819,supplement,108928,application/pdf,"Fiscal Note",https://legiscan.com/CO/supplement/HB1001/id/641819,https://leg.colorado.gov/bill_files/110909/download
2079718,642772,supplement,92542,application/pdf,"Fiscal Note",https://legiscan.com/CO/supplement/HB1003/id/642772,https://leg.colorado.gov/bill_files/110923/download
2079691,641694,supplement,95033,application/pdf,"Fiscal Note",https://legiscan.com/CO/supplement/HB1005/id/641694,https://leg.colorado.gov/bill_files/110910/download
2079694,641882,supplement,88339,application/pdf,"Fiscal Note",https://legiscan.com/CO/supplement/HB1011/id/641882,https://leg.colorado.gov/bill_files/110911/download
2079674,640188,supplement,86614,application/pdf,"Fiscal Note",https://legiscan.com/CO/supplement/HB1013/id/640188,https://leg.colorado.gov/bill_files/110870/download
2079684,641330,supplement,100590,application/pdf,"Fiscal Note",https://legiscan.com/CO/supplement/HB1016/id/641330,https://leg.colorado.gov/bill_files/110895/download
2079689,640448,supplement,83843,application/pdf,"Fiscal Note",https://legiscan.com/CO/supplement/HB1020/id/640448,https://leg.colorado.gov/bill_files/110871/download
2080071,642148,supplement,86254,application/pdf,"Fiscal Note",https://legiscan.com/CO/supplement/HB1022/id/642148,https://leg.colorado.gov/bill_files/110913/download
2080359,642841,supplement,68457,application/pdf,"Fiscal Note",https://legiscan.com/CO/supplement/HB1023/id/642841,https://leg.colorado.gov/bill_files/110924/download
2080013,642908,supplement,84310,application/pdf,"Fiscal Note",https://legiscan.com/CO/supplement/HB1027/id/642908,https://leg.colorado.gov/bill_files/110919/download
2080117,640280,supplement,83751,application/pdf,"Fiscal Note",https://legiscan.com/CO/supplement/HB1029/id/640280,https://leg.colorado.gov/bill_files/110884/download
2080192,640189,supplement,83888,application/pdf,"Fiscal Note",https://legiscan.com/CO/supplement/HB1031/id/640189,https://leg.colorado.gov/bill_files/110885/download
2080163,643116,supplement,106205,application/pdf,"Fiscal Note",https://legiscan.com/CO/supplement/HB1032/id/643116,https://leg.colorado.gov/bill_files/110926/download
2080329,642769,supplement,83143,application/pdf,"Fiscal Note",https://legiscan.com/CO/supplement/HB1034/id/642769,https://leg.colorado.gov/bill_files/110925/download
2079969,638098,supplement,69886,application/pdf,"Fiscal Note",https://legiscan.com/CO/supplement/HB1035/id/638098,https://leg.colorado.gov/bill_files/110844/download
2079981,642786,supplement,90228,application/pdf,"Fiscal Note",https://legiscan.com/CO/supplement/HB1039/id/642786,https://leg.colorado.gov/bill_files/110920/download
2079996,640190,supplement,80359,application/pdf,"Fiscal Note",https://legiscan.com/CO/supplement/HB1041/id/640190,https://leg.colorado.gov/bill_files/110886/download
2080386,641586,supplement,70829,application/pdf,"Fiscal Note",https://legiscan.com/CO/supplement/HB1045/id/641586,https://leg.colorado.gov/bill_files/110905/download
2079805,639224,supplement,86852,application/pdf,"Fiscal Note",https://legiscan.com/CO/supplement/HB1049/id/639224,https://leg.colorado.gov/bill_files/110869/download
2079757,642785,supplement,88914,application/pdf,"Fiscal Note",https://legiscan.com/CO/supplement/HB1058/id/642785,https://leg.colorado.gov/bill_files/110921/download
2079862,640952,supplement,90170,application/pdf,"Fiscal Note",https://legiscan.com/CO/supplement/HB1059/id/640952,https://leg.colorado.gov/bill_files/110887/download
2080342,638676,supplement,82535,application/pdf,"Fiscal Note",https://legiscan.com/CO/supplement/HB1060/id/638676,https://leg.colorado.gov/bill_files/110865/download
2080146,640871,supplement,86841,application/pdf,"Fiscal Note",https://legiscan.com/CO/supplement/HB1064/id/640871,https://leg.colorado.gov/bill_files/110888/download
2089397,642138,supplement,77087,application/pdf,"Fiscal Note",https://legiscan.com/CO/supplement/HB1068/id/642138,https://leg.colorado.gov/bill_files/110916/download
2079712,637993,supplement,84049,application/pdf,"Fiscal Note",https://legiscan.com/CO/supplement/SB004/id/637993,https://leg.colorado.gov/bill_files/110845/download
2079712,640191,supplement,203472,application/pdf,"Fiscal Note",https://legiscan.com/CO/supplement/SB004/id/640191,https://leg.colorado.gov/bill_files/110845/download
2079720,642335,supplement,73152,application/pdf,"Fiscal Note",https://legiscan.com/CO/supplement/SB009/id/642335,https://leg.colorado.gov/bill_files/110918/download
2079677,641131,supplement,91015,application/pdf,"Fiscal Note",https://legiscan.com/CO/supplement/SB010/id/641131,https://leg.colorado.gov/bill_files/110894/download
2079692,637965,supplement,82643,application/pdf,"Fiscal Note",https://legiscan.com/CO/supplement/SB013/id/637965,https://leg.colorado.gov/bill_files/110846/download
2079705,638722,supplement,84004,application/pdf,"Fiscal Note",https://legiscan.com/CO/supplement/SB014/id/638722,https://leg.colorado.gov/bill_files/110866/download
2079688,641921,supplement,80004,application/pdf,"Fiscal Note",https://legiscan.com/CO/supplement/SB021/id/641921,https://leg.colorado.gov/bill_files/110912/download
2079704,642347,supplement,79479,application/pdf,"Fiscal Note",https://legiscan.com/CO/supplement/SB027/id/642347,https://leg.colorado.gov/bill_files/110917/download
2079681,642916,supplement,109761,application/pdf,"Fiscal Note",https://legiscan.com/CO/supplement/SB030/id/642916,https://leg.colorado.gov/bill_files/110922/download
