bill_id,date,chamber,sequence,action
2079671,2026-01-14,Senate,1,"Introduced In Senate - Assigned to Judiciary"
2079672,2026-01-14,Senate,1,"Introduced In Senate - Assigned to Education"
2079673,2026-01-14,Senate,1,"Introduced In Senate - Assigned to Health & Human Services"
2079674,2026-01-14,House,1,"Introduced In House - Assigned to Business Affairs & Labor"
2079675,2026-01-14,Senate,1,"Introduced In Senate - Assigned to Agriculture & Natural Resources"
2079676,2026-01-14,Senate,1,"Introduced In Senate - Assigned to Health & Human Services"
2079677,2026-01-14,Senate,1,"Introduced In Senate - Assigned to Agriculture & Natural Resources"
2079678,2026-01-14,House,1,"Introduced In House - Assigned to Transportation, Housing & Local Government"
2079679,2026-01-14,Senate,1,"Introduced In Senate - Assigned to"
2079679,2026-01-14,Senate,2,"Senate Third Reading Passed - No Amendments"
2079679,2026-01-14,House,3,"Introduced In House - Assigned to"
2079679,2026-01-14,House,4,"House Third Reading Passed with Amendments - Floor"
2079679,2026-01-15,Senate,5,"Senate Considered House Amendments - Result was to Concur - Repass"
2079679,2026-01-15,Senate,6,"Signed by the President of the Senate"
2079679,2026-01-15,House,7,"Signed by the Speaker of the House"
2079680,2026-01-14,Senate,1,"Introduced In Senate - Assigned to Judiciary"
2079681,2026-01-14,Senate,1,"Introduced In Senate - Assigned to State, Veterans, & Military Affairs"
2079682,2026-01-14,Senate,1,"Introduced In Senate - Assigned to Local Government & Housing"
2079683,2026-01-14,Senate,1,"Introduced In Senate - Assigned to State, Veterans, & Military Affairs"
2079684,2026-01-14,House,1,"Introduced In House - Assigned to Education"
2079685,2026-01-14,Senate,1,"Introduced In Senate - Assigned to Judiciary"
2079686,2026-01-14,House,1,"Introduced In House - Assigned to Business Affairs & Labor"
2079687,2026-01-14,Senate,1,"Introduced In Senate - Assigned to"
2079687,2026-01-14,Senate,2,"Senate Third Reading Passed - No Amendments"
2079687,2026-01-15,Senate,3,"Signed by the President of the Senate"
2079688,2026-01-14,Senate,1,"Introduced In Senate - Assigned to Transportation & Energy"
2079689,2026-01-14,House,1,"Introduced In House - Assigned to Judiciary"
2079690,2026-01-14,Senate,1,"Introduced In Senate - Assigned to Transportation & Energy"
2079691,2026-01-14,House,1,"Introduced In House - Assigned to Business Affairs & Labor"
2079692,2026-01-14,Senate,1,"Introduced In Senate - Assigned to Judiciary"
2079693,2026-01-14,Senate,1,"Introduced In Senate - Assigned to Transportation & Energy"
2079694,2026-01-14,House,1,"Introduced In House - Assigned to Agriculture, Water & Natural Resources"
2079695,2026-01-14,Senate,1,"Senate Third Reading Passed - No Amendments"
2079695,2026-01-14,Senate,2,"Introduced In Senate - Assigned to"
2079695,2026-01-14,House,3,"Introduced In House - Assigned to"
2079695,2026-01-14,House,4,"House Third Reading Passed - No Amendments"
2079695,2026-01-15,Senate,5,"Signed by the President of the Senate"
2079695,2026-01-15,House,6,"Signed by the Speaker of the House"
2079696,2026-01-14,House,1,"Introduced In House - Assigned to Health & Human Services"
2079697,2026-01-14,House,1,"Introduced In House - Assigned to Energy & Environment"
2079698,2026-01-14,Senate,1,"Introduced In Senate - Assigned to Transportation & Energy"
2079699,2026-01-14,Senate,1,"Introduced In Senate - Assigned to Education"
2079700,2026-01-14,House,1,"Introduced In House - Assigned to Judiciary"
2079701,2026-01-14,House,1,"Introduced In House - Assigned to Finance"
2079702,2026-01-14,Senate,1,"Introduced In Senate - Assigned to Local Government & Housing"
2079703,2026-01-14,Senate,1,"Introduced In Senate - Assigned to Judiciary"
2079704,2026-01-14,Senate,1,"Introduced In Senate - Assigned to State, Veterans, & Military Affairs"
2079705,2026-01-14,Senate,1,"Introduced In Senate - Assigned to Judiciary"
2079706,2026-01-14,House,1,"Introduced In House - Assigned to Judiciary"
2079707,2026-01-14,House,1,"Introduced In House - Assigned to Education"
2079708,2026-01-14,House,1,"Introduced In House - Assigned to Health & Human Services"
2079709,2026-01-14,Senate,1,"Introduced In Senate - Assigned to Judiciary"
2079710,2026-01-14,House,1,"Introduced In House - Assigned to Health & Human Services"
2079711,2026-01-14,House,1,"Introduced In House - Assigned to Finance"
2079712,2026-01-14,Senate,1,"Introduced In Senate - Assigned to State, Veterans, & Military Affairs"
2079713,2026-01-14,Senate,1,"Introduced In Senate - Assigned to Education"
2079714,2026-01-14,House,1,"Introduced In House - Assigned to Finance"
2079715,2026-01-14,Senate,1,"Introduced In Senate - Assigned to Health & Human Services"
2079716,2026-01-14,Senate,1,"Introduced In Senate - Assigned to Transportation & Energy"
2079717,2026-01-14,Senate,1,"Introduced In Senate - Assigned to Transportation & Energy"
2079718,2026-01-14,House,1,"Introduced In House - Assigned to Business Affairs & Labor"
2079719,2026-01-14,House,1,"Introduced In House - Assigned to Judiciary"
2079720,2026-01-14,Senate,1,"Introduced In Senate - Assigned to Finance"
2079721,2026-01-14,House,1,"Introduced In House - Assigned to Agriculture, Water & Natural Resources"
2079722,2026-01-14,Senate,1,"Introduced In Senate - Assigned to Transportation & Energy"
2079742,2026-01-14,House,1,"Introduced In House - Assigned to Finance"
2079757,2026-01-14,House,1,"Introduced In House - Assigned to Judiciary"
2079769,2026-01-14,House,1,"Introduced In House - Assigned to Health & Human Services"
2079787,2026-01-14,House,1,"Introduced In House - Assigned to Health & Human Services"
2079805,2026-01-14,House,1,"Introduced In House - Assigned to State, Civic, Military, & Veterans Affairs"
2079817,2026-01-14,House,1,"Introduced In House - Assigned to Agriculture, Water & Natural Resources"
2079832,2026-01-14,House,1,"Introduced In House - Assigned to Education"
2079849,2026-01-14,House,1,"Introduced In House - Assigned to State, Civic, Military, & Veterans Affairs"
2079862,2026-01-14,House,1,"Introduced In House - Assigned to Finance"
2079878,2026-01-14,House,1,"Introduced In House - Assigned to"
2079878,2026-01-15,House,2,"House Third Reading Laid Over Daily - No Amendments"
2079878,2026-01-20,House,3,"House Third Reading Passed - No Amendments"
2079878,2026-01-21,Senate,4,"Introduced In Senate - Assigned to"
2079878,2026-01-21,Senate,5,"Senate Third Reading Passed - No Amendments"
2079878,2026-01-21,House,6,"Signed by the Speaker of the House"
2079892,2026-01-14,House,1,"Introduced In House - Assigned to Education"
2079907,2026-01-14,House,1,"Introduced In House - Assigned to Energy & Environment"
2079923,2026-01-14,House,1,"Introduced In House - Assigned to Judiciary"
2079936,2026-01-14,House,1,"Introduced In House - Assigned to Health & Human Services"
2079952,2026-01-14,House,1,"Introduced In House - Assigned to Finance"
2079969,2026-01-14,House,1,"Introduced In House - Assigned to Judiciary"
2079981,2026-01-14,House,1,"Introduced In House - Assigned to Judiciary"
2079996,2026-01-14,House,1,"Introduced In House - Assigned to Transportation, Housing & Local Government"
2080013,2026-01-14,House,1,"Introduced In House - Assigned to Education"
2080025,2026-01-14,House,1,"Introduced In House - Assigned to Finance"
2080042,2026-01-14,House,1,"Introduced In House - Assigned to Judiciary"
2080053,2026-01-14,House,1,"Introduced In House - Assigned to"
2080053,2026-01-15,House,2,"House Third Reading Laid Over Daily - No Amendments"
2080053,2026-01-20,House,3,"House Third Reading Passed - No Amendments"
2080053,2026-01-20,House,4,"Signed by the Speaker of the House"
2080071,2026-01-14,House,1,"Introduced In House - Assigned to State, Civic, Military, & Veterans Affairs"
2080085,2026-01-14,House,1,"Introduced In House - Assigned to Finance"
2080103,2026-01-14,House,1,"Introduced In House - Assigned to Judiciary"
2080117,2026-01-14,House,1,"Introduced In House - Assigned to Education"
2080135,2026-01-14,House,1,"Introduced In House - Assigned to Health & Human Services"
2080146,2026-01-14,House,1,"Introduced In House - Assigned to Health & Human Services"
2080163,2026-01-14,House,1,"Introduced In House - Assigned to Finance"
2080179,2026-01-14,House,1,"Introduced In House - Assigned to Health & Human Services"
2080192,2026-01-14,House,1,"Introduced In House - Assigned to Agriculture, Water & Natural Resources"
2080207,2026-01-14,House,1,"Introduced In House - Assigned to Finance"
2080219,2026-01-14,House,1,"Introduced In House - Assigned to Business Affairs & Labor"
2080238,2026-01-14,House,1,"Introduced In House - Assigned to Finance"
2080253,2026-01-14,House,1,"Introduced In House - Assigned to Health & Human Services"
2080267,2026-01-14,House,1,"Introduced In House - Assigned to Judiciary"
2080284,2026-01-14,House,1,"Introduced In House - Assigned to Business Affairs & Labor"
2080302,2026-01-14,Senate,1,"Introduced In Senate - Assigned to Transportation & Energy"
2080313,2026-01-14,House,1,"Introduced In House - Assigned to Education"
2080329,2026-01-14,House,1,"Introduced In House - Assigned to Agriculture, Water & Natural Resources"
2080342,2026-01-14,House,1,"Introduced In House - Assigned to Judiciary"
2080359,2026-01-14,House,1,"Introduced In House - Assigned to State, Civic, Military, & Veterans Affairs"
2080374,2026-01-14,Senate,1,"Introduced In Senate - Assigned to Health & Human Services"
2080386,2026-01-14,House,1,"Introduced In House - Assigned to Transportation, Housing & Local Government"
2080404,2026-01-14,House,1,"Introduced In House - Assigned to Transportation, Housing & Local Government"
2080420,2026-01-14,House,1,"Introduced In House - Assigned to Agriculture, Water & Natural Resources"
2080432,2026-01-14,House,1,"Introduced In House - Assigned to Finance"
2080447,2026-01-14,House,1,"Introduced In House - Assigned to Energy & Environment"
2080457,2026-01-14,Senate,1,"Introduced In Senate - Assigned to Transportation & Energy"
2081572,2026-01-15,House,1,"Introduced In House - Assigned to"
2081572,2026-01-16,House,2,"House Third Reading Passed - No Amendments"
2081572,2026-01-16,Senate,3,"Introduced In Senate - Assigned to"
2081572,2026-01-16,Senate,4,"Senate Third Reading Laid Over to 01/20/2026 - No Amendments"
2081572,2026-01-20,House,5,"Signed by the Speaker of the House"
2082584,2026-01-15,House,1,"Introduced In House - Assigned to"
2082584,2026-01-16,House,2,"House Third Reading Laid Over Daily - No Amendments"
2082584,2026-01-20,House,3,"House Third Reading Passed - No Amendments"
2082584,2026-01-21,Senate,4,"Introduced In Senate - Assigned to"
2082584,2026-01-21,Senate,5,"Senate Third Reading Laid Over to 01/26/2026 - No Amendments"
2085079,2026-01-16,Senate,1,"Introduced In Senate - Assigned to"
2085079,2026-01-16,Senate,2,"Senate Third Reading Laid Over to 01/30/2026 - No Amendments"
2089045,2026-01-21,House,1,"Introduced In House - Assigned to Finance"
2089162,2026-01-21,House,1,"Introduced In House - Assigned to Finance"
2089282,2026-01-21,House,1,"Introduced In House - Assigned to Agriculture, Water & Natural Resources"
2089397,2026-01-21,House,1,"Introduced In House - Assigned to State, Civic, Military, & Veterans Affairs"
2089513,2026-01-21,Senate,1,"Introduced In Senate - Assigned to"
2089513,2026-01-21,Senate,2,"Senate Third Reading Laid Over to 01/26/2026 - No Amendments"
2091200,2026-01-22,Senate,1,"Introduced In Senate - Assigned to Health & Human Services"
