bill_id,roll_call_id,date,chamber,description,yea,nay,nv,absent,total
2056491,1614392,2026-01-20,House,"House/ passed 3rd reading",74,0,0,1,75
2056491,1617752,2026-01-27,Senate,"Senate Comm - Consent Calendar Recommendation",4,0,0,3,7
2056491,1617947,2026-01-27,Senate,"Senate Comm - Favorable Recommendation",4,0,0,3,7
2056518,1614530,2026-01-20,House,"House/ passed 3rd reading",74,0,0,1,75
2056518,1618578,2026-01-28,Senate,"Senate Comm - Favorable Recommendation",4,0,0,3,7
2056546,1619787,2026-01-29,House,"House Comm - Substitute Recommendation",7,0,0,5,12
2056546,1619788,2026-01-29,House,"House Comm - Favorable Recommendation",6,1,0,5,12
2056705,1614694,2026-01-20,House,"House/ passed 3rd reading",73,0,0,2,75
2056705,1617026,2026-01-26,Senate,"Senate Comm - Favorable Recommendation",6,0,0,1,7
2056736,1614589,2026-01-20,Senate,"Senate/ passed 2nd & 3rd readings/ suspension",24,0,0,5,29
2056780,1614819,2026-01-20,Senate,"Senate/ passed 2nd & 3rd readings/ suspension",25,0,0,4,29
2056787,1614812,2026-01-20,Senate,"Senate/ passed 2nd & 3rd readings/ suspension",26,0,0,3,29
2056787,1614813,2026-01-20,Senate,"Senate/ passed 2nd & 3rd readings/ suspension",28,0,0,1,29
2056787,1619370,2026-01-29,House,"House Comm - Favorable Recommendation",11,0,0,0,11
2056794,1614814,2026-01-20,Senate,"Senate/ passed 2nd & 3rd readings/ suspension",26,0,0,3,29
2056794,1618315,2026-01-28,House,"House Comm - Favorable Recommendation",7,0,0,4,11
2056794,1618630,2026-01-28,House,"House Comm - Amended out Comm amendment",7,0,0,4,11
2056794,1620036,2026-01-30,House,"House/ passed 3rd reading",67,1,0,7,75
2056805,1614811,2026-01-20,Senate,"Senate/ passed 2nd & 3rd readings/ suspension",26,0,0,3,29
2056805,1620285,2026-01-30,House,"House Comm - Favorable Recommendation",9,0,0,5,14
2056812,1614816,2026-01-20,House,"House/ passed 3rd reading",74,1,0,0,75
2056812,1617323,2026-01-26,Senate,"Senate Comm - Substitute Recommendation",6,0,0,2,8
2056812,1617324,2026-01-26,Senate,"Senate Comm - Favorable Recommendation",6,0,0,2,8
2056812,1619231,2026-01-29,Senate,"Senate/ passed 2nd reading",29,0,0,0,29
2056819,1614820,2026-01-20,Senate,"Senate/ passed 2nd & 3rd readings/ suspension",28,0,0,1,29
2056819,1618631,2026-01-28,House,"House Comm - Favorable Recommendation",11,0,0,1,12
2056829,1614817,2026-01-20,Senate,"Senate/ passed 2nd & 3rd readings/ suspension",27,0,0,2,29
2056829,1619351,2026-01-29,House,"House Comm - Favorable Recommendation",8,0,0,4,12
2056844,1616820,2026-01-23,House,"House Comm - Substitute Recommendation",11,0,0,0,11
2056844,1616821,2026-01-23,House,"House Comm - Favorable Recommendation",11,0,0,0,11
2056862,1614821,2026-01-20,House,"House/ passed 3rd reading",75,0,0,0,75
2056862,1618031,2026-01-27,Senate,"Senate Comm - Favorable Recommendation",5,0,0,2,7
2056876,1615516,2026-01-21,House,"House Comm - Favorable Recommendation",10,0,0,2,12
2056876,1617079,2026-01-26,House,"House/ passed 3rd reading",71,3,0,1,75
2056876,1620133,2026-01-30,Senate,"Senate Comm - Favorable Recommendation",4,0,0,4,8
2056886,1614543,2026-01-20,Senate,"Senate/ passed 2nd & 3rd readings/ suspension",28,0,0,1,29
2056886,1618977,2026-01-28,House,"House Comm - Favorable Recommendation",7,0,0,4,11
2056886,1620041,2026-01-30,House,"House/ passed 3rd reading",72,1,0,2,75
2056893,1615507,2026-01-21,Senate,"Senate Comm - Favorable Recommendation",3,2,0,2,7
2056893,1617417,2026-01-27,Senate,"Senate/ passed 2nd reading",23,1,0,5,29
2056893,1618450,2026-01-28,Senate,"Senate/ passed 3rd reading",29,0,0,0,29
2056901,1614831,2026-01-20,Senate,"Senate/ passed 2nd & 3rd readings/ suspension",28,0,0,1,29
2056901,1619755,2026-01-28,House,"House Comm - Favorable Recommendation",9,0,0,5,14
2056910,1615265,2026-01-21,House,"House Comm - Amendment Recommendation",11,0,0,1,12
2056910,1615266,2026-01-21,House,"House Comm - Amendment Recommendation",11,0,0,1,12
2056910,1615267,2026-01-21,House,"House Comm - Favorable Recommendation",11,0,0,1,12
2056910,1616647,2026-01-23,House,"House/ passed 3rd reading",70,0,0,5,75
2056910,1620222,2026-01-30,Senate,"Senate Comm - Favorable Recommendation",5,0,0,3,8
2056916,1616722,2026-01-23,House,"House Comm - Substitute Recommendation",11,0,0,1,12
2056916,1616723,2026-01-23,House,"House Comm - Favorable Recommendation",11,0,0,1,12
2056934,1615193,2026-01-21,House,"House Comm - Favorable Recommendation",10,1,0,1,12
2056934,1616628,2026-01-23,House,"House/ passed 3rd reading",61,8,0,6,75
2056934,1620149,2026-01-30,Senate,"Senate Comm - Amendment Recommendation",5,0,0,3,8
2056934,1620150,2026-01-30,Senate,"Senate Comm - Favorable Recommendation",4,0,0,4,8
2056940,1615261,2026-01-21,Senate,"Senate/ passed 2nd reading",26,1,0,2,29
2056948,1616813,2026-01-23,House,"House Comm - Substitute Recommendation",9,0,0,2,11
2056948,1616814,2026-01-23,House,"House Comm - Amendment Recommendation",9,0,0,2,11
2056948,1616815,2026-01-23,House,"House Comm - Favorable Recommendation",9,0,0,2,11
2057189,1614776,2026-01-20,Senate,"Senate/ passed 2nd & 3rd readings/ suspension",26,0,0,3,29
2057189,1618323,2026-01-28,House,"House Comm - Favorable Recommendation",9,0,0,5,14
2057191,1617358,2026-01-26,House,"House Comm - Held",10,0,0,2,12
2057194,1616718,2026-01-23,House,"House Comm - Substitute Recommendation",8,0,0,6,14
2057194,1616719,2026-01-23,House,"House Comm - Amendment Recommendation",9,0,0,5,14
2057194,1616720,2026-01-23,House,"House Comm - Favorable Recommendation",8,1,0,5,14
2057199,1614625,2026-01-20,House,"House/ passed 3rd reading",70,3,0,2,75
2057200,1614818,2026-01-20,House,"House/ passed 3rd reading",74,1,0,0,75
2057200,1618867,2026-01-28,Senate,"Senate Comm - Favorable Recommendation",5,0,0,2,7
2057202,1614868,2026-01-20,Senate,"Senate/ passed 2nd & 3rd readings/ suspension",28,0,0,1,29
2057205,1616833,2026-01-23,Senate,"Senate Comm - Held",5,0,0,2,7
2057207,1614885,2026-01-20,House,"House/ passed 3rd reading",72,0,0,3,75
2057207,1617971,2026-01-27,Senate,"Senate Comm - Favorable Recommendation",6,0,0,3,9
2057208,1614887,2026-01-20,Senate,"Senate/ passed 2nd & 3rd readings/ suspension",28,0,0,1,29
2057208,1617946,2026-01-27,House,"House Comm - Favorable Recommendation",9,0,0,1,10
2057210,1614863,2026-01-20,House,"House/ passed 3rd reading",73,1,0,1,75
2057213,1615215,2026-01-21,House,"House Comm - Favorable Recommendation",11,0,0,1,12
2057213,1616690,2026-01-23,House,"House/ passed 3rd reading",72,0,0,3,75
2057213,1618851,2026-01-28,Senate,"Senate Comm - Favorable Recommendation",7,0,0,0,7
2057215,1614886,2026-01-20,Senate,"Senate/ passed 2nd & 3rd readings/ suspension",28,0,0,1,29
2058981,1614888,2026-01-20,House,"House/ passed 3rd reading",72,0,0,3,75
2058981,1618619,2026-01-28,Senate,"Senate Comm - Favorable Recommendation",3,0,0,3,6
2059265,1616674,2026-01-23,House,"House Comm - Substitute Recommendation",11,0,0,3,14
2059265,1616675,2026-01-23,House,"House Comm - Favorable Recommendation",11,0,0,3,14
2059285,1614677,2026-01-20,Senate,"Senate/ passed 2nd reading",28,0,0,1,29
2059285,1615092,2026-01-21,Senate,"Senate/ passed 3rd reading",26,0,0,3,29
2059306,1614801,2026-01-20,House,"House/ passed 3rd reading",69,1,0,5,75
2059306,1617654,2026-01-27,Senate,"Senate Comm - Favorable Recommendation",6,0,0,3,9
2059327,1619723,2026-01-29,House,"House Comm - Substitute Recommendation",9,0,0,3,12
2059327,1619724,2026-01-29,House,"House Comm - Favorable Recommendation",8,1,0,3,12
2059348,1614804,2026-01-20,Senate,"Senate/ passed 2nd & 3rd readings/ suspension",28,0,0,1,29
2059348,1620105,2026-01-30,House,"House Comm - Favorable Recommendation",8,0,0,2,10
2060247,1615005,2026-01-21,House,"House/ passed 3rd reading",70,3,0,2,75
2060247,1617023,2026-01-26,Senate,"Senate Comm - Substitute Recommendation",4,0,0,4,8
2060247,1617024,2026-01-26,Senate,"Senate Comm - Favorable Recommendation",5,0,0,3,8
2060248,1614862,2026-01-20,Senate,"Senate/ passed 2nd & 3rd readings/ suspension",26,0,0,3,29
2060248,1620247,2026-01-30,House,"House Comm - Favorable Recommendation",10,0,0,6,16
2060248,1620248,2026-01-30,House,"House Comm - Consent Calendar Recommendation",10,0,0,6,16
2060249,1615088,2026-01-21,House,"House/ passed 3rd reading",70,3,0,2,75
2060249,1618620,2026-01-28,Senate,"Senate Comm - Favorable Recommendation",5,0,0,2,7
2060250,1615600,2026-01-21,House,"House Comm - Substitute Recommendation",11,0,0,0,11
2060250,1615601,2026-01-21,House,"House Comm - Favorable Recommendation",11,0,0,0,11
2060252,1614650,2026-01-20,Senate,"Senate/ passed 2nd & 3rd readings/ suspension",27,0,0,2,29
2060255,1616181,2026-01-22,House,"House Comm - Favorable Recommendation",12,0,0,4,16
2060255,1620014,2026-01-30,House,"House/ passed 3rd reading",70,1,0,4,75
2060466,1615020,2026-01-21,House,"House/ passed 3rd reading",74,0,0,1,75
2060466,1617326,2026-01-26,Senate,"Senate Comm - Favorable Recommendation",5,0,0,2,7
2060476,1617018,2026-01-26,Senate,"Senate Comm - Substitute Recommendation",5,0,0,2,7
2060476,1617019,2026-01-26,Senate,"Senate Comm - Favorable Recommendation",4,1,0,2,7
2060485,1616757,2026-01-23,House,"House Comm - Substitute Recommendation",11,0,0,0,11
2060485,1616758,2026-01-23,House,"House Comm - Favorable Recommendation",11,0,0,0,11
2060496,1614883,2026-01-20,Senate,"Senate/ passed 2nd & 3rd readings/ suspension",24,0,0,5,29
2060496,1619750,2026-01-28,House,"House Comm - Favorable Recommendation",11,0,0,1,12
2060505,1617105,2026-01-26,House,"House Comm - Substitute Recommendation",10,0,0,1,11
2060505,1617106,2026-01-26,House,"House Comm - Favorable Recommendation",10,0,0,1,11
2060515,1616392,2026-01-22,House,"House/ passed 3rd reading",73,0,0,2,75
2060515,1617560,2026-01-27,Senate,"Senate Comm - Favorable Recommendation",6,0,0,2,8
2060523,1616285,2026-01-22,House,"House/ passed 3rd reading",50,19,0,6,75
2060540,1615530,2026-01-21,House,"House/ passed 3rd reading",63,12,0,0,75
2060550,1616187,2026-01-22,House,"House Comm - Amendment Recommendation",11,0,0,4,15
2060550,1616188,2026-01-22,House,"House Comm - Favorable Recommendation",11,0,0,4,15
2060550,1616189,2026-01-22,House,"House Comm - Consent Calendar Recommendation",11,0,0,4,15
2060561,1615748,2026-01-22,House,"House/ passed 3rd reading",75,0,0,0,75
2060561,1618835,2026-01-28,Senate,"Senate Comm - Consent Calendar Recommendation",5,0,0,2,7
2060561,1619455,2026-01-28,Senate,"Senate Comm - Favorable Recommendation",5,0,0,2,7
2060569,1616020,2026-01-22,Senate,"Senate Comm - Favorable Recommendation",4,0,0,4,8
2060577,1614702,2026-01-20,Senate,"Senate/ passed 2nd & 3rd readings/ suspension",26,0,0,3,29
2060596,1616724,2026-01-23,House,"House Comm - Substitute Recommendation",11,0,0,1,12
2060596,1616725,2026-01-23,House,"House Comm - Favorable Recommendation",11,0,0,1,12
2060681,1616429,2026-01-22,House,"House/ passed 3rd reading",74,0,0,1,75
2060681,1620108,2026-01-30,Senate,"Senate Comm - Favorable Recommendation",4,0,0,3,7
2060685,1616615,2026-01-23,House,"House Comm - Amendment Recommendation",11,0,0,3,14
2060685,1616616,2026-01-23,House,"House Comm - Favorable Recommendation",11,0,0,3,14
2060690,1614696,2026-01-20,Senate,"Senate/ passed 2nd & 3rd readings/ suspension",26,0,0,3,29
2060693,1616661,2026-01-23,House,"House Comm - Favorable Recommendation",9,0,0,5,14
2060700,1614654,2026-01-20,Senate,"Senate/ passed 2nd & 3rd readings/ suspension",26,0,0,3,29
2060705,1616765,2026-01-23,Senate,"Senate Comm - Favorable Recommendation",5,1,0,1,7
2060710,1617731,2026-01-27,House,"House Comm - Substitute Recommendation",11,0,0,5,16
2060710,1617732,2026-01-27,House,"House Comm - Favorable Recommendation",11,0,0,5,16
2060716,1616784,2026-01-23,House,"House Comm - Favorable Recommendation",7,2,0,5,14
2060728,1614673,2026-01-20,Senate,"Senate/ passed 2nd & 3rd readings/ suspension",25,0,0,4,29
2060734,1614457,2026-01-20,House,"House Comm - Substitute Recommendation",8,0,0,0,8
2060734,1614458,2026-01-20,House,"House Comm - Favorable Recommendation",8,0,0,0,8
2060734,1614903,2026-01-20,House,"House/ passed 3rd reading",72,1,0,2,75
2060739,1615089,2026-01-21,Senate,"Senate/ passed 2nd & 3rd readings/ suspension",24,0,0,5,29
2060746,1616209,2026-01-22,House,"House Comm - Substitute Recommendation",13,0,0,3,16
2060746,1616210,2026-01-22,House,"House Comm - Favorable Recommendation",11,0,0,5,16
2060746,1617462,2026-01-27,House,"House/ passed 3rd reading",67,2,0,6,75
2060754,1615275,2026-01-21,Senate,"Senate/ passed 2nd & 3rd readings/ suspension",28,0,0,1,29
2060757,1614787,2026-01-20,Senate,"Senate/ passed 2nd & 3rd readings/ suspension",26,0,0,3,29
2060763,1616152,2026-01-22,House,"House/ passed 3rd reading",70,0,0,5,75
2060763,1617845,2026-01-27,Senate,"Senate Comm - Consent Calendar Recommendation",5,0,0,2,7
2060763,1617964,2026-01-27,Senate,"Senate Comm - Favorable Recommendation",5,0,0,2,7
2060766,1617109,2026-01-26,Senate,"Senate Comm - Favorable Recommendation",7,1,0,0,8
2060768,1615294,2026-01-21,Senate,"Senate/ passed 2nd & 3rd readings/ suspension",26,0,0,3,29
2060774,1616155,2026-01-22,House,"House/ passed 3rd reading",60,11,0,4,75
2060774,1620111,2026-01-30,Senate,"Senate Comm - Substitute Recommendation",5,0,0,2,7
2060774,1620112,2026-01-30,Senate,"Senate Comm - Favorable Recommendation",6,0,0,1,7
2060779,1615859,2026-01-22,House,"House/ passed 3rd reading",73,1,0,1,75
2060779,1617502,2026-01-27,Senate,"Senate Comm - Favorable Recommendation",5,0,0,2,7
2060779,1617503,2026-01-27,Senate,"Senate Comm - Consent Calendar Recommendation",5,0,0,2,7
2060825,1616063,2026-01-22,House,"House Comm - Substitute Recommendation",13,0,0,1,14
2060825,1616064,2026-01-22,House,"House Comm - Favorable Recommendation",11,2,0,1,14
2060839,1614859,2026-01-20,Senate,"Senate/ passed 2nd & 3rd readings/ suspension",27,0,0,2,29
2060852,1614856,2026-01-20,House,"House Comm - Substitute Recommendation",8,0,0,0,8
2060852,1614857,2026-01-20,House,"House Comm - Favorable Recommendation",8,0,0,0,8
2060852,1618824,2026-01-28,House,"House/ passed 3rd reading",73,0,0,2,75
2060852,1620137,2026-01-30,Senate,"Senate Comm - Favorable Recommendation",7,0,0,2,9
2060865,1614858,2026-01-20,Senate,"Senate/ passed 2nd reading",19,8,0,2,29
2060893,1614864,2026-01-20,House,"House Comm - Substitute Recommendation",7,1,0,0,8
2060893,1614865,2026-01-20,House,"House Comm - Favorable Recommendation",7,1,0,0,8
2060893,1617488,2026-01-27,House,"House/ passed 3rd reading",70,1,0,4,75
2060893,1620271,2026-01-30,Senate,"Senate Comm - Favorable Recommendation",7,0,0,2,9
2060917,1615527,2026-01-21,House,"House Comm - Amendment Recommendation",9,0,0,3,12
2060917,1615528,2026-01-21,House,"House Comm - Favorable Recommendation",10,0,0,2,12
2060917,1617210,2026-01-26,House,"House/ passed 3rd reading",75,0,0,0,75
2060917,1620254,2026-01-30,Senate,"Senate Comm - Amendment Recommendation",5,0,0,3,8
2060917,1620255,2026-01-30,Senate,"Senate Comm - Favorable Recommendation",5,0,0,3,8
2060920,1615514,2026-01-21,Senate,"Senate Comm - Favorable Recommendation",4,0,0,4,8
2060920,1616115,2026-01-22,Senate,"Senate/ passed 2nd reading",26,0,0,3,29
2060926,1615999,2026-01-22,Senate,"Senate Comm - Amendment Recommendation",5,0,0,2,7
2060926,1616000,2026-01-22,Senate,"Senate Comm - Favorable Recommendation",4,1,0,2,7
2060928,1614826,2026-01-20,House,"House Comm - Favorable Recommendation",8,0,0,0,8
2060928,1616752,2026-01-23,House,"House/ passed 3rd reading",68,1,0,6,75
2060934,1614731,2026-01-20,Senate,"Senate/ passed 2nd reading",27,0,0,2,29
2060934,1615248,2026-01-21,Senate,"Senate/ passed 3rd reading",24,1,0,4,29
2060935,1615274,2026-01-21,House,"House Comm - Favorable Recommendation",11,0,0,0,11
2060935,1617498,2026-01-27,House,"House/ passed 3rd reading",72,0,0,3,75
2060937,1616216,2026-01-22,House,"House Comm - Substitute Recommendation",8,0,0,2,10
2060937,1616217,2026-01-22,House,"House Comm - Amendment Recommendation",8,0,0,2,10
2060937,1616218,2026-01-22,House,"House Comm - Favorable Recommendation",8,0,0,2,10
2060937,1619302,2026-01-29,House,"House/ passed 3rd reading",72,0,0,3,75
2060943,1616426,2026-01-22,House,"House Comm - Favorable Recommendation",10,1,0,4,15
2060943,1620221,2026-01-30,House,"House/ passed 3rd reading",72,0,0,3,75
2060946,1616799,2026-01-23,House,"House/ passed 3rd reading",71,0,0,4,75
2060946,1619445,2026-01-28,Senate,"Senate Comm - Favorable Recommendation",5,0,0,2,7
2060949,1616663,2026-01-23,House,"House Comm - Refer to Committee",11,0,0,0,11
2060949,1618930,2026-01-28,House,"House Comm - Favorable Recommendation",7,1,0,3,11
2060950,1616670,2026-01-23,House,"House Comm - Favorable Recommendation",10,0,0,1,11
2060952,1617349,2026-01-26,House,"House Comm - Held",9,0,0,3,12
2060956,1616759,2026-01-23,House,"House Comm - Substitute Recommendation",11,0,0,0,11
2060956,1616760,2026-01-23,House,"House Comm - Favorable Recommendation",11,0,0,0,11
2060960,1616767,2026-01-23,House,"House Comm - Motion to Recommend Failed",2,9,0,0,11
2060964,1617206,2026-01-26,Senate,"Senate Comm - Substitute Recommendation",5,0,0,2,7
2060964,1617207,2026-01-26,Senate,"Senate Comm - Favorable Recommendation",4,2,0,1,7
2060969,1615539,2026-01-21,House,"House Comm - Favorable Recommendation",6,4,0,2,12
2060969,1616537,2026-01-23,House,"House/ passed 3rd reading",55,11,0,9,75
2060969,1618574,2026-01-28,Senate,"Senate Comm - Favorable Recommendation",4,0,0,3,7
2060971,1618856,2026-01-28,House,"House Comm - Favorable Recommendation",6,0,0,5,11
2061103,1616036,2026-01-22,House,"House Comm - Favorable Recommendation",10,3,0,3,16
2061103,1618762,2026-01-28,House,"House/ passed 3rd reading",39,33,0,3,75
2061108,1617321,2026-01-26,House,"House Comm - Favorable Recommendation",9,0,0,3,12
2061110,1615287,2026-01-21,Senate,"Senate Comm - Favorable Recommendation",4,0,0,3,7
2061129,1618029,2026-01-27,House,"House Comm - Held",14,0,0,1,15
2061134,1620052,2026-01-30,House,"House Comm - Substitute Recommendation",11,0,0,3,14
2061134,1620053,2026-01-30,House,"House Comm - Favorable Recommendation",11,0,0,3,14
2061138,1615269,2026-01-21,Senate,"Senate Comm - Favorable Recommendation",4,0,0,3,7
2061138,1617095,2026-01-26,Senate,"Senate/ passed 2nd reading",21,6,0,2,29
2061138,1617551,2026-01-27,Senate,"Senate/ passed 3rd reading",26,1,0,2,29
2061141,1616717,2026-01-23,House,"House Comm - Favorable Recommendation",8,0,0,3,11
2061154,1619765,2026-01-29,House,"House Comm - Favorable Recommendation",10,0,0,2,12
2061171,1617063,2026-01-26,House,"House Comm - Favorable Recommendation",9,0,0,2,11
2061174,1616728,2026-01-23,House,"House Comm - Favorable Recommendation",10,0,0,4,14
2061182,1615284,2026-01-21,Senate,"Senate Comm - Substitute Recommendation",6,0,0,1,7
2061182,1615285,2026-01-21,Senate,"Senate Comm - Favorable Recommendation",5,0,0,2,7
2061182,1617719,2026-01-27,Senate,"Senate/ passed 2nd reading",23,0,0,6,29
2061182,1619182,2026-01-29,Senate,"Senate/ passed 3rd reading",26,0,0,3,29
2061187,1616003,2026-01-22,Senate,"Senate Comm - Favorable Recommendation",5,0,0,2,7
2061211,1616119,2026-01-22,House,"House Comm - Favorable Recommendation",11,0,0,3,14
2061218,1615302,2026-01-21,Senate,"Senate Comm - Amendment Recommendation",4,0,0,3,7
2061218,1615303,2026-01-21,Senate,"Senate Comm - Favorable Recommendation",3,1,0,3,7
2061218,1617446,2026-01-27,Senate,"Senate/ passed 2nd reading",26,0,0,3,29
2061218,1618112,2026-01-28,Senate,"Senate/ passed 3rd reading",29,0,0,0,29
2061224,1619776,2026-01-29,Senate,"Senate Comm - Amendment Recommendation",5,0,0,2,7
2061224,1619777,2026-01-29,Senate,"Senate Comm - Motion to Recommend Failed",2,3,0,2,7
2061239,1618592,2026-01-28,House,"House Comm - Favorable Recommendation",9,0,0,5,14
2061245,1617347,2026-01-26,Senate,"Senate Comm - Favorable Recommendation",3,0,0,4,7
2061273,1616808,2026-01-23,House,"House Comm - Substitute Recommendation",11,0,0,0,11
2061273,1616809,2026-01-23,House,"House Comm - Favorable Recommendation",11,0,0,0,11
2061290,1617581,2026-01-27,Senate,"Senate Comm - Favorable Recommendation",5,0,0,4,9
2061303,1619752,2026-01-28,Senate,"Senate Comm - Favorable Recommendation",4,1,0,2,7
2061324,1616688,2026-01-23,House,"House Comm - Favorable Recommendation",10,0,0,1,11
2061356,1620286,2026-01-30,House,"House Comm - Amendment Recommendation",11,0,0,3,14
2061356,1620287,2026-01-30,House,"House Comm - Favorable Recommendation",11,0,0,3,14
2061374,1615596,2026-01-21,Senate,"Senate Comm - Substitute Recommendation",4,0,0,4,8
2061374,1615597,2026-01-21,Senate,"Senate Comm - Favorable Recommendation",5,0,0,3,8
2061376,1615586,2026-01-21,Senate,"Senate Comm - Favorable Recommendation",4,0,0,3,7
2061376,1616034,2026-01-22,Senate,"Senate/ passed 2nd reading",29,0,0,0,29
2061376,1617857,2026-01-27,Senate,"Senate/ passed 3rd reading",27,0,0,2,29
2061381,1616811,2026-01-23,House,"House Comm - Favorable Recommendation",12,0,0,0,12
2061416,1617351,2026-01-26,Senate,"Senate Comm - Favorable Recommendation",4,2,0,1,7
2064967,1616753,2026-01-23,House,"House Comm - Amendment Recommendation",11,0,0,1,12
2064967,1616754,2026-01-23,House,"House Comm - Favorable Recommendation",11,0,0,1,12
2064969,1617568,2026-01-27,Senate,"Senate Comm - Favorable Recommendation",5,0,0,4,9
2064972,1618892,2026-01-28,Senate,"Senate Comm - Favorable Recommendation",4,1,0,2,7
2064979,1617173,2026-01-26,House,"House Comm - Amendment Recommendation",10,0,0,2,12
2064979,1617174,2026-01-26,House,"House Comm - Favorable Recommendation",10,0,0,2,12
2064985,1616007,2026-01-22,Senate,"Senate Comm - Held",6,0,0,1,7
2064991,1617228,2026-01-26,Senate,"Senate Comm - Favorable Recommendation",4,0,0,3,7
2064992,1615517,2026-01-21,Senate,"Senate Comm - Substitute Recommendation",6,0,0,1,7
2064992,1615518,2026-01-21,Senate,"Senate Comm - Favorable Recommendation",6,1,0,0,7
2064992,1620264,2026-01-30,Senate,"Senate/ passed 2nd reading",26,0,0,3,29
2064995,1617005,2026-01-26,House,"House Comm - Substitute Recommendation",7,0,0,5,12
2064995,1617006,2026-01-26,House,"House Comm - Favorable Recommendation",7,0,0,5,12
2064996,1618160,2026-01-27,Senate,"Senate Comm - Favorable Recommendation",5,0,0,4,9
2065219,1617570,2026-01-27,House,"House Comm - Amendment Recommendation",12,0,0,3,15
2065219,1617571,2026-01-27,House,"House Comm - Favorable Recommendation",12,0,0,3,15
2065224,1618790,2026-01-28,Senate,"Senate Comm - Favorable Recommendation",5,1,0,1,7
2065224,1619684,2026-01-28,Senate,"Senate Comm - Substitute Recommendation",5,0,0,2,7
2065235,1616831,2026-01-23,House,"House Comm - Amendment Recommendation",10,1,0,1,12
2065235,1616832,2026-01-23,House,"House Comm - Favorable Recommendation",9,3,0,0,12
2065240,1618827,2026-01-28,House,"House Comm - Favorable Recommendation",6,0,0,5,11
2065240,1619747,2026-01-28,House,"House Comm - Substitute Recommendation",6,0,0,5,11
2065253,1615988,2026-01-22,House,"House Comm - Favorable Recommendation",10,0,0,5,15
2065264,1616033,2026-01-22,House,"House Comm - Favorable Recommendation",10,0,0,5,15
2065264,1620220,2026-01-30,House,"House/ passed 3rd reading",71,1,0,3,75
2065282,1617569,2026-01-27,Senate,"Senate Comm - Favorable Recommendation",5,0,0,4,9
2065299,1620215,2026-01-30,House,"House Comm - Held",11,0,0,4,15
2065316,1615508,2026-01-21,Senate,"Senate Comm - Amendment Recommendation",5,0,0,2,7
2065316,1615509,2026-01-21,Senate,"Senate Comm - Favorable Recommendation",5,0,0,2,7
2065326,1617365,2026-01-26,Senate,"Senate Comm - Substitute Recommendation",3,0,0,4,7
2065326,1617366,2026-01-26,Senate,"Senate Comm - Favorable Recommendation",2,1,0,4,7
2065330,1619784,2026-01-29,House,"House Comm - Substitute Recommendation",10,0,0,1,11
2065330,1619785,2026-01-29,House,"House Comm - Favorable Recommendation",8,2,0,1,11
2065564,1617029,2026-01-26,House,"House Comm - Substitute Recommendation",10,0,0,1,11
2065564,1617030,2026-01-26,House,"House Comm - Favorable Recommendation",10,0,0,1,11
2065872,1616692,2026-01-23,Senate,"Senate Comm - Favorable Recommendation",3,0,0,3,6
2065884,1616740,2026-01-23,Senate,"Senate Comm - Favorable Recommendation",6,0,0,1,7
2065897,1617578,2026-01-27,Senate,"Senate Comm - Favorable Recommendation",5,0,0,4,9
2065910,1617593,2026-01-27,Senate,"Senate Comm - Favorable Recommendation",3,0,0,4,7
2065923,1615234,2026-01-21,Senate,"Senate Comm - Substitute Recommendation",4,0,0,3,7
2065923,1615235,2026-01-21,Senate,"Senate Comm - Favorable Recommendation",5,0,0,2,7
2065948,1617354,2026-01-26,Senate,"Senate Comm - Substitute Recommendation",3,0,0,4,7
2065948,1617355,2026-01-26,Senate,"Senate Comm - Favorable Recommendation",3,0,0,4,7
2066009,1618629,2026-01-28,House,"House Comm - Favorable Recommendation",5,0,0,3,8
2066044,1617337,2026-01-26,House,"House Comm - Favorable Recommendation",9,1,0,2,12
2066044,1619202,2026-01-29,House,"House/ passed 3rd reading",70,0,0,5,75
2066056,1615587,2026-01-21,Senate,"Senate Comm - Favorable Recommendation",5,0,0,3,8
2066056,1616042,2026-01-22,Senate,"Senate/ passed 2nd reading",25,0,0,4,29
2066056,1616697,2026-01-23,Senate,"Senate/ passed 3rd reading",27,0,0,2,29
2066068,1616972,2026-01-26,Senate,"Senate Comm - Favorable Recommendation",4,0,0,3,7
2066082,1615470,2026-01-21,Senate,"Senate Comm - Favorable Recommendation",3,1,0,3,7
2066094,1620142,2026-01-30,House,"House Comm - Favorable Recommendation",11,2,0,2,15
2066106,1620126,2026-01-30,House,"House Comm - Substitute Recommendation",11,0,0,3,14
2066106,1620127,2026-01-30,House,"House Comm - Motion to Recommend Failed",6,6,0,2,14
2066156,1616812,2026-01-23,Senate,"Senate Comm - Favorable Recommendation",4,0,0,2,6
2066179,1617325,2026-01-26,House,"House Comm - Held",9,1,0,2,12
2066228,1615574,2026-01-21,Senate,"Senate Comm - Favorable Recommendation",6,0,0,2,8
2066228,1616101,2026-01-22,Senate,"Senate/ passed 2nd reading",27,0,0,2,29
2066228,1616704,2026-01-23,Senate,"Senate/ passed 3rd reading",27,0,0,2,29
2066277,1615930,2026-01-22,Senate,"Senate Comm - Favorable Recommendation",5,0,0,3,8
2066325,1617678,2026-01-27,House,"House Comm - Substitute Recommendation",13,0,0,1,14
2066325,1617679,2026-01-27,House,"House Comm - Favorable Recommendation",10,3,0,1,14
2066454,1617589,2026-01-27,House,"House Comm - Favorable Recommendation",13,0,0,2,15
2066843,1617590,2026-01-27,Senate,"Senate Comm - Favorable Recommendation",5,0,0,4,9
2066878,1620143,2026-01-30,House,"House Comm - Substitute Recommendation",12,0,0,4,16
2066878,1620144,2026-01-30,House,"House Comm - Favorable Recommendation",11,1,0,4,16
2066985,1617934,2026-01-27,House,"House Comm - Favorable Recommendation",11,3,0,0,14
2066985,1618455,2026-01-27,House,"House Comm - Amendment Recommendation",14,0,0,0,14
2067124,1615253,2026-01-21,Senate,"Senate Comm - Substitute Recommendation",5,0,0,2,7
2067124,1615254,2026-01-21,Senate,"Senate Comm - Favorable Recommendation",5,0,0,2,7
2067159,1618889,2026-01-28,Senate,"Senate Comm - Substitute Recommendation",3,0,0,3,6
2067159,1618890,2026-01-28,Senate,"Senate Comm - Favorable Recommendation",4,0,0,2,6
2067193,1619557,2026-01-29,House,"House Comm - Held",10,0,0,1,11
2067227,1618430,2026-01-28,House,"House Comm - Held",11,0,0,1,12
2067264,1616014,2026-01-22,House,"House Comm - Favorable Recommendation",13,0,0,1,14
2067442,1618952,2026-01-28,Senate,"Senate Comm - Favorable Recommendation",3,2,0,2,7
2067442,1619446,2026-01-28,Senate,"Senate Comm - Substitute Recommendation",6,0,0,1,7
2067507,1620160,2026-01-30,House,"House Comm - Amendment Recommendation",11,0,0,3,14
2067507,1620161,2026-01-30,House,"House Comm - Favorable Recommendation",11,0,0,3,14
2067530,1616795,2026-01-23,House,"House Comm - Amendment Recommendation",12,0,0,0,12
2067530,1616796,2026-01-23,House,"House Comm - Favorable Recommendation",12,0,0,0,12
2067649,1616019,2026-01-22,Senate,"Senate Comm - Favorable Recommendation",4,0,0,4,8
2067699,1617583,2026-01-27,Senate,"Senate Comm - Substitute Recommendation",6,0,0,3,9
2067699,1617584,2026-01-27,Senate,"Senate Comm - Favorable Recommendation",6,0,0,3,9
2067750,1615437,2026-01-21,Senate,"Senate Comm - Amendment Recommendation",6,0,0,2,8
2067750,1615438,2026-01-21,Senate,"Senate Comm - Favorable Recommendation",6,0,0,2,8
2067750,1616105,2026-01-22,Senate,"Senate/ passed 2nd reading",26,0,0,3,29
2067750,1616573,2026-01-23,Senate,"Senate/ passed 3rd reading",25,0,0,4,29
2067773,1615513,2026-01-21,Senate,"Senate Comm - Favorable Recommendation",5,0,0,2,7
2067799,1619451,2026-01-28,House,"House Comm - Favorable Recommendation",6,0,0,5,11
2067847,1616294,2026-01-22,House,"House Comm - Substitute Recommendation",8,0,0,2,10
2067847,1616295,2026-01-22,House,"House Comm - Favorable Recommendation",8,0,0,2,10
2067847,1619625,2026-01-29,House,"House/ passed 3rd reading",69,0,0,6,75
2067866,1620256,2026-01-30,House,"House Comm - Amendment Recommendation",14,0,0,1,15
2067866,1620257,2026-01-30,House,"House Comm - Favorable Recommendation",12,2,0,1,15
2067891,1616828,2026-01-23,Senate,"Senate Comm - Substitute Recommendation",7,0,0,0,7
2067891,1616829,2026-01-23,Senate,"Senate Comm - Amendment Recommendation",6,0,0,1,7
2067891,1616830,2026-01-23,Senate,"Senate Comm - Favorable Recommendation",6,0,0,1,7
2067915,1618628,2026-01-28,House,"House Comm - Favorable Recommendation",6,0,0,2,8
2067940,1616667,2026-01-23,House,"House Comm - Substitute Recommendation",10,0,0,1,11
2067940,1616668,2026-01-23,House,"House Comm - Favorable Recommendation",10,0,0,1,11
2067966,1617247,2026-01-26,Senate,"Senate Comm - Favorable Recommendation",3,0,0,4,7
2068881,1617591,2026-01-27,House,"House Comm - Amendment Recommendation",9,0,0,1,10
2068881,1617592,2026-01-27,House,"House Comm - Favorable Recommendation",9,0,0,1,10
2068912,1619661,2026-01-29,House,"House Comm - Favorable Recommendation",11,0,0,0,11
2068943,1616448,2026-01-22,Senate,"Senate Comm - Substitute Recommendation",6,0,0,3,9
2068943,1616449,2026-01-22,Senate,"Senate Comm - Favorable Recommendation",6,0,0,3,9
2068943,1617050,2026-01-26,Senate,"Senate/ passed 2nd reading",25,1,0,3,29
2068943,1617556,2026-01-27,Senate,"Senate/ passed 3rd reading",26,1,0,2,29
2068989,1615599,2026-01-21,Senate,"Senate Comm - Favorable Recommendation",3,2,0,3,8
2069018,1618545,2026-01-28,Senate,"Senate Comm - Favorable Recommendation",3,0,0,4,7
2069018,1618632,2026-01-28,Senate,"Senate Comm - Substitute Recommendation",3,0,0,4,7
2069036,1616649,2026-01-23,Senate,"Senate Comm - Substitute Recommendation",3,0,0,3,6
2069036,1616650,2026-01-23,Senate,"Senate Comm - Favorable Recommendation",4,1,0,1,6
2069095,1617082,2026-01-26,Senate,"Senate Comm - Substitute Recommendation",5,0,0,3,8
2069095,1617083,2026-01-26,Senate,"Senate Comm - Favorable Recommendation",6,0,0,2,8
2069106,1617588,2026-01-27,House,"House Comm - Held",10,1,0,5,16
2069123,1616193,2026-01-22,House,"House Comm - Amendment Recommendation",9,0,0,1,10
2069123,1616194,2026-01-22,House,"House Comm - Favorable Recommendation",5,3,0,2,10
2069123,1619209,2026-01-29,House,"House/ passed 3rd reading",70,1,0,4,75
2069138,1617704,2026-01-27,House,"House Comm - Substitute Recommendation",14,0,0,0,14
2069138,1617705,2026-01-27,House,"House Comm - Favorable Recommendation",9,4,0,1,14
2069177,1620145,2026-01-30,House,"House Comm - Substitute Recommendation",13,0,0,3,16
2069177,1620146,2026-01-30,House,"House Comm - Favorable Recommendation",10,3,0,3,16
2069570,1617317,2026-01-26,House,"House Comm - Favorable Recommendation",8,0,0,4,12
2069570,1617318,2026-01-26,House,"House Comm - Consent Calendar Recommendation",8,0,0,4,12
2069570,1619611,2026-01-29,House,"House/ passed 3rd reading",70,0,0,5,75
2069719,1615374,2026-01-21,House,"House Comm - Substitute Recommendation",12,0,0,0,12
2069719,1615375,2026-01-21,House,"House Comm - Amendment Recommendation",12,0,0,0,12
2069719,1615376,2026-01-21,House,"House Comm - Favorable Recommendation",9,3,0,0,12
2069719,1616956,2026-01-26,House,"House/ passed 3rd reading",62,13,0,0,75
2069867,1615181,2026-01-21,Senate,"Senate Comm - Substitute Recommendation",5,0,0,2,7
2069867,1615182,2026-01-21,Senate,"Senate Comm - Favorable Recommendation",5,0,0,2,7
2069971,1618766,2026-01-28,Senate,"Senate Comm - Favorable Recommendation",3,2,0,2,7
2069971,1619448,2026-01-28,Senate,"Senate Comm - Substitute Recommendation",5,0,0,2,7
2070003,1617033,2026-01-26,House,"House Comm - Substitute Recommendation",10,0,0,2,12
2070003,1617034,2026-01-26,House,"House Comm - Favorable Recommendation",10,0,0,2,12
2070064,1615485,2026-01-21,House,"House Comm - Held",9,0,0,3,12
2070064,1619349,2026-01-29,House,"House Comm - Amendment Recommendation",9,0,0,3,12
2070064,1619350,2026-01-29,House,"House Comm - Favorable Recommendation",9,0,0,3,12
2070064,1619745,2026-01-29,House,"House Comm - Substitute Recommendation",9,0,0,3,12
2070080,1615568,2026-01-21,Senate,"Senate Comm - Substitute Recommendation",4,0,0,4,8
2070080,1615569,2026-01-21,Senate,"Senate Comm - Favorable Recommendation",5,0,0,3,8
2070080,1615918,2026-01-22,Senate,"Senate/ passed 2nd reading",25,0,0,4,29
2070080,1616629,2026-01-23,Senate,"Senate/ passed 3rd reading",27,0,0,2,29
2070113,1619743,2026-01-29,House,"House Comm - Substitute Recommendation",10,0,0,2,12
2070113,1619744,2026-01-29,House,"House Comm - Favorable Recommendation",9,1,0,2,12
2071009,1619376,2026-01-29,House,"House Comm - Favorable Recommendation",7,2,0,3,12
2071044,1617594,2026-01-27,House,"House Comm - Tabled",9,3,0,3,15
2071122,1615392,2026-01-21,Senate,"Senate Comm - Favorable Recommendation",4,2,0,1,7
2071162,1615272,2026-01-21,Senate,"Senate Comm - Substitute Recommendation",6,0,0,2,8
2071162,1615273,2026-01-21,Senate,"Senate Comm - Favorable Recommendation",5,0,0,3,8
2071162,1617540,2026-01-27,Senate,"Senate/ passed 2nd reading",26,0,0,3,29
2071162,1618831,2026-01-28,Senate,"Senate/ passed 3rd reading",25,0,0,4,29
2071201,1619734,2026-01-29,House,"House Comm - Substitute Recommendation",11,0,0,0,11
2071201,1619735,2026-01-29,House,"House Comm - Favorable Recommendation",11,0,0,0,11
2071242,1616694,2026-01-23,Senate,"Senate Comm - Favorable Recommendation",4,0,0,2,6
2071318,1617193,2026-01-26,Senate,"Senate Comm - Favorable Recommendation",4,0,0,3,7
2071472,1619486,2026-01-29,Senate,"Senate Comm - Substitute Recommendation",3,0,0,4,7
2071472,1619487,2026-01-29,Senate,"Senate Comm - Favorable Recommendation",4,0,0,3,7
2071614,1620109,2026-01-30,Senate,"Senate Comm - Amendment Recommendation",8,0,0,1,9
2071614,1620110,2026-01-30,Senate,"Senate Comm - Favorable Recommendation",6,3,0,0,9
2071717,1620262,2026-01-30,House,"House Comm - Favorable Recommendation",8,6,0,1,15
2071770,1618382,2026-01-28,House,"House Comm - Substitute Recommendation",7,0,0,4,11
2071770,1618383,2026-01-28,House,"House Comm - Favorable Recommendation",7,0,0,4,11
2071924,1619468,2026-01-29,House,"House Comm - Favorable Recommendation",10,0,0,1,11
2072701,1620303,2026-01-30,House,"House Comm - Substitute Recommendation",11,0,0,4,15
2072701,1620304,2026-01-30,House,"House Comm - Favorable Recommendation",8,4,0,3,15
2072962,1617072,2026-01-26,House,"House Comm - Favorable Recommendation",11,0,0,1,12
2073091,1617028,2026-01-26,House,"House Comm - Favorable Recommendation",10,0,0,2,12
2073391,1620091,2026-01-30,Senate,"Senate Comm - Favorable Recommendation",8,0,0,1,9
2073428,1615515,2026-01-21,Senate,"Senate/ passed 2nd reading",28,0,0,1,29
2073428,1617734,2026-01-27,Senate,"Senate/ passed 3rd reading",26,0,0,3,29
2073465,1618288,2026-01-28,Senate,"Senate Comm - Favorable Recommendation",3,0,0,3,6
2073465,1618633,2026-01-28,Senate,"Senate Comm - Substitute Recommendation",4,0,0,2,6
2073581,1620305,2026-01-30,House,"House Comm - Substitute Recommendation",9,0,0,5,14
2073581,1620306,2026-01-30,House,"House Comm - Favorable Recommendation",9,0,0,5,14
2073618,1620238,2026-01-30,House,"House Comm - Amendment Recommendation",8,0,0,2,10
2073618,1620239,2026-01-30,House,"House Comm - Favorable Recommendation",8,0,0,2,10
2073659,1616818,2026-01-23,Senate,"Senate Comm - Favorable Recommendation",5,0,0,1,6
2073696,1620092,2026-01-30,Senate,"Senate Comm - Favorable Recommendation",8,0,0,1,9
2073772,1616696,2026-01-23,Senate,"Senate Comm - Favorable Recommendation",4,0,0,2,6
2073813,1617062,2026-01-26,Senate,"Senate Comm - Favorable Recommendation",5,0,0,2,7
2073887,1617032,2026-01-26,Senate,"Senate Comm - Favorable Recommendation",7,0,0,0,7
2078308,1617936,2026-01-27,House,"House Comm - Favorable Recommendation",9,4,0,1,14
2078308,1618621,2026-01-27,House,"House Comm - Amendment Recommendation",12,0,0,2,14
2078543,1616466,2026-01-22,Senate,"Senate Comm - Tabled",6,3,0,0,9
2078664,1616031,2026-01-22,Senate,"Senate Comm - Favorable Recommendation",4,2,0,1,7
2078839,1617214,2026-01-26,Senate,"Senate Comm - Substitute Recommendation",5,0,0,2,7
2078839,1617215,2026-01-26,Senate,"Senate Comm - Favorable Recommendation",5,1,0,1,7
2079019,1617191,2026-01-26,Senate,"Senate Comm - Favorable Recommendation",5,0,0,2,7
2079078,1618855,2026-01-28,House,"House Comm - Favorable Recommendation",7,0,0,4,11
2079078,1619466,2026-01-28,House,"House Comm - Substitute Recommendation",7,0,0,4,11
2079137,1616011,2026-01-22,Senate,"Senate Comm - Substitute Recommendation",4,0,0,3,7
2079137,1616012,2026-01-22,Senate,"Senate Comm - Favorable Recommendation",4,1,0,2,7
2079256,1616827,2026-01-23,Senate,"Senate Comm - Favorable Recommendation",7,0,0,0,7
2079256,1618833,2026-01-28,Senate,"Senate/ passed 2nd reading",28,0,0,1,29
2079256,1619454,2026-01-29,Senate,"Senate/ passed 3rd reading",24,0,0,5,29
2079316,1616172,2026-01-22,Senate,"Senate Comm - Favorable Recommendation",4,1,0,2,7
2079374,1620288,2026-01-30,House,"House Comm - Favorable Recommendation",6,1,0,3,10
2079663,1616454,2026-01-22,Senate,"Senate Comm - Substitute Recommendation",9,0,0,0,9
2079663,1616455,2026-01-22,Senate,"Senate Comm - Amendment Recommendation",9,0,0,0,9
2079663,1616456,2026-01-22,Senate,"Senate Comm - Favorable Recommendation",8,1,0,0,9
2079663,1616577,2026-01-23,Senate,"Senate/ passed 2nd reading",22,7,0,0,29
2079663,1616984,2026-01-26,Senate,"Senate/ passed 3rd reading",21,8,0,0,29
2079663,1618966,2026-01-28,House,"House Comm - Favorable Recommendation",7,2,0,2,11
2079663,1619961,2026-01-30,House,"House/ passed 3rd reading",57,18,0,0,75
2081573,1620297,2026-01-30,House,"House Comm - Substitute Recommendation",8,0,0,2,10
2081573,1620298,2026-01-30,House,"House Comm - Amendment Recommendation",8,0,0,2,10
2081573,1620299,2026-01-30,House,"House Comm - Favorable Recommendation",8,0,0,2,10
2081798,1616711,2026-01-23,Senate,"Senate Comm - Favorable Recommendation",6,0,0,1,7
2081913,1617924,2026-01-27,House,"House Comm - Favorable Recommendation",12,0,0,2,14
2081913,1618622,2026-01-27,House,"House Comm - Substitute Recommendation",12,0,0,2,14
2082247,1617139,2026-01-26,Senate,"Senate Comm - Amendment Recommendation",4,0,0,4,8
2082247,1617140,2026-01-26,Senate,"Senate Comm - Favorable Recommendation",4,0,0,4,8
2082357,1620147,2026-01-30,House,"House Comm - Favorable Recommendation",12,0,0,4,16
2082469,1617194,2026-01-26,Senate,"Senate Comm - Amendment Recommendation",5,0,0,2,7
2082469,1617195,2026-01-26,Senate,"Senate Comm - Favorable Recommendation",5,0,0,2,7
2084002,1616836,2026-01-23,Senate,"Senate Comm - Substitute Recommendation",6,0,0,1,7
2084002,1616837,2026-01-23,Senate,"Senate Comm - Favorable Recommendation",5,1,0,1,7
2084029,1618462,2026-01-28,Senate,"Senate/ passed 2nd & 3rd readings/ suspension",28,0,0,1,29
2084029,1619465,2026-01-29,House,"House/ passed 3rd reading",73,0,0,2,75
2084113,1618451,2026-01-28,Senate,"Senate/ passed 2nd & 3rd readings/ suspension",27,0,0,2,29
2084113,1619449,2026-01-29,House,"House/ passed 3rd reading",71,0,0,4,75
2084227,1618526,2026-01-28,Senate,"Senate/ passed 2nd & 3rd readings/ suspension",28,0,0,1,29
2084227,1619447,2026-01-29,House,"House/ passed 3rd reading",74,0,0,1,75
2084258,1618453,2026-01-28,House,"House Comm - Favorable Recommendation",9,2,0,0,11
2084258,1618623,2026-01-28,House,"House Comm - Substitute Recommendation",11,0,0,0,11
2084344,1618473,2026-01-28,House,"House/ passed 3rd reading",73,0,0,2,75
2084344,1619458,2026-01-29,Senate,"Senate/ passed 2nd & 3rd readings/ suspension",26,0,0,3,29
2084372,1615977,2026-01-22,Senate,"Senate Comm - Favorable Recommendation",5,0,0,3,8
2084403,1618834,2026-01-28,Senate,"Senate/ passed 2nd & 3rd readings/ suspension",27,0,0,2,29
2084403,1619453,2026-01-29,House,"House/ passed 3rd reading",71,0,0,4,75
2084433,1615747,2026-01-22,Senate,"Senate/ passed 2nd reading",25,0,0,4,29
2084488,1617097,2026-01-26,Senate,"Senate Comm - Favorable Recommendation",6,0,0,2,8
2084520,1618857,2026-01-28,Senate,"Senate/ passed 2nd & 3rd readings/ suspension",26,0,0,3,29
2084520,1619359,2026-01-29,House,"House/ passed 3rd reading",71,0,0,4,75
2084548,1618267,2026-01-28,House,"House/ passed 3rd reading",74,0,0,1,75
2084548,1619362,2026-01-29,Senate,"Senate/ passed 2nd & 3rd readings/ suspension",26,0,0,3,29
2084606,1618788,2026-01-28,House,"House/ passed 3rd reading",71,0,0,4,75
2084606,1619461,2026-01-29,Senate,"Senate/ passed 2nd & 3rd readings/ suspension",27,0,0,2,29
2085109,1617948,2026-01-27,Senate,"Senate Comm - Favorable Recommendation",6,0,0,2,8
2085109,1618634,2026-01-27,Senate,"Senate Comm - Substitute Recommendation",6,0,0,2,8
2085138,1617319,2026-01-26,Senate,"Senate Comm - Amendment Recommendation",4,0,0,3,7
2085138,1617320,2026-01-26,Senate,"Senate Comm - Favorable Recommendation",6,0,0,1,7
2085189,1617648,2026-01-27,House,"House Comm - Substitute Recommendation",11,0,0,4,15
2085189,1617649,2026-01-27,House,"House Comm - Favorable Recommendation",12,0,0,3,15
2085736,1616428,2026-01-22,Senate,"Senate Comm - Favorable Recommendation",7,0,0,2,9
2085747,1617175,2026-01-26,Senate,"Senate Comm - Favorable Recommendation",5,0,0,2,7
2085770,1616834,2026-01-23,Senate,"Senate Comm - Substitute Recommendation",6,0,0,1,7
2085770,1616835,2026-01-23,Senate,"Senate Comm - Favorable Recommendation",6,0,0,1,7
2085781,1616806,2026-01-23,Senate,"Senate Comm - Favorable Recommendation",6,0,0,1,7
2085804,1618201,2026-01-28,House,"House/ passed 3rd reading",71,0,0,4,75
2085804,1619281,2026-01-29,Senate,"Senate/ passed 2nd & 3rd readings/ suspension",28,0,0,1,29
2085825,1617065,2026-01-26,Senate,"Senate Comm - Favorable Recommendation",4,0,0,3,7
2085881,1619794,2026-01-29,House,"House Comm - Held",11,0,0,0,11
2085893,1616810,2026-01-23,Senate,"Senate Comm - Favorable Recommendation",4,2,0,1,7
2085904,1618026,2026-01-27,Senate,"Senate Comm - Favorable Recommendation",5,0,0,4,9
2085935,1618432,2026-01-28,House,"House Comm - Held",7,0,0,1,8
2085971,1617538,2026-01-27,House,"House Comm - Substitute Recommendation",8,0,0,2,10
2085971,1617539,2026-01-27,House,"House Comm - Favorable Recommendation",8,0,0,2,10
2085990,1618580,2026-01-28,Senate,"Senate Comm - Favorable Recommendation",5,0,0,2,7
2086048,1619773,2026-01-29,House,"House Comm - Amendment Recommendation",8,0,0,4,12
2086048,1619774,2026-01-29,House,"House Comm - Favorable Recommendation",8,0,0,4,12
2086084,1618956,2026-01-28,Senate,"Senate Comm - Favorable Recommendation",6,0,0,1,7
2086824,1617213,2026-01-26,Senate,"Senate Comm - Favorable Recommendation",5,2,0,0,7
2087091,1618493,2026-01-28,House,"House Comm - Amendment Recommendation",9,0,0,5,14
2087091,1618494,2026-01-28,House,"House Comm - Favorable Recommendation",9,0,0,5,14
2087136,1617070,2026-01-26,Senate,"Senate Comm - Amendment Recommendation",3,0,0,4,7
2087136,1617071,2026-01-26,Senate,"Senate Comm - Favorable Recommendation",3,0,0,4,7
2087184,1618618,2026-01-28,Senate,"Senate Comm - Favorable Recommendation",2,1,0,3,6
2087205,1618885,2026-01-28,Senate,"Senate Comm - Favorable Recommendation",4,0,0,3,7
2087248,1619554,2026-01-29,House,"House Comm - Favorable Recommendation",10,0,0,1,11
2087273,1619756,2026-01-29,Senate,"Senate Comm - Favorable Recommendation",5,0,0,2,7
2087318,1618624,2026-01-27,House,"House Comm - Favorable Recommendation",12,0,0,3,15
2087341,1619172,2026-01-28,Senate,"Senate Comm - Favorable Recommendation",5,0,0,2,7
2087362,1617075,2026-01-26,Senate,"Senate Comm - Favorable Recommendation",5,0,0,2,7
2087383,1618914,2026-01-28,House,"House Comm - Favorable Recommendation",10,0,0,4,14
2087428,1620174,2026-01-30,House,"House Comm - Amendment Recommendation",14,0,0,1,15
2087428,1620175,2026-01-30,House,"House Comm - Favorable Recommendation",12,2,0,1,15
2088217,1617935,2026-01-27,Senate,"Senate Comm - Favorable Recommendation",6,0,0,2,8
2088217,1618635,2026-01-27,Senate,"Senate Comm - Amendment Recommendation",5,0,0,3,8
2088255,1618771,2026-01-28,Senate,"Senate Comm - Favorable Recommendation",6,1,0,0,7
2088255,1619473,2026-01-28,Senate,"Senate Comm - Substitute Recommendation",7,0,0,0,7
2088656,1619354,2026-01-29,House,"House Comm - Favorable Recommendation",7,2,0,3,12
2088760,1620291,2026-01-30,House,"House Comm - Substitute Recommendation",9,0,0,1,10
2088760,1620292,2026-01-30,House,"House Comm - Favorable Recommendation",9,0,0,1,10
2088794,1619790,2026-01-29,House,"House Comm - Favorable Recommendation",12,0,0,0,12
2088827,1620294,2026-01-30,House,"House Comm - Amendment Recommendation",10,0,0,5,15
2088827,1620295,2026-01-30,House,"House Comm - Favorable Recommendation",12,0,0,3,15
2088861,1617579,2026-01-27,Senate,"Senate Comm - Favorable Recommendation",4,0,0,4,8
2090477,1620118,2026-01-30,Senate,"Senate Comm - Favorable Recommendation",9,0,0,0,9
2090518,1620088,2026-01-30,Senate,"Senate Comm - Favorable Recommendation",9,0,0,0,9
2090912,1619545,2026-01-29,Senate,"Senate Comm - Favorable Recommendation",4,1,0,2,7
2091104,1618637,2026-01-28,Senate,"Senate Comm - Favorable Recommendation",4,0,0,2,6
2091560,1620258,2026-01-30,House,"House Comm - Amendment Recommendation",14,0,0,1,15
2091560,1620259,2026-01-30,House,"House Comm - Favorable Recommendation",14,0,0,1,15
2091610,1620197,2026-01-30,House,"House Comm - Favorable Recommendation",8,0,0,2,10
2091634,1618625,2026-01-28,House,"House Comm - Favorable Recommendation",5,0,0,3,8
2091804,1619501,2026-01-29,Senate,"Senate Comm - Substitute Recommendation",4,0,0,4,8
2091804,1619502,2026-01-29,Senate,"Senate Comm - Favorable Recommendation",4,0,0,4,8
2091804,1619503,2026-01-29,Senate,"Senate Comm - Consent Calendar Recommendation",4,0,0,4,8
2091855,1619558,2026-01-29,Senate,"Senate Comm - Held",4,0,0,4,8
2091909,1620156,2026-01-30,House,"House Comm - Favorable Recommendation",11,0,0,3,14
2091909,1620157,2026-01-30,House,"House Comm - Consent Calendar Recommendation",11,0,0,3,14
2092416,1618646,2026-01-28,Senate,"Senate Comm - Favorable Recommendation",6,1,0,0,7
2092416,1618830,2026-01-28,Senate,"Senate Comm - Substitute Recommendation",7,0,0,0,7
2093392,1618636,2026-01-28,Senate,"Senate Comm - Favorable Recommendation",5,0,0,1,6
2093475,1620217,2026-01-30,Senate,"Senate Comm - Favorable Recommendation",5,0,0,3,8
2093523,1618610,2026-01-28,House,"House Comm - Held",9,0,0,3,12
2093523,1618626,2026-01-28,House,"House Comm - Substitute Recommendation",9,0,0,3,12
2093582,1620263,2026-01-30,Senate,"Senate Comm - Favorable Recommendation",5,0,0,3,8
2093633,1620233,2026-01-30,Senate,"Senate Comm - Substitute Recommendation",4,0,0,3,7
2093633,1620234,2026-01-30,Senate,"Senate Comm - Favorable Recommendation",4,1,0,2,7
2093772,1619746,2026-01-29,Senate,"Senate Comm - Favorable Recommendation",5,0,0,3,8
2094394,1618627,2026-01-28,House,"House Comm - Favorable Recommendation",7,2,0,2,11
2095014,1620260,2026-01-30,House,"House Comm - Amendment Recommendation",13,0,0,3,16
2095014,1620261,2026-01-30,House,"House Comm - Favorable Recommendation",10,3,0,3,16
2095648,1620169,2026-01-30,Senate,"Senate Comm - Substitute Recommendation",9,0,0,0,9
2095648,1620170,2026-01-30,Senate,"Senate Comm - Favorable Recommendation",7,1,0,1,9
